Molecule,Crystal,poses,DockingScore
flavin-adenine-dinucleotide,3J5P,2,-11.631
flavin-adenine-dinucleotide,3J5P,3,-11.325
rosmarinic-acid,3J5P,4,-11.323
BMS-817378,3J5P,5,-11.126
flavin-adenine-dinucleotide,3J5P,6,-11.09
BMS-817378,3J5P,7,-10.959
ravoxertinib,3J5P,8,-10.916
BMS-817378,3J5P,9,-10.733
VER-155008,3J5P,10,-10.71
VER-155008,3J5P,11,-10.607
vancomycin,3J5P,12,-10.495
vancomycin,3J5P,13,-10.426
VER-155008,3J5P,14,-10.375
rosmarinic-acid,3J5P,15,-10.306
sobetirome,3J5P,16,-10.211
vancomycin,3J5P,17,-10.134
micafungin,3J5P,18,-10.118
micafungin,3J5P,19,-9.96
micafungin,3J5P,20,-9.905
flavin-adenine-dinucleotide,3J5P,21,-9.894
GW-6471,3J5P,22,-9.894
MGCD-265,3J5P,23,-9.855
micafungin,3J5P,24,-9.838
rosmarinic-acid,3J5P,25,-9.83
micafungin,3J5P,26,-9.814
sobetirome,3J5P,27,-9.812
micafungin,3J5P,28,-9.795
micafungin,3J5P,29,-9.745
vancomycin,3J5P,30,-9.737
rosmarinic-acid,3J5P,31,-9.695
Ro-5126766,3J5P,32,-9.636
rociletinib,3J5P,33,-9.521
FG-4592,3J5P,34,-9.492
cediranib,3J5P,35,-9.465
GW-6471,3J5P,36,-9.438
tesaglitazar,3J5P,37,-9.437
LX1031,3J5P,38,-9.399
Ro-5126766,3J5P,39,-9.371
iloperidone,3J5P,40,-9.348
KG-5,3J5P,41,-9.322
EVP4593,3J5P,42,-9.307
edaglitazone,3J5P,43,-9.298
KG-5,3J5P,44,-9.29
RP-001,3J5P,45,-9.251
AZM-475271,3J5P,46,-9.243
phenprocoumon,3J5P,47,-9.234
balaglitazone,3J5P,48,-9.205
AZD3514,3J5P,49,-9.162
NMS-873,3J5P,50,-9.131
cediranib,3J5P,51,-9.131
BML-284,3J5P,52,-9.128
tesaglitazar,3J5P,53,-9.126
talnetant,3J5P,54,-9.124
KG-5,3J5P,55,-9.11
FG-4592,3J5P,56,-9.085
bosentan,3J5P,57,-9.083
RP-001,3J5P,58,-9.07
balaglitazone,3J5P,59,-9.042
GW-6471,3J5P,60,-9.033
EVP4593,3J5P,61,-9.023
EVP4593,3J5P,62,-8.99
LX1031,3J5P,63,-8.983
GPR120-modulator-1,3J5P,64,-8.981
GW-6471,3J5P,65,-8.963
L-694247,3J5P,66,-8.946
tesaglitazar,3J5P,67,-8.939
RP-001,3J5P,68,-8.938
NMS-873,3J5P,69,-8.927
talnetant,3J5P,70,-8.92
NMS-873,3J5P,71,-8.869
cediranib,3J5P,72,-8.845
KI-8751,3J5P,73,-8.823
KG-5,3J5P,74,-8.808
cediranib,3J5P,75,-8.808
iloperidone,3J5P,76,-8.802
puromycin,3J5P,77,-8.795
tesaglitazar,3J5P,78,-8.793
capadenoson,3J5P,79,-8.786
A-839977,3J5P,80,-8.776
efatutazone,3J5P,81,-8.769
balaglitazone,3J5P,82,-8.763
canertinib,3J5P,83,-8.748
GW-583340,3J5P,84,-8.734
AMG-487-(+_-),3J5P,85,-8.73
OSI-420,3J5P,86,-8.706
tesaglitazar,3J5P,87,-8.702
NMS-873,3J5P,88,-8.697
goserelin-acetate,3J5P,89,-8.693
GW-1929,3J5P,90,-8.673
capadenoson,3J5P,91,-8.672
GPR120-modulator-1,3J5P,92,-8.623
bosentan,3J5P,93,-8.622
balaglitazone,3J5P,94,-8.607
telotristat,3J5P,95,-8.589
EVP4593,3J5P,96,-8.587
doramapimod,3J5P,97,-8.577
GW-583340,3J5P,98,-8.572
AMG-517,3J5P,99,-8.556
RP-001,3J5P,100,-8.541
AZD4547,3J5P,101,-8.539
BMS-817378,3J5P,102,-8.538
canertinib,3J5P,103,-8.528
EVP4593,3J5P,104,-8.522
vancomycin,3J5P,105,-8.517
vandetanib,3J5P,106,-8.516
salazodine,3J5P,107,-8.509
phenprocoumon,3J5P,108,-8.508
cediranib,3J5P,109,-8.492
selumetinib,3J5P,110,-8.49
FG-4592,3J5P,111,-8.487
EVP4593,3J5P,112,-8.469
efatutazone,3J5P,113,-8.454
GR125487,3J5P,114,-8.454
telotristat,3J5P,115,-8.451
RS-102221,3J5P,116,-8.45
doramapimod,3J5P,117,-8.432
PF-8380,3J5P,118,-8.412
ceftaroline-fosamil,3J5P,119,-8.392
efatutazone,3J5P,120,-8.385
GR125487,3J5P,121,-8.38
telatinib,3J5P,122,-8.373
JTE-907,3J5P,123,-8.347
BMY-45778,3J5P,124,-8.34
RP-001,3J5P,125,-8.31
PF-04457845,3J5P,126,-8.303
MGCD-265,3J5P,127,-8.293
GSK2194069,3J5P,128,-8.284
neratinib,3J5P,129,-8.268
pranlukast,3J5P,130,-8.262
warfarin,3J5P,131,-8.256
balaglitazone,3J5P,132,-8.245
GW-583340,3J5P,133,-8.245
MGCD-265,3J5P,134,-8.233
PF-8380,3J5P,135,-8.209
cediranib,3J5P,136,-8.205
GW-583340,3J5P,137,-8.198
azeliragon,3J5P,138,-8.197
AVN-944,3J5P,139,-8.197
SCH-58261,3J5P,140,-8.179
elafibranor,3J5P,141,-8.168
ceritinib,3J5P,142,-8.164
GW-6471,3J5P,143,-8.145
fostamatinib,3J5P,144,-8.118
osimertinib,3J5P,145,-8.113
NMS-873,3J5P,146,-8.111
PF-8380,3J5P,147,-8.109
pelitinib,3J5P,148,-8.108
GR125487,3J5P,149,-8.106
R406,3J5P,150,-8.106
PF-8380,3J5P,151,-8.099
prazosin,3J5P,152,-8.097
AZD4547,3J5P,153,-8.08
AST-1306,3J5P,154,-8.072
flavin-adenine-dinucleotide,3J5P,155,-8.07
FG-2216,3J5P,156,-8.035
cisapride,3J5P,157,-8.026
selumetinib,3J5P,158,-8.025
vancomycin,3J5P,159,-8.024
tezacaftor,3J5P,160,-8.024
RS-102221,3J5P,161,-8.022
APcK-110,3J5P,162,-8.021
tezacaftor,3J5P,163,-8.019
balaglitazone,3J5P,164,-8.014
PF-04620110,3J5P,165,-8.011
deltarasin,3J5P,166,-8.011
regorafenib,3J5P,167,-8.01
pelitinib,3J5P,168,-8.01
candesartan-cilextil,3J5P,169,-8.009
mosapride,3J5P,170,-8.005
prazosin,3J5P,171,-8.004
ITI214,3J5P,172,-8.003
tienilic-acid,3J5P,173,-7.996
YC-1,3J5P,174,-7.996
selumetinib,3J5P,175,-7.995
terazosin,3J5P,176,-7.991
foretinib,3J5P,177,-7.98
BMY-45778,3J5P,178,-7.978
ARV-825,3J5P,179,-7.978
ZM-323881,3J5P,180,-7.974
BMS-863233,3J5P,181,-7.968
puromycin,3J5P,182,-7.967
doramapimod,3J5P,183,-7.955
efatutazone,3J5P,184,-7.932
YC-1,3J5P,185,-7.929
L-694247,3J5P,186,-7.927
cisapride,3J5P,187,-7.923
vandetanib,3J5P,188,-7.914
MK-5108,3J5P,189,-7.911
RKI-1447,3J5P,190,-7.905
afatinib,3J5P,191,-7.905
GR125487,3J5P,192,-7.894
tesaglitazar,3J5P,193,-7.883
NMS-E973,3J5P,194,-7.883
AS-2444697,3J5P,195,-7.882
neratinib,3J5P,196,-7.875
selumetinib,3J5P,197,-7.87
terazosin,3J5P,198,-7.868
G007-LK,3J5P,199,-7.865
terazosin,3J5P,200,-7.855
PF-04620110,3J5P,201,-7.852
puromycin,3J5P,202,-7.85
ceftaroline-fosamil,3J5P,203,-7.849
elvitegravir,3J5P,204,-7.845
tezacaftor,3J5P,205,-7.837
regorafenib,3J5P,206,-7.831
H2L-5765834,3J5P,207,-7.828
AMG-517,3J5P,208,-7.822
vancomycin,3J5P,209,-7.818
CYM-5442,3J5P,210,-7.811
capadenoson,3J5P,211,-7.801
puromycin,3J5P,212,-7.796
GSK2194069,3J5P,213,-7.789
telatinib,3J5P,214,-7.778
eluxadoline,3J5P,215,-7.778
RP-001,3J5P,216,-7.778
eluxadoline,3J5P,217,-7.777
flavin-adenine-dinucleotide,3J5P,218,-7.774
warfarin,3J5P,219,-7.768
tezacaftor,3J5P,220,-7.761
PF-8380,3J5P,221,-7.758
apixaban,3J5P,222,-7.757
LX1031,3J5P,223,-7.756
KT-433,3J5P,224,-7.748
posaconazole,3J5P,225,-7.743
mosapride,3J5P,226,-7.743
GR-127935,3J5P,227,-7.742
cisapride,3J5P,228,-7.74
GSK461364,3J5P,229,-7.739
GW-583340,3J5P,230,-7.737
vandetanib,3J5P,231,-7.719
fostamatinib,3J5P,232,-7.718
puromycin,3J5P,233,-7.717
CYM-5442,3J5P,234,-7.716
CYM-5442,3J5P,235,-7.707
GSK2194069,3J5P,236,-7.704
KT-433,3J5P,237,-7.703
edaglitazone,3J5P,238,-7.698
terazosin,3J5P,239,-7.694
SB-590885,3J5P,240,-7.693
YC-1,3J5P,241,-7.68
lafutidine,3J5P,242,-7.68
ZK-93423,3J5P,243,-7.68
sobetirome,3J5P,244,-7.674
itraconazole,3J5P,245,-7.652
trovafloxacin,3J5P,246,-7.65
FG-2216,3J5P,247,-7.649
capadenoson,3J5P,248,-7.647
CUDC-907,3J5P,249,-7.643
GPR120-modulator-1,3J5P,250,-7.643
tivozanib,3J5P,251,-7.642
TGR-1202,3J5P,252,-7.642
posaconazole,3J5P,253,-7.637
RP-001,3J5P,254,-7.637
deltarasin,3J5P,255,-7.625
barasertib,3J5P,256,-7.62
ZM-241385,3J5P,257,-7.616
pranlukast,3J5P,258,-7.614
edaglitazone,3J5P,259,-7.613
GW-6471,3J5P,260,-7.613
bosentan,3J5P,261,-7.608
LY2801653,3J5P,262,-7.607
selumetinib,3J5P,263,-7.605
SC-51089,3J5P,264,-7.604
R406,3J5P,265,-7.596
TG-100572,3J5P,266,-7.592
mosapride,3J5P,267,-7.589
ZM-241385,3J5P,268,-7.588
ZM-241385,3J5P,269,-7.585
edaglitazone,3J5P,270,-7.583
tesaglitazar,3J5P,271,-7.577
ZM-241385,3J5P,272,-7.576
APD668,3J5P,273,-7.572
posaconazole,3J5P,274,-7.569
AMG-517,3J5P,275,-7.568
terazosin,3J5P,276,-7.566
KT-433,3J5P,277,-7.564
CUDC-907,3J5P,278,-7.564
CEP-32496,3J5P,279,-7.563
posaconazole,3J5P,280,-7.558
crizotinib-(S),3J5P,281,-7.557
apixaban,3J5P,282,-7.555
puromycin,3J5P,283,-7.553
metatinib,3J5P,284,-7.549
crizotinib-(S),3J5P,285,-7.544
mosapride,3J5P,286,-7.541
KT-433,3J5P,287,-7.54
tezacaftor,3J5P,288,-7.539
DCC-2618,3J5P,289,-7.539
ABT-751,3J5P,290,-7.529
CNX-774,3J5P,291,-7.529
capadenoson,3J5P,292,-7.528
BMS-863233,3J5P,293,-7.527
GNF-5,3J5P,294,-7.523
MGCD-265,3J5P,295,-7.517
D-4476,3J5P,296,-7.512
dacomitinib,3J5P,297,-7.511
doramapimod,3J5P,298,-7.507
ZM-241385,3J5P,299,-7.506
RAF265,3J5P,300,-7.501
CYM-50260,3J5P,301,-7.5
TC-N-1752,3J5P,302,-7.495
GSK-2837808A,3J5P,303,-7.493
neratinib,3J5P,304,-7.49
tezacaftor,3J5P,305,-7.489
loxapine,3J5P,306,-7.484
capadenoson,3J5P,307,-7.483
mosapride,3J5P,308,-7.475
terazosin,3J5P,309,-7.475
GSK1292263,3J5P,310,-7.47
L-694247,3J5P,311,-7.468
triclabendazole,3J5P,312,-7.464
neratinib,3J5P,313,-7.462
terazosin,3J5P,314,-7.456
PF-04457845,3J5P,315,-7.456
tezacaftor,3J5P,316,-7.449
A-887826,3J5P,317,-7.449
amuvatinib,3J5P,318,-7.446
anlotinib,3J5P,319,-7.442
HKI-357,3J5P,320,-7.442
SKI-II,3J5P,321,-7.441
KRN-633,3J5P,322,-7.434
RKI-1447,3J5P,323,-7.432
SB-431542,3J5P,324,-7.432
XL-647,3J5P,325,-7.427
HA-14-1,3J5P,326,-7.423
PD-153035,3J5P,327,-7.419
BMS-806,3J5P,328,-7.417
KT-433,3J5P,329,-7.416
vipadenant,3J5P,330,-7.413
LX1031,3J5P,331,-7.408
flavin-adenine-dinucleotide,3J5P,332,-7.405
saracatinib,3J5P,333,-7.401
GSK-2837808A,3J5P,334,-7.399
puromycin,3J5P,335,-7.399
PF-04620110,3J5P,336,-7.399
SKI-II,3J5P,337,-7.379
AZD3463,3J5P,338,-7.377
anlotinib,3J5P,339,-7.375
nefazodone,3J5P,340,-7.375
CYM-5442,3J5P,341,-7.371
preladenant,3J5P,342,-7.371
foretinib,3J5P,343,-7.37
sulfasalazine,3J5P,344,-7.365
GNF-5837,3J5P,345,-7.358
edaglitazone,3J5P,346,-7.357
BMS-599626,3J5P,347,-7.355
TC-S-7005,3J5P,348,-7.355
fenofibric-acid,3J5P,349,-7.354
ceftaroline-fosamil,3J5P,350,-7.351
amoxapine,3J5P,351,-7.346
KRN-633,3J5P,352,-7.342
metatinib,3J5P,353,-7.341
APcK-110,3J5P,354,-7.34
golvatinib,3J5P,355,-7.34
EVP4593,3J5P,356,-7.326
ZM-241385,3J5P,357,-7.319
Rec-15_2615,3J5P,358,-7.306
BMS-599626,3J5P,359,-7.302
bosentan,3J5P,360,-7.301
tezacaftor,3J5P,361,-7.3
terazosin,3J5P,362,-7.298
CYM-5442,3J5P,363,-7.297
edaglitazone,3J5P,364,-7.29
CYM-5442,3J5P,365,-7.284
TGR-1202,3J5P,366,-7.284
SC-51089,3J5P,367,-7.275
metatinib,3J5P,368,-7.273
preladenant,3J5P,369,-7.269
GSK1838705A,3J5P,370,-7.267
GSK1292263,3J5P,371,-7.266
MK-8245,3J5P,372,-7.26
terazosin,3J5P,373,-7.258
BI-D1870,3J5P,374,-7.257
doxazosin,3J5P,375,-7.256
APD597,3J5P,376,-7.255
TCS-3035,3J5P,377,-7.255
RS-100329,3J5P,378,-7.248
A-674563,3J5P,379,-7.247
nefazodone,3J5P,380,-7.247
DMH4,3J5P,381,-7.246
APD668,3J5P,382,-7.244
RS-102221,3J5P,383,-7.243
ITI214,3J5P,384,-7.242
TGR-1202,3J5P,385,-7.241
SC-51089,3J5P,386,-7.239
FG-2216,3J5P,387,-7.234
GW-1100,3J5P,388,-7.232
GSK2194069,3J5P,389,-7.231
tezacaftor,3J5P,390,-7.23
AZ-12080282,3J5P,391,-7.228
puromycin,3J5P,392,-7.228
pranlukast,3J5P,393,-7.227
R406,3J5P,394,-7.222
NMS-1286937,3J5P,395,-7.222
vilazodone,3J5P,396,-7.221
MBX-2982,3J5P,397,-7.221
PF-04457845,3J5P,398,-7.219
deltarasin,3J5P,399,-7.214
terazosin,3J5P,400,-7.212
deltarasin,3J5P,401,-7.212
ceftaroline-fosamil,3J5P,402,-7.211
GSK1292263,3J5P,403,-7.21
TG-100572,3J5P,404,-7.198
TC-F-2,3J5P,405,-7.197
AZ-12080282,3J5P,406,-7.194
capadenoson,3J5P,407,-7.19
AVN-944,3J5P,408,-7.184
puromycin,3J5P,409,-7.18
vancomycin,3J5P,410,-7.172
PF-04620110,3J5P,411,-7.169
purmorphamine,3J5P,412,-7.164
CYM-5442,3J5P,413,-7.16
TAK-285,3J5P,414,-7.157
CYM-5442,3J5P,415,-7.152
stemregenin-1,3J5P,416,-7.149
CEP-32496,3J5P,417,-7.148
PF-8380,3J5P,418,-7.145
efatutazone,3J5P,419,-7.144
talnetant,3J5P,420,-7.141
fenofibrate,3J5P,421,-7.14
SB-216641,3J5P,422,-7.133
deltarasin,3J5P,423,-7.126
GW-583340,3J5P,424,-7.121
CYM-5442,3J5P,425,-7.114
LY2801653,3J5P,426,-7.113
AMG-517,3J5P,427,-7.107
LY2801653,3J5P,428,-7.101
Rec-15_2615,3J5P,429,-7.101
GSK-2837808A,3J5P,430,-7.097
A-674563,3J5P,431,-7.092
preladenant,3J5P,432,-7.089
TC-F-2,3J5P,433,-7.086
EVP4593,3J5P,434,-7.084
KI-8751,3J5P,435,-7.076
TCS-3035,3J5P,436,-7.074
itraconazole,3J5P,437,-7.07
puromycin,3J5P,438,-7.069
bosentan,3J5P,439,-7.069
LX1031,3J5P,440,-7.068
rociletinib,3J5P,441,-7.066
TAK-593,3J5P,442,-7.065
Rec-15_2615,3J5P,443,-7.063
BMS-599626,3J5P,444,-7.057
BMS-536924,3J5P,445,-7.055
AZD4547,3J5P,446,-7.054
JTE-907,3J5P,447,-7.054
SB-216641,3J5P,448,-7.054
GSK1292263,3J5P,449,-7.052
BML-190,3J5P,450,-7.047
ARQ-621,3J5P,451,-7.047
preladenant,3J5P,452,-7.047
TAK-285,3J5P,453,-7.042
A-674563,3J5P,454,-7.041
SB-216641,3J5P,455,-7.038
APD668,3J5P,456,-7.038
BI-D1870,3J5P,457,-7.026
tezacaftor,3J5P,458,-7.026
stemregenin-1,3J5P,459,-7.023
DMH4,3J5P,460,-7.021
WZ4003,3J5P,461,-7.021
KRN-633,3J5P,462,-7.017
GSK1292263,3J5P,463,-7.014
GSK1292263,3J5P,464,-7.014
BI-D1870,3J5P,465,-7.01
stemregenin-1,3J5P,466,-7.008
PH-797804,3J5P,467,-7.007
CX-4945,3J5P,468,-7.006
edaglitazone,3J5P,469,-7
BMS-536924,3J5P,470,-6.994
CNX-774,3J5P,471,-6.991
EED226,3J5P,472,-6.99
azasetron,3J5P,473,-6.988
TG-101348,3J5P,474,-6.987
GSK1292263,3J5P,475,-6.986
riodipine,3J5P,476,-6.984
ceritinib,3J5P,477,-6.974
TAK-285,3J5P,478,-6.974
ML167,3J5P,479,-6.973
GR-127935,3J5P,480,-6.971
BMS-265246,3J5P,481,-6.97
SB-202190,3J5P,482,-6.968
DMH1,3J5P,483,-6.967
vancomycin,3J5P,484,-6.966
eluxadoline,3J5P,485,-6.962
toltrazuril,3J5P,486,-6.961
KU-60019,3J5P,487,-6.961
deltarasin,3J5P,488,-6.959
coumarin,3J5P,489,-6.952
purmorphamine,3J5P,490,-6.95
SB-216641,3J5P,491,-6.944
ZM-306416,3J5P,492,-6.943
AVN-944,3J5P,493,-6.941
BMS-265246,3J5P,494,-6.941
GNF-5837,3J5P,495,-6.937
SGI-1776,3J5P,496,-6.933
mibefradil,3J5P,497,-6.933
telotristat,3J5P,498,-6.929
SGI-1776,3J5P,499,-6.926
CUDC-101,3J5P,500,-6.92
ceritinib,3J5P,501,-6.919
CITCO,3J5P,502,-6.919
AI-10-49,3J5P,503,-6.918
AZD3463,3J5P,504,-6.912
XL-647,3J5P,505,-6.911
SB-216641,3J5P,506,-6.911
NDT-9513727,3J5P,507,-6.909
fenofibric-acid,3J5P,508,-6.907
CYM-5442,3J5P,509,-6.904
doxazosin,3J5P,510,-6.901
GSK1292263,3J5P,511,-6.899
proxodolol,3J5P,512,-6.897
AZ-12080282,3J5P,513,-6.897
CX-4945,3J5P,514,-6.896
ML167,3J5P,515,-6.895
BMS-265246,3J5P,516,-6.886
ARQ-621,3J5P,517,-6.886
anlotinib,3J5P,518,-6.886
BTS-72664,3J5P,519,-6.885
ML167,3J5P,520,-6.877
edaglitazone,3J5P,521,-6.876
pranlukast,3J5P,522,-6.873
A-839977,3J5P,523,-6.872
SB-202190,3J5P,524,-6.869
TG-101348,3J5P,525,-6.86
JNJ-42041935,3J5P,526,-6.86
pelitinib,3J5P,527,-6.858
flavin-adenine-dinucleotide,3J5P,528,-6.857
A-674563,3J5P,529,-6.857
PCI-29732,3J5P,530,-6.856
CYM-5442,3J5P,531,-6.854
simeprevir,3J5P,532,-6.853
ONO-4059,3J5P,533,-6.853
RP-001,3J5P,534,-6.852
toltrazuril,3J5P,535,-6.849
riodipine,3J5P,536,-6.845
barasertib-HQPA,3J5P,537,-6.843
WZ4003,3J5P,538,-6.841
GR125487,3J5P,539,-6.831
EED226,3J5P,540,-6.83
AST-1306,3J5P,541,-6.824
merimepodib,3J5P,542,-6.82
itraconazole,3J5P,543,-6.815
edaglitazone,3J5P,544,-6.813
GW-1929,3J5P,545,-6.813
AMG-517,3J5P,546,-6.812
VX-11e,3J5P,547,-6.804
ML167,3J5P,548,-6.804
LY2784544,3J5P,549,-6.8
D-4476,3J5P,550,-6.8
OSI-420,3J5P,551,-6.794
BMS-536924,3J5P,552,-6.794
A-939572,3J5P,553,-6.792
lemborexant,3J5P,554,-6.788
WZ-3146,3J5P,555,-6.788
edaglitazone,3J5P,556,-6.787
SC-51089,3J5P,557,-6.783
toltrazuril,3J5P,558,-6.782
SGI-1776,3J5P,559,-6.782
elinogrel,3J5P,560,-6.781
avanafil,3J5P,561,-6.778
KD025,3J5P,562,-6.778
JNJ-42041935,3J5P,563,-6.777
gilteritinib,3J5P,564,-6.777
BTS-72664,3J5P,565,-6.777
LY266097,3J5P,566,-6.777
MK-5108,3J5P,567,-6.757
BI-D1870,3J5P,568,-6.757
itraconazole,3J5P,569,-6.755
A-839977,3J5P,570,-6.755
edaglitazone,3J5P,571,-6.75
CYM-5442,3J5P,572,-6.75
garenoxacin,3J5P,573,-6.749
BMS-817378,3J5P,574,-6.746
NMS-E973,3J5P,575,-6.744
betrixaban,3J5P,576,-6.741
BI-D1870,3J5P,577,-6.735
mosapride,3J5P,578,-6.734
AZD3514,3J5P,579,-6.73
BAY-87-2243,3J5P,580,-6.73
gilteritinib,3J5P,581,-6.724
SB-216641,3J5P,582,-6.721
BI-D1870,3J5P,583,-6.719
GR-127935,3J5P,584,-6.717
GPR120-modulator-1,3J5P,585,-6.717
itraconazole,3J5P,586,-6.716
AVN-944,3J5P,587,-6.71
avanafil,3J5P,588,-6.708
BTS-72664,3J5P,589,-6.706
AS-2444697,3J5P,590,-6.703
PF-3274167,3J5P,591,-6.697
VER-49009,3J5P,592,-6.696
APD668,3J5P,593,-6.689
regorafenib,3J5P,594,-6.685
ML167,3J5P,595,-6.685
cisapride,3J5P,596,-6.683
nefazodone,3J5P,597,-6.681
BMS-265246,3J5P,598,-6.68
elagolix,3J5P,599,-6.677
RKI-1447,3J5P,600,-6.663
gilteritinib,3J5P,601,-6.662
afatinib,3J5P,602,-6.655
sulfasalazine,3J5P,603,-6.649
PF-3274167,3J5P,604,-6.647
monastrol,3J5P,605,-6.645
AZ-12080282,3J5P,606,-6.64
GR-127935,3J5P,607,-6.635
metazosin,3J5P,608,-6.63
YIL-781,3J5P,609,-6.63
GSK1292263,3J5P,610,-6.628
elvitegravir,3J5P,611,-6.628
AS-2444697,3J5P,612,-6.626
CID-16020046,3J5P,613,-6.619
GNF-5837,3J5P,614,-6.618
LY2801653,3J5P,615,-6.618
metazosin,3J5P,616,-6.617
KU-60019,3J5P,617,-6.615
RKI-1447,3J5P,618,-6.614
NIDA-41020,3J5P,619,-6.611
BI-D1870,3J5P,620,-6.611
azasetron,3J5P,621,-6.605
ARQ-621,3J5P,622,-6.602
GSK2190915,3J5P,623,-6.601
barasertib,3J5P,624,-6.6
GR125487,3J5P,625,-6.598
AI-10-49,3J5P,626,-6.593
SB-334867,3J5P,627,-6.592
KG-5,3J5P,628,-6.592
CUDC-101,3J5P,629,-6.592
AVN-944,3J5P,630,-6.589
foretinib,3J5P,631,-6.588
BML-190,3J5P,632,-6.586
BI-D1870,3J5P,633,-6.586
neratinib,3J5P,634,-6.582
CID-16020046,3J5P,635,-6.581
BMS-599626,3J5P,636,-6.577
pelitinib,3J5P,637,-6.577
afatinib,3J5P,638,-6.563
BMS-927711,3J5P,639,-6.56
SGC-CBP30,3J5P,640,-6.558
CYM-5442,3J5P,641,-6.557
regorafenib,3J5P,642,-6.557
SKI-II,3J5P,643,-6.557
telotristat,3J5P,644,-6.557
barasertib,3J5P,645,-6.553
crizotinib,3J5P,646,-6.552
PF-3274167,3J5P,647,-6.549
A-939572,3J5P,648,-6.548
LY2801653,3J5P,649,-6.547
pexmetinib,3J5P,650,-6.544
ZM-241385,3J5P,651,-6.54
HA14-1,3J5P,652,-6.538
oxiperomide,3J5P,653,-6.538
deltarasin,3J5P,654,-6.535
vancomycin,3J5P,655,-6.531
LY2784544,3J5P,656,-6.528
barasertib,3J5P,657,-6.528
efatutazone,3J5P,658,-6.528
AVN-944,3J5P,659,-6.527
avatrombopag,3J5P,660,-6.525
amtolmetin-guacil,3J5P,661,-6.523
erlotinib,3J5P,662,-6.521
WZ4003,3J5P,663,-6.52
JTE-907,3J5P,664,-6.519
GDC-0994,3J5P,665,-6.516
SPP301,3J5P,666,-6.515
AZD9272,3J5P,667,-6.51
WHI-P154,3J5P,668,-6.505
ARQ-621,3J5P,669,-6.503
AZD4547,3J5P,670,-6.501
metazosin,3J5P,671,-6.5
gefitinib,3J5P,672,-6.5
selumetinib,3J5P,673,-6.499
RP-001,3J5P,674,-6.497
candesartan-cilextil,3J5P,675,-6.493
neurodazine,3J5P,676,-6.493
AVN-944,3J5P,677,-6.492
BMS-806,3J5P,678,-6.492
bosentan,3J5P,679,-6.491
metazosin,3J5P,680,-6.484
JNJ-42165279,3J5P,681,-6.483
CYM-5442,3J5P,682,-6.482
toltrazuril,3J5P,683,-6.482
SCH-28080,3J5P,684,-6.472
furaltadone,3J5P,685,-6.472
KD025,3J5P,686,-6.47
idelalisib,3J5P,687,-6.47
BMS-599626,3J5P,688,-6.469
ceritinib,3J5P,689,-6.463
NMS-E973,3J5P,690,-6.463
CUDC-101,3J5P,691,-6.461
donitriptan,3J5P,692,-6.459
nefazodone,3J5P,693,-6.453
AI-10-49,3J5P,694,-6.451
NVP-HSP990,3J5P,695,-6.451
barasertib,3J5P,696,-6.441
SC-51089,3J5P,697,-6.439
pranlukast,3J5P,698,-6.436
CCG-63802,3J5P,699,-6.435
TC-F-2,3J5P,700,-6.434
piboserod,3J5P,701,-6.434
TWS-119,3J5P,702,-6.433
ZK811752,3J5P,703,-6.432
TWS-119,3J5P,704,-6.428
itraconazole,3J5P,705,-6.426
brexpiprazole,3J5P,706,-6.425
MK-1775,3J5P,707,-6.423
neurodazine,3J5P,708,-6.421
I-BET-762,3J5P,709,-6.42
sulfasalazine,3J5P,710,-6.416
AZD4547,3J5P,711,-6.41
KD025,3J5P,712,-6.401
RS-100329,3J5P,713,-6.401
GW-6471,3J5P,714,-6.4
AI-10-49,3J5P,715,-6.398
tariquidar,3J5P,716,-6.396
toltrazuril,3J5P,717,-6.386
MGCD-265,3J5P,718,-6.385
avanafil,3J5P,719,-6.381
alisertib,3J5P,720,-6.381
icotinib,3J5P,721,-6.379
CP-724714,3J5P,722,-6.375
amodiaquine,3J5P,723,-6.375
NK-252,3J5P,724,-6.373
BML-190,3J5P,725,-6.373
brivanib-alaninate,3J5P,726,-6.37
GDC-0994,3J5P,727,-6.369
OSI-420,3J5P,728,-6.369
tucatinib,3J5P,729,-6.369
RP-001,3J5P,730,-6.365
taranabant,3J5P,731,-6.361
ceritinib,3J5P,732,-6.36
AVN-944,3J5P,733,-6.358
taselisib,3J5P,734,-6.358
LDC1267,3J5P,735,-6.353
deltarasin,3J5P,736,-6.352
MBX-2982,3J5P,737,-6.345
VX-11e,3J5P,738,-6.344
AZD3463,3J5P,739,-6.343
EMD-1214063,3J5P,740,-6.343
metazosin,3J5P,741,-6.342
MRS-1220,3J5P,742,-6.342
sofosbuvir,3J5P,743,-6.341
PSI-7976,3J5P,744,-6.341
posaconazole,3J5P,745,-6.336
SC-51089,3J5P,746,-6.334
RAF265,3J5P,747,-6.331
LY266097,3J5P,748,-6.33
pexmetinib,3J5P,749,-6.329
metazosin,3J5P,750,-6.328
SKI-II,3J5P,751,-6.325
brivanib-alaninate,3J5P,752,-6.325
AZD3463,3J5P,753,-6.32
balaglitazone,3J5P,754,-6.317
neurodazine,3J5P,755,-6.316
LY266097,3J5P,756,-6.316
proglumetacin,3J5P,757,-6.313
MK-1775,3J5P,758,-6.312
PPY-A,3J5P,759,-6.311
SB-505124,3J5P,760,-6.311
GSK923295,3J5P,761,-6.31
ZM-306416,3J5P,762,-6.309
nefazodone,3J5P,763,-6.309
BMS-265246,3J5P,764,-6.307
erlotinib,3J5P,765,-6.307
metazosin,3J5P,766,-6.305
elvitegravir,3J5P,767,-6.305
A-674563,3J5P,768,-6.305
CTEP,3J5P,769,-6.304
LY266097,3J5P,770,-6.303
NMS-E973,3J5P,771,-6.303
GTP-14564,3J5P,772,-6.301
DCC-2618,3J5P,773,-6.3
cediranib,3J5P,774,-6.3
PD-153035,3J5P,775,-6.296
amodiaquine,3J5P,776,-6.293
riodipine,3J5P,777,-6.288
GSK923295,3J5P,778,-6.287
brivanib-alaninate,3J5P,779,-6.287
LY225910,3J5P,780,-6.286
ARQ-621,3J5P,781,-6.286
BMS-265246,3J5P,782,-6.285
amodiaquine,3J5P,783,-6.285
metazosin,3J5P,784,-6.281
pexmetinib,3J5P,785,-6.275
barasertib-HQPA,3J5P,786,-6.274
trametinib,3J5P,787,-6.274
AZ3146,3J5P,788,-6.271
doxazosin,3J5P,789,-6.27
I-BET-762,3J5P,790,-6.264
itraconazole,3J5P,791,-6.263
4E1RCat,3J5P,792,-6.26
ceftaroline-fosamil,3J5P,793,-6.257
AZD9272,3J5P,794,-6.254
balaglitazone,3J5P,795,-6.252
itraconazole,3J5P,796,-6.248
ketoconazole,3J5P,797,-6.248
WHI-P154,3J5P,798,-6.248
taselisib,3J5P,799,-6.248
SKI-II,3J5P,800,-6.247
NKY-80,3J5P,801,-6.243
SCH-28080,3J5P,802,-6.241
SCH-28080,3J5P,803,-6.24
gilteritinib,3J5P,804,-6.238
zolantidine,3J5P,805,-6.238
CUDC-101,3J5P,806,-6.238
tariquidar,3J5P,807,-6.237
GDC-0994,3J5P,808,-6.231
BMS-265246,3J5P,809,-6.23
JNJ-42041935,3J5P,810,-6.229
pirenoxine,3J5P,811,-6.229
GSK923295,3J5P,812,-6.227
RKI-1447,3J5P,813,-6.226
gilteritinib,3J5P,814,-6.222
riodipine,3J5P,815,-6.217
grazoprevir,3J5P,816,-6.213
GDC-0994,3J5P,817,-6.213
BMS-817378,3J5P,818,-6.213
hemoglobin-modulators-1,3J5P,819,-6.212
SKI-II,3J5P,820,-6.21
JNJ-42165279,3J5P,821,-6.21
metazosin,3J5P,822,-6.208
A-674563,3J5P,823,-6.206
osimertinib,3J5P,824,-6.206
edaglitazone,3J5P,825,-6.206
ravoxertinib,3J5P,826,-6.202
doxazosin,3J5P,827,-6.198
TG-100572,3J5P,828,-6.196
fostamatinib,3J5P,829,-6.195
MK-1775,3J5P,830,-6.194
amodiaquine,3J5P,831,-6.193
ARQ-621,3J5P,832,-6.191
sobetirome,3J5P,833,-6.19
VU-0422288,3J5P,834,-6.185
TWS-119,3J5P,835,-6.183
gabazine,3J5P,836,-6.183
KU-60019,3J5P,837,-6.182
proxodolol,3J5P,838,-6.181
GSK1292263,3J5P,839,-6.177
elagolix,3J5P,840,-6.176
pirodavir,3J5P,841,-6.175
tariquidar,3J5P,842,-6.174
MK-1775,3J5P,843,-6.171
itraconazole,3J5P,844,-6.17
BMS-265246,3J5P,845,-6.168
amodiaquine,3J5P,846,-6.168
Rec-15_2615,3J5P,847,-6.164
eluxadoline,3J5P,848,-6.161
prulifloxacin,3J5P,849,-6.155
ML347,3J5P,850,-6.155
JTE-907,3J5P,851,-6.154
GSK923295,3J5P,852,-6.153
TGR-1202,3J5P,853,-6.151
mepacrine,3J5P,854,-6.151
riodipine,3J5P,855,-6.147
flavin-adenine-dinucleotide,3J5P,856,-6.143
pyronaridine,3J5P,857,-6.141
altiratinib,3J5P,858,-6.139
VX-11e,3J5P,859,-6.139
CYM-5442,3J5P,860,-6.138
ZM-306416,3J5P,861,-6.136
GSK923295,3J5P,862,-6.134
JTE-907,3J5P,863,-6.128
merimepodib,3J5P,864,-6.127
ketoconazole,3J5P,865,-6.127
PF-04691502,3J5P,866,-6.126
barasertib,3J5P,867,-6.125
SB-431542,3J5P,868,-6.123
LY2784544,3J5P,869,-6.121
HA14-1,3J5P,870,-6.121
avanafil,3J5P,871,-6.12
ravoxertinib,3J5P,872,-6.12
DMH4,3J5P,873,-6.12
itraconazole,3J5P,874,-6.118
sobetirome,3J5P,875,-6.112
uprosertib,3J5P,876,-6.111
I-BET-762,3J5P,877,-6.109
avanafil,3J5P,878,-6.108
NK-252,3J5P,879,-6.107
tariquidar,3J5P,880,-6.106
HA-14-1,3J5P,881,-6.105
itraconazole,3J5P,882,-6.104
alisertib,3J5P,883,-6.103
tozadenant,3J5P,884,-6.101
barasertib-HQPA,3J5P,885,-6.1
WZ-4002,3J5P,886,-6.1
posaconazole,3J5P,887,-6.1
cisapride,3J5P,888,-6.098
A-674563,3J5P,889,-6.091
AMG458,3J5P,890,-6.089
AVN-944,3J5P,891,-6.083
proxodolol,3J5P,892,-6.083
SGC-CBP30,3J5P,893,-6.083
DCC-2618,3J5P,894,-6.082
BAY-87-2243,3J5P,895,-6.081
CEP-32496,3J5P,896,-6.08
flucloxacillin,3J5P,897,-6.078
barasertib,3J5P,898,-6.076
SPP301,3J5P,899,-6.075
capadenoson,3J5P,900,-6.071
3-MPPI,3J5P,901,-6.07
CCT137690,3J5P,902,-6.069
nefazodone,3J5P,903,-6.067
BML-190,3J5P,904,-6.066
raltegravir,3J5P,905,-6.066
sofosbuvir,3J5P,906,-6.066
erlotinib,3J5P,907,-6.059
ARV-825,3J5P,908,-6.054
ARQ-621,3J5P,909,-6.054
ravoxertinib,3J5P,910,-6.052
JTE-907,3J5P,911,-6.051
A-939572,3J5P,912,-6.051
furaltadone,3J5P,913,-6.05
GDC-0994,3J5P,914,-6.049
VX-11e,3J5P,915,-6.049
GSK923295,3J5P,916,-6.045
gefitinib,3J5P,917,-6.043
warfarin,3J5P,918,-6.037
NMS-1286937,3J5P,919,-6.036
GSK269962,3J5P,920,-6.036
zolantidine,3J5P,921,-6.035
CEP-32496,3J5P,922,-6.035
BMS-536924,3J5P,923,-6.032
MK-8245,3J5P,924,-6.032
CNX-774,3J5P,925,-6.032
tariquidar,3J5P,926,-6.032
efatutazone,3J5P,927,-6.031
lemborexant,3J5P,928,-6.03
LY2801653,3J5P,929,-6.03
I-BET-762,3J5P,930,-6.029
volasertib,3J5P,931,-6.029
brivanib,3J5P,932,-6.027
LY225910,3J5P,933,-6.022
iloperidone,3J5P,934,-6.021
doxazosin,3J5P,935,-6.021
HA14-1,3J5P,936,-6.018
cevipabulin,3J5P,937,-6.018
itraconazole,3J5P,938,-6.018
AST-1306,3J5P,939,-6.016
AM679,3J5P,940,-6.015
fostamatinib,3J5P,941,-6.015
quizartinib,3J5P,942,-6.014
PF-3274167,3J5P,943,-6.009
doxazosin,3J5P,944,-6.005
deltarasin,3J5P,945,-6.003
taselisib,3J5P,946,-6.002
BMY-45778,3J5P,947,-6
neratinib,3J5P,948,-5.999
pirodavir,3J5P,949,-5.998
AMG-487-(+_-),3J5P,950,-5.997
MK-8245,3J5P,951,-5.997
SKI-II,3J5P,952,-5.997
PD-166285,3J5P,953,-5.996
astemizole,3J5P,954,-5.995
PF-8380,3J5P,955,-5.994
JW-74,3J5P,956,-5.993
VX-11e,3J5P,957,-5.992
entrectinib,3J5P,958,-5.99
CCG-63808,3J5P,959,-5.99
WZ-4002,3J5P,960,-5.989
proglumetacin,3J5P,961,-5.987
SB-334867,3J5P,962,-5.986
oglemilast,3J5P,963,-5.982
monastrol,3J5P,964,-5.98
cilostazol,3J5P,965,-5.979
idelalisib,3J5P,966,-5.977
altiratinib,3J5P,967,-5.977
GSK269962,3J5P,968,-5.976
edaglitazone,3J5P,969,-5.976
CP-724714,3J5P,970,-5.974
SJ-172550,3J5P,971,-5.973
deltarasin,3J5P,972,-5.967
raltegravir,3J5P,973,-5.958
altiratinib,3J5P,974,-5.958
crizotinib,3J5P,975,-5.956
CTEP,3J5P,976,-5.956
PF-8380,3J5P,977,-5.955
CYM-50260,3J5P,978,-5.95
lenvatinib,3J5P,979,-5.949
canertinib,3J5P,980,-5.948
SGI-1776,3J5P,981,-5.947
ZK811752,3J5P,982,-5.947
ARQ-621,3J5P,983,-5.945
BMY-45778,3J5P,984,-5.942
GSK923295,3J5P,985,-5.941
XL-647,3J5P,986,-5.939
canertinib,3J5P,987,-5.935
GSK923295,3J5P,988,-5.934
AZD3463,3J5P,989,-5.934
dasabuvir,3J5P,990,-5.931
CP-724714,3J5P,991,-5.931
azilsartan,3J5P,992,-5.93
tariquidar,3J5P,993,-5.93
edaglitazone,3J5P,994,-5.927
uprosertib,3J5P,995,-5.918
BTS-72664,3J5P,996,-5.918
elvitegravir,3J5P,997,-5.917
itraconazole,3J5P,998,-5.914
MGCD-265,3J5P,999,-5.911
AMG458,3J5P,1000,-5.911
gilteritinib,3J5P,1001,-5.911
APD597,3J5P,1002,-5.91
pelitinib,3J5P,1003,-5.91
crizotinib,3J5P,1004,-5.91
dasabuvir,3J5P,1005,-5.905
JK-184,3J5P,1006,-5.905
elafibranor,3J5P,1007,-5.899
ravoxertinib,3J5P,1008,-5.897
warfarin,3J5P,1009,-5.893
BLU9931,3J5P,1010,-5.893
flavin-adenine-dinucleotide,3J5P,1011,-5.891
SCH-28080,3J5P,1012,-5.891
nefazodone,3J5P,1013,-5.891
paliperidone,3J5P,1014,-5.889
GDC-0994,3J5P,1015,-5.888
spiroxatrine,3J5P,1016,-5.886
KL-001,3J5P,1017,-5.885
CP-724714,3J5P,1018,-5.884
10-hydroxycamptothecin,3J5P,1019,-5.884
LDC1267,3J5P,1020,-5.882
puromycin,3J5P,1021,-5.877
lapatinib,3J5P,1022,-5.877
astemizole,3J5P,1023,-5.877
XL-647,3J5P,1024,-5.875
neurodazine,3J5P,1025,-5.873
eact,3J5P,1026,-5.872
PI-103,3J5P,1027,-5.871
NVP-AUY922,3J5P,1028,-5.871
erlotinib,3J5P,1029,-5.869
decoquinate,3J5P,1030,-5.868
VX-11e,3J5P,1031,-5.866
tivozanib,3J5P,1032,-5.866
GSK1838705A,3J5P,1033,-5.864
TG-02,3J5P,1034,-5.862
BMS-777607,3J5P,1035,-5.859
VX-11e,3J5P,1036,-5.859
AZM-475271,3J5P,1037,-5.858
crizotinib,3J5P,1038,-5.855
MK-1775,3J5P,1039,-5.853
SCH-28080,3J5P,1040,-5.852
GR-127935,3J5P,1041,-5.848
AMG-487,3J5P,1042,-5.844
VX-11e,3J5P,1043,-5.844
VX-11e,3J5P,1044,-5.843
entrectinib,3J5P,1045,-5.841
BMS-191095,3J5P,1046,-5.841
dasabuvir,3J5P,1047,-5.841
MLN1117,3J5P,1048,-5.841
LY2801653,3J5P,1049,-5.84
dasabuvir,3J5P,1050,-5.831
SC-51089,3J5P,1051,-5.825
tucatinib,3J5P,1052,-5.824
decoquinate,3J5P,1053,-5.823
merimepodib,3J5P,1054,-5.823
paliperidone,3J5P,1055,-5.823
WHI-P154,3J5P,1056,-5.822
CUDC-907,3J5P,1057,-5.821
ARQ-621,3J5P,1058,-5.821
dasabuvir,3J5P,1059,-5.819
APcK-110,3J5P,1060,-5.819
ceftaroline-fosamil,3J5P,1061,-5.818
TAK-593,3J5P,1062,-5.817
doxazosin,3J5P,1063,-5.814
2-[1-(4-piperonyl)piperazinyl]benzothiazole,3J5P,1064,-5.809
MK-8245,3J5P,1065,-5.808
GSK269962,3J5P,1066,-5.801
brivanib,3J5P,1067,-5.801
AZD3759,3J5P,1068,-5.8
brivanib-alaninate,3J5P,1069,-5.798
JNJ-42041935,3J5P,1070,-5.796
TC-F-2,3J5P,1071,-5.792
edaglitazone,3J5P,1072,-5.789
napabucasin,3J5P,1073,-5.789
MK-8245,3J5P,1074,-5.783
AS-2444697,3J5P,1075,-5.783
decoquinate,3J5P,1076,-5.781
FG-4592,3J5P,1077,-5.78
merimepodib,3J5P,1078,-5.78
CYM-50260,3J5P,1079,-5.78
paliperidone,3J5P,1080,-5.778
iloperidone,3J5P,1081,-5.776
BMS-777607,3J5P,1082,-5.768
YIL-781,3J5P,1083,-5.768
pelitinib,3J5P,1084,-5.768
PD-166285,3J5P,1085,-5.767
quizartinib,3J5P,1086,-5.765
GDC-0994,3J5P,1087,-5.765
pacritinib,3J5P,1088,-5.764
GNF-5837,3J5P,1089,-5.763
I-BET-762,3J5P,1090,-5.758
elbasvir,3J5P,1091,-5.757
piboserod,3J5P,1092,-5.756
GSK2190915,3J5P,1093,-5.755
H2L-5765834,3J5P,1094,-5.753
TFC-007,3J5P,1095,-5.751
piribedil,3J5P,1096,-5.749
WZ-4002,3J5P,1097,-5.748
ARRY-334543,3J5P,1098,-5.744
mosapride,3J5P,1099,-5.743
elafibranor,3J5P,1100,-5.742
flavin-adenine-dinucleotide,3J5P,1101,-5.74
KL-001,3J5P,1102,-5.737
crizotinib,3J5P,1103,-5.736
PH-797804,3J5P,1104,-5.735
BMS-536924,3J5P,1105,-5.734
olmesartan-medoxomil,3J5P,1106,-5.731
azilsartan,3J5P,1107,-5.73
azasetron,3J5P,1108,-5.725
GSK1838705A,3J5P,1109,-5.722
RP-001,3J5P,1110,-5.719
pyrintegrin,3J5P,1111,-5.719
GSK923295,3J5P,1112,-5.717
NMS-1286937,3J5P,1113,-5.717
GPR120-modulator-1,3J5P,1114,-5.712
ravoxertinib,3J5P,1115,-5.712
edaglitazone,3J5P,1116,-5.708
GSK923295,3J5P,1117,-5.708
AMG-487-(+_-),3J5P,1118,-5.707
YIL-781,3J5P,1119,-5.705
Ro-5126766,3J5P,1120,-5.701
RBC8,3J5P,1121,-5.7
neratinib,3J5P,1122,-5.7
VU-0422288,3J5P,1123,-5.699
XL-647,3J5P,1124,-5.697
SGI-1776,3J5P,1125,-5.697
BLU9931,3J5P,1126,-5.696
MLN1117,3J5P,1127,-5.693
AI-10-49,3J5P,1128,-5.692
SGC-CBP30,3J5P,1129,-5.691
ABT-751,3J5P,1130,-5.689
ku-0063794,3J5P,1131,-5.689
elbasvir,3J5P,1132,-5.688
BMY-45778,3J5P,1133,-5.688
sorafenib,3J5P,1134,-5.686
eact,3J5P,1135,-5.686
brivanib,3J5P,1136,-5.682
AI-10-49,3J5P,1137,-5.681
neurodazine,3J5P,1138,-5.68
CNX-774,3J5P,1139,-5.678
SGI-1776,3J5P,1140,-5.675
SGI-1776,3J5P,1141,-5.673
tyrphostin-AG-1478,3J5P,1142,-5.667
PF-3274167,3J5P,1143,-5.666
GSK2190915,3J5P,1144,-5.665
rociletinib,3J5P,1145,-5.664
JW-74,3J5P,1146,-5.662
ITI214,3J5P,1147,-5.66
PD-166285,3J5P,1148,-5.658
TCS-3035,3J5P,1149,-5.657
uprosertib,3J5P,1150,-5.655
tienilic-acid,3J5P,1151,-5.654
tyrphostin-AG-1478,3J5P,1152,-5.654
GW-6471,3J5P,1153,-5.653
pantoprazole,3J5P,1154,-5.652
tosufloxacin,3J5P,1155,-5.647
crizotinib,3J5P,1156,-5.647
AMG-487,3J5P,1157,-5.646
monastrol,3J5P,1158,-5.644
brivanib,3J5P,1159,-5.644
NIDA-41020,3J5P,1160,-5.643
canertinib,3J5P,1161,-5.64
PSI-7976,3J5P,1162,-5.636
eact,3J5P,1163,-5.635
GW-1929,3J5P,1164,-5.632
dasabuvir,3J5P,1165,-5.628
PF-3274167,3J5P,1166,-5.626
proglumetacin,3J5P,1167,-5.62
RBC8,3J5P,1168,-5.62
fenofibrate,3J5P,1169,-5.614
toltrazuril,3J5P,1170,-5.612
ganetespib,3J5P,1171,-5.612
NVP-BGJ398,3J5P,1172,-5.611
stemregenin-1,3J5P,1173,-5.609
KI-8751,3J5P,1174,-5.608
GSK269962,3J5P,1175,-5.608
bosentan,3J5P,1176,-5.608
AZD3463,3J5P,1177,-5.608
avanafil,3J5P,1178,-5.602
BMY-45778,3J5P,1179,-5.601
SN-38,3J5P,1180,-5.599
VX-11e,3J5P,1181,-5.593
L-741742,3J5P,1182,-5.592
TFC-007,3J5P,1183,-5.589
coumarin,3J5P,1184,-5.587
CGM097,3J5P,1185,-5.586
pyronaridine,3J5P,1186,-5.586
SRC-kinase-inhibitor-I,3J5P,1187,-5.586
AZ5104,3J5P,1188,-5.58
ZK-93423,3J5P,1189,-5.578
SN-38,3J5P,1190,-5.577
VU-0422288,3J5P,1191,-5.574
MK-8245,3J5P,1192,-5.573
lenvatinib,3J5P,1193,-5.57
SID-7969543,3J5P,1194,-5.567
APD668,3J5P,1195,-5.564
azilsartan,3J5P,1196,-5.555
GTP-14564,3J5P,1197,-5.553
pirodavir,3J5P,1198,-5.549
bosentan,3J5P,1199,-5.54
altiratinib,3J5P,1200,-5.539
eact,3J5P,1201,-5.537
itraconazole,3J5P,1202,-5.536
WZ-4002,3J5P,1203,-5.534
CGS-15943,3J5P,1204,-5.533
warfarin,3J5P,1205,-5.532
lafutidine,3J5P,1206,-5.531
tozadenant,3J5P,1207,-5.53
GSK269962,3J5P,1208,-5.528
clioquinol,3J5P,1209,-5.524
ganetespib,3J5P,1210,-5.523
10-hydroxycamptothecin,3J5P,1211,-5.522
suvorexant,3J5P,1212,-5.52
FPL-62064,3J5P,1213,-5.52
GPR120-modulator-1,3J5P,1214,-5.517
cefpiramide,3J5P,1215,-5.516
rociletinib,3J5P,1216,-5.515
decoquinate,3J5P,1217,-5.514
TAK-285,3J5P,1218,-5.512
XL-647,3J5P,1219,-5.511
VE-822,3J5P,1220,-5.509
itraconazole,3J5P,1221,-5.509
SGC-CBP30,3J5P,1222,-5.508
gilteritinib,3J5P,1223,-5.506
TC-N-1752,3J5P,1224,-5.504
HKI-357,3J5P,1225,-5.504
pexmetinib,3J5P,1226,-5.503
tucatinib,3J5P,1227,-5.501
simeprevir,3J5P,1228,-5.5
uprosertib,3J5P,1229,-5.497
PCI-29732,3J5P,1230,-5.496
AI-10-49,3J5P,1231,-5.496
dasabuvir,3J5P,1232,-5.495
tozadenant,3J5P,1233,-5.494
elinogrel,3J5P,1234,-5.493
CUDC-907,3J5P,1235,-5.493
BMS-191095,3J5P,1236,-5.49
CYT-997,3J5P,1237,-5.489
VER-49009,3J5P,1238,-5.488
SN-38,3J5P,1239,-5.488
KRN-633,3J5P,1240,-5.487
amtolmetin-guacil,3J5P,1241,-5.486
SGI-1776,3J5P,1242,-5.486
pranlukast,3J5P,1243,-5.484
clioquinol,3J5P,1244,-5.482
CUDC-907,3J5P,1245,-5.481
CGS-15943,3J5P,1246,-5.479
azilsartan,3J5P,1247,-5.474
cefpiramide,3J5P,1248,-5.474
4E1RCat,3J5P,1249,-5.472
XL-647,3J5P,1250,-5.471
XL388,3J5P,1251,-5.47
SN-38,3J5P,1252,-5.466
decoquinate,3J5P,1253,-5.461
PCI-29732,3J5P,1254,-5.46
PI-103,3J5P,1255,-5.456
AZM-475271,3J5P,1256,-5.456
pirodavir,3J5P,1257,-5.454
tozadenant,3J5P,1258,-5.453
MLN1117,3J5P,1259,-5.452
vilazodone,3J5P,1260,-5.451
WH-4-023,3J5P,1261,-5.451
EMD-1214063,3J5P,1262,-5.449
lapatinib,3J5P,1263,-5.448
A-887826,3J5P,1264,-5.448
GSK1838705A,3J5P,1265,-5.448
garenoxacin,3J5P,1266,-5.447
grazoprevir,3J5P,1267,-5.446
afatinib,3J5P,1268,-5.442
flucloxacillin,3J5P,1269,-5.442
CPI-169,3J5P,1270,-5.441
BMS-806,3J5P,1271,-5.44
iloperidone,3J5P,1272,-5.44
MBX-2982,3J5P,1273,-5.438
raltegravir,3J5P,1274,-5.438
simeprevir,3J5P,1275,-5.438
KU-60019,3J5P,1276,-5.437
gefitinib,3J5P,1277,-5.436
CNX-774,3J5P,1278,-5.434
gilteritinib,3J5P,1279,-5.433
cefpiramide,3J5P,1280,-5.433
AVN-944,3J5P,1281,-5.431
cardionogen-1,3J5P,1282,-5.43
elacridar,3J5P,1283,-5.429
volasertib,3J5P,1284,-5.425
rociletinib,3J5P,1285,-5.423
cevipabulin,3J5P,1286,-5.423
ku-0063794,3J5P,1287,-5.42
pacritinib,3J5P,1288,-5.418
LY2784544,3J5P,1289,-5.417
merimepodib,3J5P,1290,-5.415
DMH4,3J5P,1291,-5.415
LY2784544,3J5P,1292,-5.413
SRC-kinase-inhibitor-I,3J5P,1293,-5.413
KL-001,3J5P,1294,-5.411
3-MPPI,3J5P,1295,-5.409
CID-16020046,3J5P,1296,-5.409
NVP-AUY922,3J5P,1297,-5.409
BAY-61-3606,3J5P,1298,-5.405
bosentan,3J5P,1299,-5.405
AMG458,3J5P,1300,-5.403
amuvatinib,3J5P,1301,-5.402
PF-4800567,3J5P,1302,-5.399
pyrazoloacridine,3J5P,1303,-5.399
ganetespib,3J5P,1304,-5.399
PSB-603,3J5P,1305,-5.397
FPL-62064,3J5P,1306,-5.395
decoquinate,3J5P,1307,-5.394
CUDC-101,3J5P,1308,-5.392
tivozanib,3J5P,1309,-5.391
NBI-74330-(+_-),3J5P,1310,-5.388
benzydamine,3J5P,1311,-5.387
eact,3J5P,1312,-5.386
iloperidone,3J5P,1313,-5.383
XL388,3J5P,1314,-5.38
alfuzosin,3J5P,1315,-5.378
TG-100572,3J5P,1316,-5.376
GW-6471,3J5P,1317,-5.376
ARRY-334543,3J5P,1318,-5.376
AZD8931,3J5P,1319,-5.374
alfuzosin,3J5P,1320,-5.372
brivanib,3J5P,1321,-5.37
CYT-997,3J5P,1322,-5.369
NDT-9513727,3J5P,1323,-5.369
BMY-45778,3J5P,1324,-5.369
loxapine,3J5P,1325,-5.369
AM679,3J5P,1326,-5.368
sofosbuvir,3J5P,1327,-5.368
CEP-32496,3J5P,1328,-5.366
tesaglitazar,3J5P,1329,-5.363
cevipabulin,3J5P,1330,-5.362
RKI-1447,3J5P,1331,-5.361
fenofibrate,3J5P,1332,-5.352
GNF-5837,3J5P,1333,-5.35
furaltadone,3J5P,1334,-5.349
barasertib,3J5P,1335,-5.347
KRN-633,3J5P,1336,-5.347
azilsartan,3J5P,1337,-5.345
APD597,3J5P,1338,-5.344
eact,3J5P,1339,-5.344
BQU57,3J5P,1340,-5.343
AZ-12080282,3J5P,1341,-5.341
erlotinib,3J5P,1342,-5.34
dasabuvir,3J5P,1343,-5.34
pirodavir,3J5P,1344,-5.337
SBE-13,3J5P,1345,-5.335
sofosbuvir,3J5P,1346,-5.334
CPI-360,3J5P,1347,-5.334
garenoxacin,3J5P,1348,-5.333
ceritinib,3J5P,1349,-5.329
OSI-027,3J5P,1350,-5.328
lenvatinib,3J5P,1351,-5.327
VU-152100,3J5P,1352,-5.325
azeliragon,3J5P,1353,-5.325
MRS-1220,3J5P,1354,-5.324
PIM-1-Inhibitor-2,3J5P,1355,-5.324
PP242,3J5P,1356,-5.324
volasertib,3J5P,1357,-5.323
pirodavir,3J5P,1358,-5.322
SB-334867,3J5P,1359,-5.322
bosutinib,3J5P,1360,-5.321
D-4476,3J5P,1361,-5.32
SGI-1776,3J5P,1362,-5.318
GDC-0994,3J5P,1363,-5.315
FG-4592,3J5P,1364,-5.312
volasertib,3J5P,1365,-5.311
WZ-4002,3J5P,1366,-5.308
BQU57,3J5P,1367,-5.308
vinflunine,3J5P,1368,-5.306
acalisib,3J5P,1369,-5.305
CUDC-427,3J5P,1370,-5.301
A-939572,3J5P,1371,-5.301
tivozanib,3J5P,1372,-5.297
tyrphostin-AG-1478,3J5P,1373,-5.296
GSK2801,3J5P,1374,-5.295
itraconazole,3J5P,1375,-5.293
tyrphostin-AG-1478,3J5P,1376,-5.292
MRS-1220,3J5P,1377,-5.291
LY225910,3J5P,1378,-5.289
sulfasalazine,3J5P,1379,-5.289
metazosin,3J5P,1380,-5.288
AMG900,3J5P,1381,-5.285
CUDC-101,3J5P,1382,-5.284
cilostazol,3J5P,1383,-5.282
BLU9931,3J5P,1384,-5.281
lafutidine,3J5P,1385,-5.28
LY225910,3J5P,1386,-5.277
donitriptan,3J5P,1387,-5.275
PSI-7976,3J5P,1388,-5.273
lenvatinib,3J5P,1389,-5.272
iloperidone,3J5P,1390,-5.272
tozadenant,3J5P,1391,-5.272
cisapride,3J5P,1392,-5.272
BMS-927711,3J5P,1393,-5.264
bay-60-7550,3J5P,1394,-5.264
toltrazuril,3J5P,1395,-5.263
NVP-AUY922,3J5P,1396,-5.261
TBA-354,3J5P,1397,-5.26
HKI-357,3J5P,1398,-5.26
DCC-2618,3J5P,1399,-5.259
DMH4,3J5P,1400,-5.257
EMD-1214063,3J5P,1401,-5.255
pirodavir,3J5P,1402,-5.255
Rec-15_2615,3J5P,1403,-5.251
AZD3759,3J5P,1404,-5.25
TC-N-1752,3J5P,1405,-5.249
cevipabulin,3J5P,1406,-5.248
lapatinib,3J5P,1407,-5.248
altiratinib,3J5P,1408,-5.246
isradipine,3J5P,1409,-5.245
stemregenin-1,3J5P,1410,-5.243
XL388,3J5P,1411,-5.241
cilostazol,3J5P,1412,-5.24
pyrazoloacridine,3J5P,1413,-5.239
candesartan,3J5P,1414,-5.234
hemoglobin-modulators-1,3J5P,1415,-5.233
CPCCOEt,3J5P,1416,-5.233
GSK1838705A,3J5P,1417,-5.232
isradipine,3J5P,1418,-5.231
4E1RCat,3J5P,1419,-5.231
BMS-777607,3J5P,1420,-5.226
rhodamine-123,3J5P,1421,-5.225
CGS-15943,3J5P,1422,-5.218
NMS-P715,3J5P,1423,-5.216
bay-60-7550,3J5P,1424,-5.216
LY2784544,3J5P,1425,-5.216
AZM-475271,3J5P,1426,-5.215
GR-127935,3J5P,1427,-5.214
BCI-540,3J5P,1428,-5.214
vipadenant,3J5P,1429,-5.211
isradipine,3J5P,1430,-5.208
furaltadone,3J5P,1431,-5.208
GDC-0994,3J5P,1432,-5.208
piribedil,3J5P,1433,-5.207
GW-405833,3J5P,1434,-5.203
donitriptan,3J5P,1435,-5.203
oxolinic-acid,3J5P,1436,-5.202
YIL-781,3J5P,1437,-5.2
LDC1267,3J5P,1438,-5.2
LY266097,3J5P,1439,-5.2
paliperidone,3J5P,1440,-5.199
MGCD-265,3J5P,1441,-5.198
LDC1267,3J5P,1442,-5.198
clioquinol,3J5P,1443,-5.197
NK-252,3J5P,1444,-5.195
lapatinib,3J5P,1445,-5.193
CNX-774,3J5P,1446,-5.19
OSI-027,3J5P,1447,-5.188
benzydamine,3J5P,1448,-5.185
ABT-751,3J5P,1449,-5.184
azilsartan,3J5P,1450,-5.184
NVP-AUY922,3J5P,1451,-5.184
NMS-E973,3J5P,1452,-5.184
ganetespib,3J5P,1453,-5.183
furaltadone,3J5P,1454,-5.182
ceritinib,3J5P,1455,-5.179
TBA-354,3J5P,1456,-5.179
ketoconazole,3J5P,1457,-5.173
GSK269962,3J5P,1458,-5.172
SGC-CBP30,3J5P,1459,-5.164
XL-647,3J5P,1460,-5.163
volasertib,3J5P,1461,-5.161
suvorexant,3J5P,1462,-5.158
LRRK2-IN-1,3J5P,1463,-5.157
clioquinol,3J5P,1464,-5.156
urapidil,3J5P,1465,-5.156
SID-7969543,3J5P,1466,-5.154
cloxacillin,3J5P,1467,-5.153
quinine-ethyl-carbonate,3J5P,1468,-5.151
Mps1-IN-1,3J5P,1469,-5.147
BMS-599626,3J5P,1470,-5.146
AMG-487,3J5P,1471,-5.143
altiratinib,3J5P,1472,-5.139
sorafenib,3J5P,1473,-5.137
bosutinib,3J5P,1474,-5.136
AVE-0991,3J5P,1475,-5.134
SRC-kinase-inhibitor-I,3J5P,1476,-5.132
cilostazol,3J5P,1477,-5.132
PSB-603,3J5P,1478,-5.131
UNC0737,3J5P,1479,-5.127
edaglitazone,3J5P,1480,-5.126
grazoprevir,3J5P,1481,-5.125
sobetirome,3J5P,1482,-5.124
rosmarinic-acid,3J5P,1483,-5.124
SCH-58261,3J5P,1484,-5.123
LY225910,3J5P,1485,-5.121
amuvatinib,3J5P,1486,-5.119
pexmetinib,3J5P,1487,-5.119
ARV-825,3J5P,1488,-5.119
GDC-0994,3J5P,1489,-5.118
terconazole,3J5P,1490,-5.118
piribedil,3J5P,1491,-5.117
CYM-50260,3J5P,1492,-5.114
AST-1306,3J5P,1493,-5.114
quinine-ethyl-carbonate,3J5P,1494,-5.112
NVP-HSP990,3J5P,1495,-5.111
AMG-337,3J5P,1496,-5.109
RS-102221,3J5P,1497,-5.107
AMG-487,3J5P,1498,-5.106
GR125487,3J5P,1499,-5.105
CUDC-907,3J5P,1500,-5.105
HA-14-1,3J5P,1501,-5.104
KRN-633,3J5P,1502,-5.104
PD-166285,3J5P,1503,-5.102
PP242,3J5P,1504,-5.1
GSK2578215A,3J5P,1505,-5.097
zibotentan,3J5P,1506,-5.093
ganetespib,3J5P,1507,-5.092
entrectinib,3J5P,1508,-5.091
PF-4800567,3J5P,1509,-5.088
4E1RCat,3J5P,1510,-5.088
elinogrel,3J5P,1511,-5.088
clioquinol,3J5P,1512,-5.086
cinoxacin,3J5P,1513,-5.081
paliperidone,3J5P,1514,-5.079
CEP-32496,3J5P,1515,-5.078
candesartan-cilextil,3J5P,1516,-5.078
candesartan-cilextil,3J5P,1517,-5.076
rebastinib,3J5P,1518,-5.075
cevipabulin,3J5P,1519,-5.075
ARRY-334543,3J5P,1520,-5.071
LY2784544,3J5P,1521,-5.068
bitopertin,3J5P,1522,-5.068
LY2603618,3J5P,1523,-5.068
risperidone,3J5P,1524,-5.066
DCC-2618,3J5P,1525,-5.062
MK-8245,3J5P,1526,-5.06
TMC-353121,3J5P,1527,-5.06
simeprevir,3J5P,1528,-5.059
CUDC-907,3J5P,1529,-5.059
ganetespib,3J5P,1530,-5.058
HKI-357,3J5P,1531,-5.057
cardiogenol-c,3J5P,1532,-5.054
dasabuvir,3J5P,1533,-5.053
pyrazoloacridine,3J5P,1534,-5.051
amoxapine,3J5P,1535,-5.048
NBI-74330-(+_-),3J5P,1536,-5.047
ONO-4059,3J5P,1537,-5.045
quinine-ethyl-carbonate,3J5P,1538,-5.044
PF-04691502,3J5P,1539,-5.04
ZCL-278,3J5P,1540,-5.04
NBI-74330-(+_-),3J5P,1541,-5.039
CUDC-907,3J5P,1542,-5.038
GNF-5,3J5P,1543,-5.036
CCT137690,3J5P,1544,-5.035
mosapride,3J5P,1545,-5.035
SGC-CBP30,3J5P,1546,-5.034
WZ-3146,3J5P,1547,-5.033
ketoconazole,3J5P,1548,-5.033
AMG900,3J5P,1549,-5.03
ceritinib,3J5P,1550,-5.029
taranabant,3J5P,1551,-5.028
ML347,3J5P,1552,-5.026
RG1530,3J5P,1553,-5.024
pardoprunox,3J5P,1554,-5.023
PFI-4,3J5P,1555,-5.019
GW-405833,3J5P,1556,-5.019
pyronaridine,3J5P,1557,-5.015
altiratinib,3J5P,1558,-5.015
lapatinib,3J5P,1559,-5.014
JK-184,3J5P,1560,-5.014
sorafenib,3J5P,1561,-5.013
simeprevir,3J5P,1562,-5.013
UNC0737,3J5P,1563,-5.012
CFM-1571,3J5P,1564,-5.011
ganetespib,3J5P,1565,-5.011
SGI-1776,3J5P,1566,-5.01
ZK811752,3J5P,1567,-5.009
HKI-357,3J5P,1568,-5.009
SGI-1776,3J5P,1569,-5.006
cefpiramide,3J5P,1570,-5.002
Mps1-IN-1,3J5P,1571,-5.001
NVP-AUY922,3J5P,1572,-5.001
GSK2801,3J5P,1573,-4.996
PSB-603,3J5P,1574,-4.994
cilostazol,3J5P,1575,-4.993
betrixaban,3J5P,1576,-4.992
pyrazoloacridine,3J5P,1577,-4.989
NK-252,3J5P,1578,-4.988
cefpiramide,3J5P,1579,-4.987
ML314,3J5P,1580,-4.987
RS-102221,3J5P,1581,-4.986
AMG-337,3J5P,1582,-4.986
CPCCOEt,3J5P,1583,-4.986
MRS-1220,3J5P,1584,-4.984
talnetant,3J5P,1585,-4.981
CID-16020046,3J5P,1586,-4.981
nicergoline,3J5P,1587,-4.98
CID-16020046,3J5P,1588,-4.979
pranlukast,3J5P,1589,-4.977
A-839977,3J5P,1590,-4.977
piclamilast,3J5P,1591,-4.977
CCT137690,3J5P,1592,-4.976
BMS-927711,3J5P,1593,-4.97
MGCD-265,3J5P,1594,-4.969
SID-7969543,3J5P,1595,-4.968
ku-0063794,3J5P,1596,-4.967
DSR-6434,3J5P,1597,-4.966
ku-0063794,3J5P,1598,-4.962
LY2874455,3J5P,1599,-4.962
PD-153035,3J5P,1600,-4.96
apabetalone,3J5P,1601,-4.957
CGM097,3J5P,1602,-4.956
furaltadone,3J5P,1603,-4.956
LY2603618,3J5P,1604,-4.955
SID-7969543,3J5P,1605,-4.951
sofosbuvir,3J5P,1606,-4.951
SGC-CBP30,3J5P,1607,-4.951
oxolinic-acid,3J5P,1608,-4.947
CYT-997,3J5P,1609,-4.946
TCS-3035,3J5P,1610,-4.946
vandetanib,3J5P,1611,-4.944
entrectinib,3J5P,1612,-4.943
zibotentan,3J5P,1613,-4.942
LY225910,3J5P,1614,-4.942
cisapride,3J5P,1615,-4.941
SGC-CBP30,3J5P,1616,-4.94
cefpiramide,3J5P,1617,-4.937
Mps1-IN-1,3J5P,1618,-4.936
L-741742,3J5P,1619,-4.936
DCC-2618,3J5P,1620,-4.935
TG-100801,3J5P,1621,-4.935
UNC0737,3J5P,1622,-4.934
tariquidar,3J5P,1623,-4.929
MBX-2982,3J5P,1624,-4.927
TFC-007,3J5P,1625,-4.927
SCH-28080,3J5P,1626,-4.926
SCH-58261,3J5P,1627,-4.922
pexmetinib,3J5P,1628,-4.922
AZ-12080282,3J5P,1629,-4.922
vipadenant,3J5P,1630,-4.921
barasertib,3J5P,1631,-4.919
fenofibric-acid,3J5P,1632,-4.915
MBX-2982,3J5P,1633,-4.915
ibrutinib,3J5P,1634,-4.915
piboserod,3J5P,1635,-4.914
EMD-1214063,3J5P,1636,-4.914
CUDC-427,3J5P,1637,-4.912
MRK-016,3J5P,1638,-4.909
AST-1306,3J5P,1639,-4.901
elacridar,3J5P,1640,-4.9
tosufloxacin,3J5P,1641,-4.9
BLU9931,3J5P,1642,-4.899
CUDC-427,3J5P,1643,-4.897
brivanib,3J5P,1644,-4.896
piboserod,3J5P,1645,-4.894
TWS-119,3J5P,1646,-4.892
talnetant,3J5P,1647,-4.891
KL-001,3J5P,1648,-4.891
volasertib,3J5P,1649,-4.891
UNC0631,3J5P,1650,-4.888
cardiogenol-c,3J5P,1651,-4.885
furaltadone,3J5P,1652,-4.885
SID-7969543,3J5P,1653,-4.883
sofosbuvir,3J5P,1654,-4.883
PSI-7976,3J5P,1655,-4.883
CPI-169,3J5P,1656,-4.882
GW-1929,3J5P,1657,-4.882
APD597,3J5P,1658,-4.876
azeliragon,3J5P,1659,-4.876
tariquidar,3J5P,1660,-4.874
MBX-2982,3J5P,1661,-4.872
pirodavir,3J5P,1662,-4.87
simeprevir,3J5P,1663,-4.867
cilostazol,3J5P,1664,-4.865
BAY-61-3606,3J5P,1665,-4.865
Mps1-IN-1,3J5P,1666,-4.864
tozadenant,3J5P,1667,-4.863
PF-4800567,3J5P,1668,-4.861
SID-7969543,3J5P,1669,-4.858
10-hydroxycamptothecin,3J5P,1670,-4.857
barasertib,3J5P,1671,-4.856
CPI-360,3J5P,1672,-4.856
spiroxatrine,3J5P,1673,-4.856
SB-202190,3J5P,1674,-4.854
RS-100329,3J5P,1675,-4.852
BQU57,3J5P,1676,-4.851
CCG-63808,3J5P,1677,-4.849
AI-10-49,3J5P,1678,-4.849
GDC-0994,3J5P,1679,-4.847
CYT-997,3J5P,1680,-4.846
altiratinib,3J5P,1681,-4.841
NBI-74330-(+_-),3J5P,1682,-4.84
OTX015,3J5P,1683,-4.837
lafutidine,3J5P,1684,-4.836
CID-16020046,3J5P,1685,-4.832
DSR-6434,3J5P,1686,-4.828
isradipine,3J5P,1687,-4.827
NMS-E973,3J5P,1688,-4.827
golvatinib,3J5P,1689,-4.826
azilsartan,3J5P,1690,-4.824
TAK-285,3J5P,1691,-4.824
SB-431542,3J5P,1692,-4.82
taranabant,3J5P,1693,-4.819
verubulin,3J5P,1694,-4.819
AZM-475271,3J5P,1695,-4.818
SBE-13,3J5P,1696,-4.816
afobazole,3J5P,1697,-4.815
teniposide,3J5P,1698,-4.812
PD-153035,3J5P,1699,-4.805
azeliragon,3J5P,1700,-4.803
isradipine,3J5P,1701,-4.798
SPP301,3J5P,1702,-4.797
GW-405833,3J5P,1703,-4.797
amtolmetin-guacil,3J5P,1704,-4.796
GKA-50,3J5P,1705,-4.794
asunaprevir,3J5P,1706,-4.79
phenprocoumon,3J5P,1707,-4.788
doramapimod,3J5P,1708,-4.786
barasertib-HQPA,3J5P,1709,-4.784
TG-100572,3J5P,1710,-4.782
GSK2190915,3J5P,1711,-4.782
MRK-016,3J5P,1712,-4.782
asunaprevir,3J5P,1713,-4.782
afobazole,3J5P,1714,-4.78
asunaprevir,3J5P,1715,-4.779
verubulin,3J5P,1716,-4.778
GKA-50,3J5P,1717,-4.778
SANT-2,3J5P,1718,-4.777
stemregenin-1,3J5P,1719,-4.775
WHI-P154,3J5P,1720,-4.774
barasertib-HQPA,3J5P,1721,-4.774
spiroxatrine,3J5P,1722,-4.774
talnetant,3J5P,1723,-4.771
isradipine,3J5P,1724,-4.771
bay-60-7550,3J5P,1725,-4.77
GNF-5837,3J5P,1726,-4.77
elagolix,3J5P,1727,-4.769
MRK-016,3J5P,1728,-4.768
SPP301,3J5P,1729,-4.762
NKY-80,3J5P,1730,-4.762
MBX-2982,3J5P,1731,-4.76
NVP-AUY922,3J5P,1732,-4.759
JW-74,3J5P,1733,-4.759
meclinertant,3J5P,1734,-4.754
SID-7969543,3J5P,1735,-4.754
PF-04691502,3J5P,1736,-4.754
golvatinib,3J5P,1737,-4.752
uprosertib,3J5P,1738,-4.75
loxapine,3J5P,1739,-4.75
genz-644282,3J5P,1740,-4.749
pibenzimol,3J5P,1741,-4.746
pranlukast,3J5P,1742,-4.746
lemborexant,3J5P,1743,-4.745
gefitinib,3J5P,1744,-4.743
TG-100801,3J5P,1745,-4.742
2-[1-(4-piperonyl)piperazinyl]benzothiazole,3J5P,1746,-4.742
vipadenant,3J5P,1747,-4.741
GDC-0623,3J5P,1748,-4.74
delamanid,3J5P,1749,-4.739
ML314,3J5P,1750,-4.738
entrectinib,3J5P,1751,-4.737
CX-4945,3J5P,1752,-4.733
afobazole,3J5P,1753,-4.733
ZM-447439,3J5P,1754,-4.731
pibenzimol,3J5P,1755,-4.731
afatinib,3J5P,1756,-4.73
tosufloxacin,3J5P,1757,-4.727
sofosbuvir,3J5P,1758,-4.725
bay-60-7550,3J5P,1759,-4.724
BQU57,3J5P,1760,-4.72
zibotentan,3J5P,1761,-4.72
GKA-50,3J5P,1762,-4.72
doxazosin,3J5P,1763,-4.72
ARV-825,3J5P,1764,-4.719
TG-100801,3J5P,1765,-4.715
DSR-6434,3J5P,1766,-4.715
trequinsin,3J5P,1767,-4.711
droxicam,3J5P,1768,-4.703
SGC-CBP30,3J5P,1769,-4.702
UNC0737,3J5P,1770,-4.701
XL388,3J5P,1771,-4.699
ZK-93426,3J5P,1772,-4.698
ceritinib,3J5P,1773,-4.695
PSI-7976,3J5P,1774,-4.693
NU-1025,3J5P,1775,-4.692
ganetespib,3J5P,1776,-4.691
10-hydroxycamptothecin,3J5P,1777,-4.69
nor-Binaltorphimine-dihydrochloride,3J5P,1778,-4.69
JK-184,3J5P,1779,-4.69
CGM097,3J5P,1780,-4.687
sofosbuvir,3J5P,1781,-4.687
nor-Binaltorphimine-dihydrochloride,3J5P,1782,-4.686
CC-401,3J5P,1783,-4.685
LY2874455,3J5P,1784,-4.684
acalisib,3J5P,1785,-4.681
NK-252,3J5P,1786,-4.68
warfarin,3J5P,1787,-4.68
CUDC-427,3J5P,1788,-4.676
GW-843682X,3J5P,1789,-4.676
GSK2190915,3J5P,1790,-4.675
AMG-487,3J5P,1791,-4.675
PF-04937319,3J5P,1792,-4.672
GW-803430,3J5P,1793,-4.672
trovafloxacin,3J5P,1794,-4.671
RS-102221,3J5P,1795,-4.669
TC-NTR1-17,3J5P,1796,-4.667
simeprevir,3J5P,1797,-4.666
entrectinib,3J5P,1798,-4.665
apabetalone,3J5P,1799,-4.663
ganetespib,3J5P,1800,-4.662
ZM-241385,3J5P,1801,-4.659
olmesartan-medoxomil,3J5P,1802,-4.658
cefpiramide,3J5P,1803,-4.655
olmesartan-medoxomil,3J5P,1804,-4.652
cefpiramide,3J5P,1805,-4.65
DSR-6434,3J5P,1806,-4.647
LX1031,3J5P,1807,-4.646
NVP-AUY922,3J5P,1808,-4.646
bitopertin,3J5P,1809,-4.644
olmesartan-medoxomil,3J5P,1810,-4.643
barasertib,3J5P,1811,-4.643
NKY-80,3J5P,1812,-4.641
isradipine,3J5P,1813,-4.641
ML-348,3J5P,1814,-4.64
XL388,3J5P,1815,-4.639
PF-06463922,3J5P,1816,-4.638
isradipine,3J5P,1817,-4.637
uprosertib,3J5P,1818,-4.635
olmesartan-medoxomil,3J5P,1819,-4.63
BMS-599626,3J5P,1820,-4.627
GSK461364,3J5P,1821,-4.626
AZM-475271,3J5P,1822,-4.625
paliperidone,3J5P,1823,-4.625
cefpiramide,3J5P,1824,-4.625
GDC-0623,3J5P,1825,-4.622
OTS167,3J5P,1826,-4.62
bay-60-7550,3J5P,1827,-4.619
cardionogen-1,3J5P,1828,-4.619
MLN0128,3J5P,1829,-4.617
pirodavir,3J5P,1830,-4.615
tariquidar,3J5P,1831,-4.614
merimepodib,3J5P,1832,-4.614
vipadenant,3J5P,1833,-4.607
CUDC-427,3J5P,1834,-4.606
gefitinib,3J5P,1835,-4.606
HA-14-1,3J5P,1836,-4.605
cevipabulin,3J5P,1837,-4.604
HKI-357,3J5P,1838,-4.597
APD597,3J5P,1839,-4.589
AMG900,3J5P,1840,-4.585
XMD8-92,3J5P,1841,-4.584
afatinib,3J5P,1842,-4.582
olmesartan-medoxomil,3J5P,1843,-4.581
PF-04937319,3J5P,1844,-4.58
GSK269962,3J5P,1845,-4.58
DMH4,3J5P,1846,-4.576
MK-6096,3J5P,1847,-4.576
poziotinib,3J5P,1848,-4.574
DSR-6434,3J5P,1849,-4.573
ARV-825,3J5P,1850,-4.573
MRK-016,3J5P,1851,-4.572
ganetespib,3J5P,1852,-4.571
tosufloxacin,3J5P,1853,-4.568
foretinib,3J5P,1854,-4.566
alfuzosin,3J5P,1855,-4.565
OTS167,3J5P,1856,-4.563
ONO-4059,3J5P,1857,-4.561
OTX015,3J5P,1858,-4.56
PSB-603,3J5P,1859,-4.56
itraconazole,3J5P,1860,-4.559
altiratinib,3J5P,1861,-4.558
pyrazoloacridine,3J5P,1862,-4.556
DSR-6434,3J5P,1863,-4.553
cefpiramide,3J5P,1864,-4.553
MLN0128,3J5P,1865,-4.544
cevipabulin,3J5P,1866,-4.543
CX-4945,3J5P,1867,-4.54
SANT-2,3J5P,1868,-4.539
EMD-1214063,3J5P,1869,-4.538
MGCD-265,3J5P,1870,-4.535
simeprevir,3J5P,1871,-4.534
GSK2190915,3J5P,1872,-4.531
barasertib,3J5P,1873,-4.531
TG-02,3J5P,1874,-4.529
olmutinib,3J5P,1875,-4.527
DSR-6434,3J5P,1876,-4.527
talnetant,3J5P,1877,-4.526
BMS-690514,3J5P,1878,-4.525
ibrutinib,3J5P,1879,-4.525
DMH4,3J5P,1880,-4.525
tosufloxacin,3J5P,1881,-4.524
ARV-825,3J5P,1882,-4.524
ZCL-278,3J5P,1883,-4.524
LMI070,3J5P,1884,-4.522
YM-90709,3J5P,1885,-4.521
NKY-80,3J5P,1886,-4.519
oxolinic-acid,3J5P,1887,-4.519
teniposide,3J5P,1888,-4.518
pibenzimol,3J5P,1889,-4.514
CUDC-427,3J5P,1890,-4.512
RG1530,3J5P,1891,-4.511
A-674563,3J5P,1892,-4.51
NKY-80,3J5P,1893,-4.51
ku-0063794,3J5P,1894,-4.509
ibrutinib,3J5P,1895,-4.508
bay-60-7550,3J5P,1896,-4.505
RBC8,3J5P,1897,-4.503
NMS-P715,3J5P,1898,-4.497
AMG458,3J5P,1899,-4.496
BCI-540,3J5P,1900,-4.494
fenofibrate,3J5P,1901,-4.492
HA-14-1,3J5P,1902,-4.484
GW-1100,3J5P,1903,-4.483
TWS-119,3J5P,1904,-4.479
GR-127935,3J5P,1905,-4.478
pardoprunox,3J5P,1906,-4.478
napabucasin,3J5P,1907,-4.476
telithromycin,3J5P,1908,-4.474
lafutidine,3J5P,1909,-4.47
3-MPPI,3J5P,1910,-4.467
simeprevir,3J5P,1911,-4.464
NMS-E973,3J5P,1912,-4.463
AMG458,3J5P,1913,-4.461
posaconazole,3J5P,1914,-4.456
fruquintinib,3J5P,1915,-4.452
SB-243213,3J5P,1916,-4.452
FPL-62064,3J5P,1917,-4.451
AVE-0991,3J5P,1918,-4.45
GW-405833,3J5P,1919,-4.448
SB-334867,3J5P,1920,-4.442
cilostazol,3J5P,1921,-4.441
PP242,3J5P,1922,-4.441
vandetanib,3J5P,1923,-4.44
GR125487,3J5P,1924,-4.438
4E1RCat,3J5P,1925,-4.438
CGP-20712A,3J5P,1926,-4.434
hemoglobin-modulators-1,3J5P,1927,-4.434
GW-583340,3J5P,1928,-4.433
RS-102221,3J5P,1929,-4.433
azilsartan,3J5P,1930,-4.432
telatinib,3J5P,1931,-4.428
ibrutinib,3J5P,1932,-4.427
APD597,3J5P,1933,-4.427
ML314,3J5P,1934,-4.427
fenofibrate,3J5P,1935,-4.424
XMD17-109,3J5P,1936,-4.421
NU-1025,3J5P,1937,-4.416
NMS-E973,3J5P,1938,-4.416
PD-102807,3J5P,1939,-4.413
TC-NTR1-17,3J5P,1940,-4.41
loxapine,3J5P,1941,-4.409
TG-02,3J5P,1942,-4.408
WZ-3146,3J5P,1943,-4.407
PSB-603,3J5P,1944,-4.405
trovafloxacin,3J5P,1945,-4.404
MGCD-265,3J5P,1946,-4.404
FG-2216,3J5P,1947,-4.404
barasertib,3J5P,1948,-4.402
erastin,3J5P,1949,-4.401
BMS-690514,3J5P,1950,-4.4
azilsartan-medoxomil,3J5P,1951,-4.394
DCC-2618,3J5P,1952,-4.393
piboserod,3J5P,1953,-4.392
barasertib,3J5P,1954,-4.392
AZ-12080282,3J5P,1955,-4.392
SB-590885,3J5P,1956,-4.392
ML347,3J5P,1957,-4.391
candesartan-cilextil,3J5P,1958,-4.391
nor-Binaltorphimine-dihydrochloride,3J5P,1959,-4.391
SB-505124,3J5P,1960,-4.391
tosufloxacin,3J5P,1961,-4.386
vandetanib,3J5P,1962,-4.386
NMS-P715,3J5P,1963,-4.384
MBX-2982,3J5P,1964,-4.383
afatinib,3J5P,1965,-4.382
foretinib,3J5P,1966,-4.379
tosufloxacin,3J5P,1967,-4.379
MK-5108,3J5P,1968,-4.376
azeliragon,3J5P,1969,-4.376
golvatinib,3J5P,1970,-4.374
AZD8186,3J5P,1971,-4.374
ku-0063794,3J5P,1972,-4.372
elbasvir,3J5P,1973,-4.37
cilostazol,3J5P,1974,-4.368
astemizole,3J5P,1975,-4.368
acalisib,3J5P,1976,-4.368
CUDC-427,3J5P,1977,-4.367
tandutinib,3J5P,1978,-4.367
WAY-100635,3J5P,1979,-4.366
AZ3146,3J5P,1980,-4.36
LY266097,3J5P,1981,-4.359
PSB-603,3J5P,1982,-4.358
nor-Binaltorphimine-dihydrochloride,3J5P,1983,-4.357
PTC-209,3J5P,1984,-4.356
bay-60-7550,3J5P,1985,-4.353
AZD9272,3J5P,1986,-4.349
cediranib,3J5P,1987,-4.347
HKI-357,3J5P,1988,-4.345
UNC0642,3J5P,1989,-4.344
GNF-2,3J5P,1990,-4.344
TMC-353121,3J5P,1991,-4.343
ZK811752,3J5P,1992,-4.339
SBE-13,3J5P,1993,-4.338
PF-04457845,3J5P,1994,-4.338
tosufloxacin,3J5P,1995,-4.336
neratinib,3J5P,1996,-4.335
loxapine,3J5P,1997,-4.334
PPY-A,3J5P,1998,-4.333
JNJ-42041935,3J5P,1999,-4.333
talnetant,3J5P,2000,-4.331
XL388,3J5P,2001,-4.329
DSR-6434,3J5P,2002,-4.329
KG-5,3J5P,2003,-4.327
L-741742,3J5P,2004,-4.327
simeprevir,3J5P,2005,-4.327
MBX-2982,3J5P,2006,-4.326
TG-101348,3J5P,2007,-4.324
OTX015,3J5P,2008,-4.323
pibenzimol,3J5P,2009,-4.32
TFC-007,3J5P,2010,-4.318
telithromycin,3J5P,2011,-4.317
RKI-1447,3J5P,2012,-4.313
BMS-777607,3J5P,2013,-4.312
volasertib,3J5P,2014,-4.309
piribedil,3J5P,2015,-4.306
CP-724714,3J5P,2016,-4.306
WZ-4002,3J5P,2017,-4.303
SBE-13,3J5P,2018,-4.301
SJ-172550,3J5P,2019,-4.299
TG-100572,3J5P,2020,-4.299
L-168049,3J5P,2021,-4.297
cevipabulin,3J5P,2022,-4.297
TG-101348,3J5P,2023,-4.295
TG-02,3J5P,2024,-4.293
itraconazole,3J5P,2025,-4.292
prulifloxacin,3J5P,2026,-4.29
ku-0063794,3J5P,2027,-4.29
FR-122047,3J5P,2028,-4.289
afatinib,3J5P,2029,-4.286
ku-0063794,3J5P,2030,-4.284
BMS-806,3J5P,2031,-4.283
BMS-690514,3J5P,2032,-4.281
itraconazole,3J5P,2033,-4.281
UNC0737,3J5P,2034,-4.281
afatinib,3J5P,2035,-4.281
pyronaridine,3J5P,2036,-4.278
VU-152100,3J5P,2037,-4.277
bay-60-7550,3J5P,2038,-4.275
CPCCOEt,3J5P,2039,-4.268
rociletinib,3J5P,2040,-4.265
OTX015,3J5P,2041,-4.265
nor-Binaltorphimine-dihydrochloride,3J5P,2042,-4.263
TMC-353121,3J5P,2043,-4.26
XL388,3J5P,2044,-4.259
loxapine,3J5P,2045,-4.258
PFI-4,3J5P,2046,-4.255
afobazole,3J5P,2047,-4.254
DCC-2618,3J5P,2048,-4.254
CX-4945,3J5P,2049,-4.25
3-MPPI,3J5P,2050,-4.248
cardiogenol-c,3J5P,2051,-4.247
ZK811752,3J5P,2052,-4.244
pardoprunox,3J5P,2053,-4.242
NBI-74330-(+_-),3J5P,2054,-4.24
WZ-3146,3J5P,2055,-4.239
BCI-540,3J5P,2056,-4.236
nicergoline,3J5P,2057,-4.232
canertinib,3J5P,2058,-4.231
azilsartan-medoxomil,3J5P,2059,-4.229
DMH4,3J5P,2060,-4.229
CPCCOEt,3J5P,2061,-4.228
CGP-20712A,3J5P,2062,-4.222
WH-4-023,3J5P,2063,-4.22
SBE-13,3J5P,2064,-4.22
NMS-E973,3J5P,2065,-4.217
elagolix,3J5P,2066,-4.216
BMS-265246,3J5P,2067,-4.214
spiroxatrine,3J5P,2068,-4.214
furaltadone,3J5P,2069,-4.213
canertinib,3J5P,2070,-4.211
pexmetinib,3J5P,2071,-4.208
GDC-0994,3J5P,2072,-4.208
BML-190,3J5P,2073,-4.207
monastrol,3J5P,2074,-4.206
SBE-13,3J5P,2075,-4.206
ARRY-334543,3J5P,2076,-4.205
suvorexant,3J5P,2077,-4.204
YIL-781,3J5P,2078,-4.204
telotristat-ethyl,3J5P,2079,-4.202
lafutidine,3J5P,2080,-4.2
YIL-781,3J5P,2081,-4.199
brexpiprazole,3J5P,2082,-4.199
barasertib-HQPA,3J5P,2083,-4.192
ML167,3J5P,2084,-4.192
capadenoson,3J5P,2085,-4.191
ZK-93423,3J5P,2086,-4.19
BAY-87-2243,3J5P,2087,-4.19
lenvatinib,3J5P,2088,-4.187
pranlukast,3J5P,2089,-4.187
riociguat,3J5P,2090,-4.185
MK-5108,3J5P,2091,-4.183
bay-60-7550,3J5P,2092,-4.181
ML314,3J5P,2093,-4.178
BAY-87-2243,3J5P,2094,-4.175
azasetron,3J5P,2095,-4.175
SBE-13,3J5P,2096,-4.173
afatinib,3J5P,2097,-4.17
CPI-360,3J5P,2098,-4.166
azilsartan-medoxomil,3J5P,2099,-4.165
A-839977,3J5P,2100,-4.164
VU-152100,3J5P,2101,-4.162
spiroxatrine,3J5P,2102,-4.161
TGR-1202,3J5P,2103,-4.155
AZD3759,3J5P,2104,-4.152
DSR-6434,3J5P,2105,-4.152
nor-Binaltorphimine-dihydrochloride,3J5P,2106,-4.152
simeprevir,3J5P,2107,-4.146
ZM-323881,3J5P,2108,-4.145
TG-100572,3J5P,2109,-4.145
nor-Binaltorphimine-dihydrochloride,3J5P,2110,-4.145
RG1530,3J5P,2111,-4.142
golvatinib,3J5P,2112,-4.142
ML-348,3J5P,2113,-4.139
salazodine,3J5P,2114,-4.136
oxiperomide,3J5P,2115,-4.133
mibefradil,3J5P,2116,-4.131
alfuzosin,3J5P,2117,-4.13
NDT-9513727,3J5P,2118,-4.13
apabetalone,3J5P,2119,-4.127
AZ5104,3J5P,2120,-4.126
amoxapine,3J5P,2121,-4.125
PCI-29732,3J5P,2122,-4.121
GW-1929,3J5P,2123,-4.118
ZK811752,3J5P,2124,-4.118
barasertib-HQPA,3J5P,2125,-4.116
lafutidine,3J5P,2126,-4.115
phenacaine,3J5P,2127,-4.113
spiroxatrine,3J5P,2128,-4.109
HKI-357,3J5P,2129,-4.105
imiloxan,3J5P,2130,-4.104
CYM-50260,3J5P,2131,-4.103
MK2-IN-1,3J5P,2132,-4.1
cisapride,3J5P,2133,-4.099
AMG900,3J5P,2134,-4.095
warfarin,3J5P,2135,-4.094
BAY-87-2243,3J5P,2136,-4.093
bitopertin,3J5P,2137,-4.093
flucloxacillin,3J5P,2138,-4.089
azilsartan-medoxomil,3J5P,2139,-4.088
rosmarinic-acid,3J5P,2140,-4.086
AZD9272,3J5P,2141,-4.086
isradipine,3J5P,2142,-4.082
volasertib,3J5P,2143,-4.08
rhodamine-123,3J5P,2144,-4.078
rebastinib,3J5P,2145,-4.075
cilostazol,3J5P,2146,-4.075
oxiperomide,3J5P,2147,-4.075
cilostazol,3J5P,2148,-4.074
AZD9272,3J5P,2149,-4.071
nor-Binaltorphimine-dihydrochloride,3J5P,2150,-4.07
ONO-4059,3J5P,2151,-4.068
telithromycin,3J5P,2152,-4.068
JNJ-27141491,3J5P,2153,-4.065
ONO-4059,3J5P,2154,-4.062
dasabuvir,3J5P,2155,-4.061
crizotinib,3J5P,2156,-4.06
amtolmetin-guacil,3J5P,2157,-4.06
CPCCOEt,3J5P,2158,-4.053
cediranib,3J5P,2159,-4.053
nor-Binaltorphimine-dihydrochloride,3J5P,2160,-4.052
canertinib,3J5P,2161,-4.051
TG-101348,3J5P,2162,-4.044
XMD8-92,3J5P,2163,-4.043
TG-101348,3J5P,2164,-4.041
cevipabulin,3J5P,2165,-4.04
C-021,3J5P,2166,-4.038
CUDC-427,3J5P,2167,-4.037
AZ5104,3J5P,2168,-4.035
saracatinib,3J5P,2169,-4.035
saracatinib,3J5P,2170,-4.034
DSR-6434,3J5P,2171,-4.032
rhodamine-123,3J5P,2172,-4.03
crizotinib,3J5P,2173,-4.028
afobazole,3J5P,2174,-4.028
TG-02,3J5P,2175,-4.025
NBI-74330-(+_-),3J5P,2176,-4.023
TC-S-7005,3J5P,2177,-4.021
A-887826,3J5P,2178,-4.019
cinoxacin,3J5P,2179,-4.015
GKA-50,3J5P,2180,-4.013
piboserod,3J5P,2181,-4.012
AV-412,3J5P,2182,-4.011
fostamatinib,3J5P,2183,-4.004
sonidegib,3J5P,2184,-4.001
eluxadoline,3J5P,2185,-4.001
alfuzosin,3J5P,2186,-4.001
vindesine,3J5P,2187,-3.996
MK-2048,3J5P,2188,-3.995
Mps1-IN-1,3J5P,2189,-3.994
vindesine,3J5P,2190,-3.992
L-168049,3J5P,2191,-3.99
FR-122047,3J5P,2192,-3.987
AZ3146,3J5P,2193,-3.985
TG-101348,3J5P,2194,-3.985
I-BET-762,3J5P,2195,-3.981
SCH-51344,3J5P,2196,-3.98
risperidone,3J5P,2197,-3.978
PSB-603,3J5P,2198,-3.978
ketoconazole,3J5P,2199,-3.976
NMS-P715,3J5P,2200,-3.976
CTEP,3J5P,2201,-3.976
triclabendazole,3J5P,2202,-3.974
piboserod,3J5P,2203,-3.97
GR125487,3J5P,2204,-3.969
terconazole,3J5P,2205,-3.968
alfuzosin,3J5P,2206,-3.968
ansamitocin-p-3,3J5P,2207,-3.967
PF-06463922,3J5P,2208,-3.965
mepacrine,3J5P,2209,-3.962
WAY-100635,3J5P,2210,-3.961
teniposide,3J5P,2211,-3.96
UNC0321,3J5P,2212,-3.957
UNC0631,3J5P,2213,-3.949
PIM-1-Inhibitor-2,3J5P,2214,-3.946
NBI-74330-(+_-),3J5P,2215,-3.941
mepacrine,3J5P,2216,-3.94
UNC0631,3J5P,2217,-3.94
CUDC-101,3J5P,2218,-3.939
PF-06463922,3J5P,2219,-3.939
FR-122047,3J5P,2220,-3.938
LY225910,3J5P,2221,-3.938
alfuzosin,3J5P,2222,-3.931
cinoxacin,3J5P,2223,-3.93
benzydamine,3J5P,2224,-3.93
sorafenib,3J5P,2225,-3.927
cediranib,3J5P,2226,-3.925
CPCCOEt,3J5P,2227,-3.924
vipadenant,3J5P,2228,-3.924
ZCL-278,3J5P,2229,-3.923
GSK2801,3J5P,2230,-3.921
eluxadoline,3J5P,2231,-3.918
alfuzosin,3J5P,2232,-3.918
ARV-825,3J5P,2233,-3.917
TG-101348,3J5P,2234,-3.915
RS-102221,3J5P,2235,-3.911
pyrintegrin,3J5P,2236,-3.909
OTX015,3J5P,2237,-3.908
ZK811752,3J5P,2238,-3.908
CNX-774,3J5P,2239,-3.905
rifaximin,3J5P,2240,-3.904
L-741742,3J5P,2241,-3.904
AZ5104,3J5P,2242,-3.901
SCH-51344,3J5P,2243,-3.898
proglumetacin,3J5P,2244,-3.894
YIL-781,3J5P,2245,-3.892
urapidil,3J5P,2246,-3.892
asunaprevir,3J5P,2247,-3.889
rebastinib,3J5P,2248,-3.886
azilsartan-medoxomil,3J5P,2249,-3.885
brexpiprazole,3J5P,2250,-3.883
BMS-265246,3J5P,2251,-3.88
RG1530,3J5P,2252,-3.88
rosmarinic-acid,3J5P,2253,-3.879
ZCL-278,3J5P,2254,-3.878
CPCCOEt,3J5P,2255,-3.876
elagolix,3J5P,2256,-3.875
A-887826,3J5P,2257,-3.873
L-741742,3J5P,2258,-3.872
ZCL-278,3J5P,2259,-3.871
tariquidar,3J5P,2260,-3.869
NVP-BGJ398,3J5P,2261,-3.869
vilazodone,3J5P,2262,-3.865
10-hydroxycamptothecin,3J5P,2263,-3.858
GW-843682X,3J5P,2264,-3.857
pacritinib,3J5P,2265,-3.855
GR125487,3J5P,2266,-3.854
CPCCOEt,3J5P,2267,-3.852
brexpiprazole,3J5P,2268,-3.851
LY2606368,3J5P,2269,-3.851
A-674563,3J5P,2270,-3.851
AZ3146,3J5P,2271,-3.848
PIM-1-Inhibitor-2,3J5P,2272,-3.848
PF-06463922,3J5P,2273,-3.848
altiratinib,3J5P,2274,-3.847
PF-4800567,3J5P,2275,-3.845
MK-2048,3J5P,2276,-3.842
barasertib-HQPA,3J5P,2277,-3.84
UNC0631,3J5P,2278,-3.838
CUDC-101,3J5P,2279,-3.838
RS-102221,3J5P,2280,-3.837
VER-49009,3J5P,2281,-3.837
GDC-0623,3J5P,2282,-3.832
tandutinib,3J5P,2283,-3.824
CGM097,3J5P,2284,-3.823
NVP-HSP990,3J5P,2285,-3.822
GW-843682X,3J5P,2286,-3.817
C-021,3J5P,2287,-3.817
tivozanib,3J5P,2288,-3.814
GW-583340,3J5P,2289,-3.811
UNC0224,3J5P,2290,-3.811
asunaprevir,3J5P,2291,-3.81
edaglitazone,3J5P,2292,-3.809
RS-504393,3J5P,2293,-3.806
warfarin,3J5P,2294,-3.804
lafutidine,3J5P,2295,-3.8
GSK2801,3J5P,2296,-3.8
flucloxacillin,3J5P,2297,-3.795
ONO-4059,3J5P,2298,-3.793
PF-06463922,3J5P,2299,-3.792
asunaprevir,3J5P,2300,-3.791
genz-644282,3J5P,2301,-3.789
UNC0642,3J5P,2302,-3.788
azasetron,3J5P,2303,-3.786
DCC-2618,3J5P,2304,-3.786
RS-504393,3J5P,2305,-3.783
BTS-72664,3J5P,2306,-3.779
PSI-7976,3J5P,2307,-3.772
volasertib,3J5P,2308,-3.769
ZK811752,3J5P,2309,-3.767
BAY-87-2243,3J5P,2310,-3.764
VU-0422288,3J5P,2311,-3.763
AZ3146,3J5P,2312,-3.762
brexpiprazole,3J5P,2313,-3.762
GW-1929,3J5P,2314,-3.756
barasertib-HQPA,3J5P,2315,-3.755
elagolix,3J5P,2316,-3.753
teniposide,3J5P,2317,-3.751
VER-49009,3J5P,2318,-3.75
UNC0224,3J5P,2319,-3.75
teniposide,3J5P,2320,-3.749
CUDC-101,3J5P,2321,-3.746
monastrol,3J5P,2322,-3.746
CPCCOEt,3J5P,2323,-3.741
simeprevir,3J5P,2324,-3.738
GR125487,3J5P,2325,-3.735
barasertib,3J5P,2326,-3.734
NKY-80,3J5P,2327,-3.733
PF-4800567,3J5P,2328,-3.727
actinomycin-d,3J5P,2329,-3.726
CUDC-101,3J5P,2330,-3.726
proxodolol,3J5P,2331,-3.723
NBI-74330-(+_-),3J5P,2332,-3.722
SCH-51344,3J5P,2333,-3.72
proxodolol,3J5P,2334,-3.715
TG-02,3J5P,2335,-3.709
NU-1025,3J5P,2336,-3.709
fenofibric-acid,3J5P,2337,-3.707
AZ3146,3J5P,2338,-3.707
elagolix,3J5P,2339,-3.706
taranabant,3J5P,2340,-3.7
A-839977,3J5P,2341,-3.696
C-021,3J5P,2342,-3.695
A-839977,3J5P,2343,-3.694
RS-102221,3J5P,2344,-3.692
paritaprevir,3J5P,2345,-3.691
RS-102221,3J5P,2346,-3.689
G007-LK,3J5P,2347,-3.689
liranaftate,3J5P,2348,-3.688
betrixaban,3J5P,2349,-3.684
teniposide,3J5P,2350,-3.681
asunaprevir,3J5P,2351,-3.681
danusertib,3J5P,2352,-3.68
elacridar,3J5P,2353,-3.68
RS-504393,3J5P,2354,-3.679
simeprevir,3J5P,2355,-3.676
canertinib,3J5P,2356,-3.675
GW-843682X,3J5P,2357,-3.675
bay-60-7550,3J5P,2358,-3.672
ZM-447439,3J5P,2359,-3.67
A-839977,3J5P,2360,-3.666
teniposide,3J5P,2361,-3.664
UNC0737,3J5P,2362,-3.663
puromycin,3J5P,2363,-3.656
azilsartan-medoxomil,3J5P,2364,-3.653
paritaprevir,3J5P,2365,-3.653
PD-166285,3J5P,2366,-3.64
CYM-50260,3J5P,2367,-3.639
AZD8931,3J5P,2368,-3.632
UNC0224,3J5P,2369,-3.632
vindesine,3J5P,2370,-3.629
efatutazone,3J5P,2371,-3.627
NBI-74330-(+_-),3J5P,2372,-3.626
GW-1929,3J5P,2373,-3.626
doxazosin,3J5P,2374,-3.624
rebastinib,3J5P,2375,-3.622
garenoxacin,3J5P,2376,-3.62
tariquidar,3J5P,2377,-3.613
AZ5104,3J5P,2378,-3.608
C-021,3J5P,2379,-3.608
ARV-825,3J5P,2380,-3.608
mepacrine,3J5P,2381,-3.607
lafutidine,3J5P,2382,-3.605
CPCCOEt,3J5P,2383,-3.604
AMG-208,3J5P,2384,-3.603
PIM-1-Inhibitor-2,3J5P,2385,-3.597
PF-06463922,3J5P,2386,-3.597
MK-2048,3J5P,2387,-3.594
danirixin,3J5P,2388,-3.594
tariquidar,3J5P,2389,-3.592
NMS-E973,3J5P,2390,-3.59
TAK-593,3J5P,2391,-3.586
TG-02,3J5P,2392,-3.584
TGR-1202,3J5P,2393,-3.581
gabazine,3J5P,2394,-3.579
pranlukast,3J5P,2395,-3.578
olmutinib,3J5P,2396,-3.578
ZCL-278,3J5P,2397,-3.574
dicloxacillin,3J5P,2398,-3.573
ABT-751,3J5P,2399,-3.572
iloperidone,3J5P,2400,-3.572
barasertib-HQPA,3J5P,2401,-3.566
SB-590885,3J5P,2402,-3.559
volasertib,3J5P,2403,-3.556
NDT-9513727,3J5P,2404,-3.554
trequinsin,3J5P,2405,-3.549
vindesine,3J5P,2406,-3.546
NDT-9513727,3J5P,2407,-3.544
GW-405833,3J5P,2408,-3.541
BQU57,3J5P,2409,-3.536
telatinib,3J5P,2410,-3.536
lafutidine,3J5P,2411,-3.533
asunaprevir,3J5P,2412,-3.532
VER-49009,3J5P,2413,-3.529
liranaftate,3J5P,2414,-3.528
PD-166285,3J5P,2415,-3.526
SGI-1776,3J5P,2416,-3.524
candesartan-cilextil,3J5P,2417,-3.521
oxiperomide,3J5P,2418,-3.52
MRK-016,3J5P,2419,-3.516
paritaprevir,3J5P,2420,-3.516
NVP-BGJ398,3J5P,2421,-3.515
brexpiprazole,3J5P,2422,-3.51
tariquidar,3J5P,2423,-3.501
WZ-3146,3J5P,2424,-3.5
PF-06463922,3J5P,2425,-3.497
paliperidone,3J5P,2426,-3.49
dorsomorphin,3J5P,2427,-3.487
GR125487,3J5P,2428,-3.486
CID-16020046,3J5P,2429,-3.477
AMG-487-(+_-),3J5P,2430,-3.474
danirixin,3J5P,2431,-3.474
UNC0631,3J5P,2432,-3.472
DMH1,3J5P,2433,-3.472
mepacrine,3J5P,2434,-3.47
PSI-7976,3J5P,2435,-3.469
UNC0631,3J5P,2436,-3.466
PD-166285,3J5P,2437,-3.465
ku-0063794,3J5P,2438,-3.463
lorlatinib,3J5P,2439,-3.462
AZD3759,3J5P,2440,-3.458
oglemilast,3J5P,2441,-3.456
astemizole,3J5P,2442,-3.455
asunaprevir,3J5P,2443,-3.454
GW-803430,3J5P,2444,-3.453
golvatinib,3J5P,2445,-3.453
proxodolol,3J5P,2446,-3.452
piribedil,3J5P,2447,-3.45
ML-348,3J5P,2448,-3.446
BCI-540,3J5P,2449,-3.444
lorlatinib,3J5P,2450,-3.442
lafutidine,3J5P,2451,-3.442
JW-74,3J5P,2452,-3.438
TMC-353121,3J5P,2453,-3.437
TMC-353121,3J5P,2454,-3.436
anlotinib,3J5P,2455,-3.435
CP-724714,3J5P,2456,-3.434
UNC0224,3J5P,2457,-3.433
barasertib-HQPA,3J5P,2458,-3.43
I-BET151,3J5P,2459,-3.43
LRRK2-IN-1,3J5P,2460,-3.429
salazodine,3J5P,2461,-3.427
AZ3146,3J5P,2462,-3.426
barasertib-HQPA,3J5P,2463,-3.425
amodiaquine,3J5P,2464,-3.423
ONO-4059,3J5P,2465,-3.423
MBX-2982,3J5P,2466,-3.419
canertinib,3J5P,2467,-3.417
EMD-1214063,3J5P,2468,-3.413
rosmarinic-acid,3J5P,2469,-3.413
iloperidone,3J5P,2470,-3.411
PTC-209,3J5P,2471,-3.411
rifaximin,3J5P,2472,-3.409
sonidegib,3J5P,2473,-3.405
rifaximin,3J5P,2474,-3.399
CGP-20712A,3J5P,2475,-3.398
MK-1775,3J5P,2476,-3.393
paliperidone,3J5P,2477,-3.392
UNC0642,3J5P,2478,-3.391
mibefradil,3J5P,2479,-3.388
NDT-9513727,3J5P,2480,-3.387
KL-001,3J5P,2481,-3.386
NMS-P715,3J5P,2482,-3.381
alfuzosin,3J5P,2483,-3.381
CX-4945,3J5P,2484,-3.376
ML314,3J5P,2485,-3.374
salazodine,3J5P,2486,-3.374
droxicam,3J5P,2487,-3.37
SJ-172550,3J5P,2488,-3.37
SJ-172550,3J5P,2489,-3.37
AZ3146,3J5P,2490,-3.368
rebastinib,3J5P,2491,-3.367
rifaximin,3J5P,2492,-3.366
paritaprevir,3J5P,2493,-3.364
GKA-50,3J5P,2494,-3.364
NMS-E973,3J5P,2495,-3.364
UNC0642,3J5P,2496,-3.363
vindesine,3J5P,2497,-3.362
ansamitocin-p-3,3J5P,2498,-3.361
RBC8,3J5P,2499,-3.359
NDT-9513727,3J5P,2500,-3.359
golvatinib,3J5P,2501,-3.358
ONO-4059,3J5P,2502,-3.357
GSK2578215A,3J5P,2503,-3.357
UNC0224,3J5P,2504,-3.356
AMG458,3J5P,2505,-3.344
L-741742,3J5P,2506,-3.344
TAK-593,3J5P,2507,-3.343
rifaximin,3J5P,2508,-3.339
LY2606368,3J5P,2509,-3.339
elbasvir,3J5P,2510,-3.339
LY2606368,3J5P,2511,-3.336
rifaximin,3J5P,2512,-3.334
ML-348,3J5P,2513,-3.334
UNC0737,3J5P,2514,-3.328
A-674563,3J5P,2515,-3.327
LY266097,3J5P,2516,-3.326
NDT-9513727,3J5P,2517,-3.325
A-939572,3J5P,2518,-3.324
vinorelbine,3J5P,2519,-3.323
BIX-01294,3J5P,2520,-3.321
CGP-20712A,3J5P,2521,-3.318
dicloxacillin,3J5P,2522,-3.316
PF-06463922,3J5P,2523,-3.315
BMY-45778,3J5P,2524,-3.315
UNC0631,3J5P,2525,-3.312
azilsartan-medoxomil,3J5P,2526,-3.311
HA-14-1,3J5P,2527,-3.31
actinomycin-d,3J5P,2528,-3.308
teniposide,3J5P,2529,-3.308
CCG-63802,3J5P,2530,-3.307
RS-100329,3J5P,2531,-3.307
UNC0631,3J5P,2532,-3.305
AZD8931,3J5P,2533,-3.305
pyronaridine,3J5P,2534,-3.301
PF-06463922,3J5P,2535,-3.301
anlotinib,3J5P,2536,-3.3
alfuzosin,3J5P,2537,-3.3
fenofibric-acid,3J5P,2538,-3.299
tariquidar,3J5P,2539,-3.293
vinorelbine,3J5P,2540,-3.291
betrixaban,3J5P,2541,-3.29
RS-504393,3J5P,2542,-3.287
UNC0642,3J5P,2543,-3.285
PSI-7976,3J5P,2544,-3.285
DCC-2618,3J5P,2545,-3.282
ZK811752,3J5P,2546,-3.278
actinomycin-d,3J5P,2547,-3.276
anlotinib,3J5P,2548,-3.275
crenolanib,3J5P,2549,-3.273
NKY-80,3J5P,2550,-3.273
paritaprevir,3J5P,2551,-3.269
teniposide,3J5P,2552,-3.267
BAY-87-2243,3J5P,2553,-3.267
coumarin,3J5P,2554,-3.264
UNC0224,3J5P,2555,-3.264
SGC-CBP30,3J5P,2556,-3.258
azasetron,3J5P,2557,-3.253
trequinsin,3J5P,2558,-3.249
UNC0642,3J5P,2559,-3.237
AZD8931,3J5P,2560,-3.237
PD-102807,3J5P,2561,-3.236
riociguat,3J5P,2562,-3.233
iloperidone,3J5P,2563,-3.23
I-BET-762,3J5P,2564,-3.23
UNC0631,3J5P,2565,-3.223
vinorelbine,3J5P,2566,-3.222
gabazine,3J5P,2567,-3.221
BMS-191095,3J5P,2568,-3.221
SBE-13,3J5P,2569,-3.219
TAK-593,3J5P,2570,-3.219
copanlisib,3J5P,2571,-3.217
UNC0638,3J5P,2572,-3.217
paritaprevir,3J5P,2573,-3.217
TG-100572,3J5P,2574,-3.215
vindesine,3J5P,2575,-3.212
paritaprevir,3J5P,2576,-3.208
posaconazole,3J5P,2577,-3.207
NBI-74330-(+_-),3J5P,2578,-3.204
AZD8931,3J5P,2579,-3.203
proglumetacin,3J5P,2580,-3.202
vinorelbine,3J5P,2581,-3.201
AZD3759,3J5P,2582,-3.193
BIX-01294,3J5P,2583,-3.187
lafutidine,3J5P,2584,-3.185
RS-102221,3J5P,2585,-3.183
TBA-354,3J5P,2586,-3.182
MK-1775,3J5P,2587,-3.179
NVP-BGJ398,3J5P,2588,-3.177
NMS-1286937,3J5P,2589,-3.175
olmutinib,3J5P,2590,-3.175
ML314,3J5P,2591,-3.174
paliperidone,3J5P,2592,-3.174
barasertib,3J5P,2593,-3.168
nefazodone,3J5P,2594,-3.167
AVE-0991,3J5P,2595,-3.167
telithromycin,3J5P,2596,-3.164
ZK811752,3J5P,2597,-3.162
PF-06463922,3J5P,2598,-3.162
CGP-20712A,3J5P,2599,-3.155
UNC0642,3J5P,2600,-3.154
vardenafil,3J5P,2601,-3.153
brexpiprazole,3J5P,2602,-3.153
AMG900,3J5P,2603,-3.152
UNC0638,3J5P,2604,-3.151
vardenafil,3J5P,2605,-3.147
vinorelbine,3J5P,2606,-3.146
piboserod,3J5P,2607,-3.143
UNC0737,3J5P,2608,-3.139
SCH-51344,3J5P,2609,-3.129
MK-6096,3J5P,2610,-3.128
edaglitazone,3J5P,2611,-3.128
SJ-172550,3J5P,2612,-3.127
lorlatinib,3J5P,2613,-3.126
alfuzosin,3J5P,2614,-3.125
alfuzosin,3J5P,2615,-3.124
SN-38,3J5P,2616,-3.121
NVP-HSP990,3J5P,2617,-3.119
teniposide,3J5P,2618,-3.117
elbasvir,3J5P,2619,-3.117
vinorelbine,3J5P,2620,-3.115
UNC0224,3J5P,2621,-3.114
BAY-61-3606,3J5P,2622,-3.112
YIL-781,3J5P,2623,-3.112
TC-N-1752,3J5P,2624,-3.11
UNC0642,3J5P,2625,-3.108
golvatinib,3J5P,2626,-3.108
lorlatinib,3J5P,2627,-3.105
UNC0638,3J5P,2628,-3.104
gilteritinib,3J5P,2629,-3.104
mepacrine,3J5P,2630,-3.103
TMC-353121,3J5P,2631,-3.103
PF-06463922,3J5P,2632,-3.101
SANT-2,3J5P,2633,-3.098
proxodolol,3J5P,2634,-3.098
taranabant,3J5P,2635,-3.095
CGP-20712A,3J5P,2636,-3.095
SB-590885,3J5P,2637,-3.087
iloperidone,3J5P,2638,-3.087
bunazosin,3J5P,2639,-3.086
mibefradil,3J5P,2640,-3.086
vincristine,3J5P,2641,-3.084
UNC0638,3J5P,2642,-3.084
BMS-191095,3J5P,2643,-3.079
vinorelbine,3J5P,2644,-3.077
cisapride,3J5P,2645,-3.075
cisapride,3J5P,2646,-3.074
osimertinib,3J5P,2647,-3.074
AMG-487-(+_-),3J5P,2648,-3.073
rebastinib,3J5P,2649,-3.072
proxodolol,3J5P,2650,-3.071
BLU9931,3J5P,2651,-3.071
azeliragon,3J5P,2652,-3.069
liranaftate,3J5P,2653,-3.067
piclamilast,3J5P,2654,-3.066
JNJ-27141491,3J5P,2655,-3.059
osimertinib,3J5P,2656,-3.059
trequinsin,3J5P,2657,-3.059
pyronaridine,3J5P,2658,-3.057
actinomycin-d,3J5P,2659,-3.056
elagolix,3J5P,2660,-3.055
vardenafil,3J5P,2661,-3.053
vilazodone,3J5P,2662,-3.052
MK-1775,3J5P,2663,-3.05
MK2-IN-1,3J5P,2664,-3.046
AMG-487-(+_-),3J5P,2665,-3.045
CW-008,3J5P,2666,-3.042
nicergoline,3J5P,2667,-3.04
dicloxacillin,3J5P,2668,-3.04
telatinib,3J5P,2669,-3.039
azeliragon,3J5P,2670,-3.038
SID-7969543,3J5P,2671,-3.037
dicloxacillin,3J5P,2672,-3.036
AZ3146,3J5P,2673,-3.035
KL-001,3J5P,2674,-3.033
crizotinib-(S),3J5P,2675,-3.031
LY2874455,3J5P,2676,-3.031
TG-101348,3J5P,2677,-3.029
GW-6471,3J5P,2678,-3.027
CCG-63802,3J5P,2679,-3.026
CGP-20712A,3J5P,2680,-3.023
lorlatinib,3J5P,2681,-3.02
nicergoline,3J5P,2682,-3.016
PD-166285,3J5P,2683,-3.014
osimertinib,3J5P,2684,-3.011
vinorelbine,3J5P,2685,-3.009
danusertib,3J5P,2686,-3.009
UNC0646,3J5P,2687,-3.008
VER-49009,3J5P,2688,-3.007
mibefradil,3J5P,2689,-3.007
MK-1775,3J5P,2690,-3.005
piclamilast,3J5P,2691,-2.997
proxodolol,3J5P,2692,-2.997
teniposide,3J5P,2693,-2.996
bunazosin,3J5P,2694,-2.994
MK-1775,3J5P,2695,-2.989
SGI-1776,3J5P,2696,-2.986
JNJ-27141491,3J5P,2697,-2.983
vindesine,3J5P,2698,-2.982
zafirlukast,3J5P,2699,-2.977
UNC0646,3J5P,2700,-2.977
GSK1838705A,3J5P,2701,-2.972
BQU57,3J5P,2702,-2.971
afobazole,3J5P,2703,-2.967
GSK2190915,3J5P,2704,-2.963
salazodine,3J5P,2705,-2.959
brexpiprazole,3J5P,2706,-2.956
ZCL-278,3J5P,2707,-2.952
MRS-1220,3J5P,2708,-2.951
MK-2048,3J5P,2709,-2.951
dorsomorphin,3J5P,2710,-2.95
oglemilast,3J5P,2711,-2.947
trequinsin,3J5P,2712,-2.942
UNC0642,3J5P,2713,-2.94
zafirlukast,3J5P,2714,-2.939
bunazosin,3J5P,2715,-2.938
azasetron,3J5P,2716,-2.938
afobazole,3J5P,2717,-2.937
TMC-353121,3J5P,2718,-2.935
PF-06463922,3J5P,2719,-2.934
SGI-1776,3J5P,2720,-2.933
astemizole,3J5P,2721,-2.931
mibefradil,3J5P,2722,-2.928
barasertib-HQPA,3J5P,2723,-2.926
uprosertib,3J5P,2724,-2.924
CW-008,3J5P,2725,-2.914
asunaprevir,3J5P,2726,-2.914
GTS21,3J5P,2727,-2.912
quinine-ethyl-carbonate,3J5P,2728,-2.91
fenofibrate,3J5P,2729,-2.909
LY2874455,3J5P,2730,-2.907
suvorexant,3J5P,2731,-2.903
UNC0224,3J5P,2732,-2.901
PSB-603,3J5P,2733,-2.895
A-839977,3J5P,2734,-2.895
ansamitocin-p-3,3J5P,2735,-2.894
BIX-01294,3J5P,2736,-2.881
ARV-825,3J5P,2737,-2.879
TAK-593,3J5P,2738,-2.876
UNC0321,3J5P,2739,-2.874
ansamitocin-p-3,3J5P,2740,-2.872
mepacrine,3J5P,2741,-2.872
benzydamine,3J5P,2742,-2.872
nefazodone,3J5P,2743,-2.87
TMC-353121,3J5P,2744,-2.868
UNC0638,3J5P,2745,-2.867
vinorelbine,3J5P,2746,-2.865
proglumetacin,3J5P,2747,-2.864
AMG-487-(+_-),3J5P,2748,-2.864
AZD8186,3J5P,2749,-2.863
dicloxacillin,3J5P,2750,-2.863
sildenafil,3J5P,2751,-2.861
amoxapine,3J5P,2752,-2.857
riociguat,3J5P,2753,-2.854
UNC0224,3J5P,2754,-2.849
vinorelbine,3J5P,2755,-2.845
cisapride,3J5P,2756,-2.842
OTX015,3J5P,2757,-2.832
proxodolol,3J5P,2758,-2.83
UNC0638,3J5P,2759,-2.829
osimertinib,3J5P,2760,-2.828
KI-20227,3J5P,2761,-2.825
teniposide,3J5P,2762,-2.823
crizotinib-(S),3J5P,2763,-2.822
MK-2048,3J5P,2764,-2.82
lorlatinib,3J5P,2765,-2.82
GKA-50,3J5P,2766,-2.818
UNC0642,3J5P,2767,-2.816
suvorexant,3J5P,2768,-2.806
BIX-01294,3J5P,2769,-2.805
UNC0737,3J5P,2770,-2.804
ABT-751,3J5P,2771,-2.803
CC-401,3J5P,2772,-2.801
MK-2048,3J5P,2773,-2.797
TG-02,3J5P,2774,-2.796
CGM097,3J5P,2775,-2.795
ansamitocin-p-3,3J5P,2776,-2.795
pyronaridine,3J5P,2777,-2.789
spiroxatrine,3J5P,2778,-2.787
pyronaridine,3J5P,2779,-2.783
BQU57,3J5P,2780,-2.783
oxiperomide,3J5P,2781,-2.768
KD025,3J5P,2782,-2.765
mepacrine,3J5P,2783,-2.758
GKA-50,3J5P,2784,-2.751
MRS-1220,3J5P,2785,-2.749
vinorelbine,3J5P,2786,-2.748
BIX-01294,3J5P,2787,-2.745
KL-001,3J5P,2788,-2.744
sobetirome,3J5P,2789,-2.741
NMS-E973,3J5P,2790,-2.736
AVL-292,3J5P,2791,-2.735
simeprevir,3J5P,2792,-2.734
AZ3146,3J5P,2793,-2.734
AZ3146,3J5P,2794,-2.727
FR-122047,3J5P,2795,-2.724
trovafloxacin,3J5P,2796,-2.723
GSK2190915,3J5P,2797,-2.719
vincristine,3J5P,2798,-2.711
UNC0642,3J5P,2799,-2.708
elbasvir,3J5P,2800,-2.703
bunazosin,3J5P,2801,-2.701
NDT-9513727,3J5P,2802,-2.7
L-741742,3J5P,2803,-2.696
piclamilast,3J5P,2804,-2.694
iloperidone,3J5P,2805,-2.691
UNC0631,3J5P,2806,-2.683
BIBN4096,3J5P,2807,-2.679
mirodenafil,3J5P,2808,-2.675
CID-16020046,3J5P,2809,-2.674
TMC-353121,3J5P,2810,-2.673
maytansinol-isobutyrate,3J5P,2811,-2.672
lorlatinib,3J5P,2812,-2.67
piclamilast,3J5P,2813,-2.669
JK-184,3J5P,2814,-2.664
NBI-74330-(+_-),3J5P,2815,-2.655
A-839977,3J5P,2816,-2.65
mepacrine,3J5P,2817,-2.645
UNC0638,3J5P,2818,-2.639
UNC0631,3J5P,2819,-2.639
UNC0737,3J5P,2820,-2.637
cisapride,3J5P,2821,-2.634
nefazodone,3J5P,2822,-2.632
TC-NTR1-17,3J5P,2823,-2.62
PF-06463922,3J5P,2824,-2.617
AVL-292,3J5P,2825,-2.61
mepacrine,3J5P,2826,-2.605
imiloxan,3J5P,2827,-2.598
CC-401,3J5P,2828,-2.591
GTS21,3J5P,2829,-2.585
UNC0737,3J5P,2830,-2.583
uprosertib,3J5P,2831,-2.577
barasertib-HQPA,3J5P,2832,-2.575
vinflunine,3J5P,2833,-2.573
GR125487,3J5P,2834,-2.573
BIX-01294,3J5P,2835,-2.564
NK-252,3J5P,2836,-2.562
candesartan-cilextil,3J5P,2837,-2.561
NVP-BGJ398,3J5P,2838,-2.559
amodiaquine,3J5P,2839,-2.556
loxapine,3J5P,2840,-2.555
UNC0737,3J5P,2841,-2.553
piclamilast,3J5P,2842,-2.55
posaconazole,3J5P,2843,-2.544
LY3000328,3J5P,2844,-2.543
NBI-74330-(+_-),3J5P,2845,-2.543
pyronaridine,3J5P,2846,-2.539
oxiperomide,3J5P,2847,-2.537
UNC0631,3J5P,2848,-2.535
BIX-01294,3J5P,2849,-2.535
crizotinib-(S),3J5P,2850,-2.532
AVL-292,3J5P,2851,-2.53
GR125487,3J5P,2852,-2.528
piclamilast,3J5P,2853,-2.522
CCG-63802,3J5P,2854,-2.516
amoxapine,3J5P,2855,-2.508
proxodolol,3J5P,2856,-2.507
phenacaine,3J5P,2857,-2.507
osimertinib,3J5P,2858,-2.507
tariquidar,3J5P,2859,-2.504
ARV-825,3J5P,2860,-2.503
WAY-100635,3J5P,2861,-2.502
barasertib-HQPA,3J5P,2862,-2.499
golvatinib,3J5P,2863,-2.496
mepacrine,3J5P,2864,-2.493
NVP-BGJ398,3J5P,2865,-2.491
vinflunine,3J5P,2866,-2.486
PD-102807,3J5P,2867,-2.485
oglemilast,3J5P,2868,-2.484
CGP-20712A,3J5P,2869,-2.482
simeprevir,3J5P,2870,-2.479
mepacrine,3J5P,2871,-2.47
barasertib,3J5P,2872,-2.461
oglemilast,3J5P,2873,-2.447
posaconazole,3J5P,2874,-2.444
vinflunine,3J5P,2875,-2.443
ML314,3J5P,2876,-2.442
quizartinib,3J5P,2877,-2.442
betrixaban,3J5P,2878,-2.442
UNC0631,3J5P,2879,-2.441
AV-412,3J5P,2880,-2.441
ARV-825,3J5P,2881,-2.439
ZCL-278,3J5P,2882,-2.436
dicloxacillin,3J5P,2883,-2.434
astemizole,3J5P,2884,-2.432
GSK269962,3J5P,2885,-2.431
SGI-1776,3J5P,2886,-2.427
NBI-74330-(+_-),3J5P,2887,-2.424
WZ-3146,3J5P,2888,-2.424
azeliragon,3J5P,2889,-2.421
ZCL-278,3J5P,2890,-2.42
PF-04620110,3J5P,2891,-2.409
UNC0224,3J5P,2892,-2.408
mirodenafil,3J5P,2893,-2.407
UNC0631,3J5P,2894,-2.402
osimertinib,3J5P,2895,-2.398
UNC0642,3J5P,2896,-2.397
GSK2578215A,3J5P,2897,-2.396
benzydamine,3J5P,2898,-2.394
risperidone,3J5P,2899,-2.393
BIX-01294,3J5P,2900,-2.39
GTS21,3J5P,2901,-2.39
vincristine,3J5P,2902,-2.389
CCG-63802,3J5P,2903,-2.389
vinflunine,3J5P,2904,-2.386
barasertib-HQPA,3J5P,2905,-2.383
RBC8,3J5P,2906,-2.38
elacridar,3J5P,2907,-2.379
AMG-208,3J5P,2908,-2.376
iloperidone,3J5P,2909,-2.367
mepacrine,3J5P,2910,-2.363
UNC0638,3J5P,2911,-2.362
ML347,3J5P,2912,-2.359
brexpiprazole,3J5P,2913,-2.357
2-[1-(4-piperonyl)piperazinyl]benzothiazole,3J5P,2914,-2.351
puromycin,3J5P,2915,-2.35
copanlisib,3J5P,2916,-2.35
DMH4,3J5P,2917,-2.349
SGI-1776,3J5P,2918,-2.345
UNC0737,3J5P,2919,-2.344
bosutinib,3J5P,2920,-2.344
SB-216641,3J5P,2921,-2.343
GSK269962,3J5P,2922,-2.338
actinomycin-d,3J5P,2923,-2.338
afobazole,3J5P,2924,-2.33
afobazole,3J5P,2925,-2.328
SID-7969543,3J5P,2926,-2.323
UNC0646,3J5P,2927,-2.321
TMC-353121,3J5P,2928,-2.318
FPL-62064,3J5P,2929,-2.317
AMG-337,3J5P,2930,-2.314
GSK2578215A,3J5P,2931,-2.312
telithromycin,3J5P,2932,-2.309
delamanid,3J5P,2933,-2.309
GSK269962,3J5P,2934,-2.308
GSK2578215A,3J5P,2935,-2.307
mepacrine,3J5P,2936,-2.3
benzydamine,3J5P,2937,-2.297
pardoprunox,3J5P,2938,-2.297
barasertib-HQPA,3J5P,2939,-2.293
L-741742,3J5P,2940,-2.293
tandutinib,3J5P,2941,-2.293
CTEP,3J5P,2942,-2.292
simeprevir,3J5P,2943,-2.288
mibefradil,3J5P,2944,-2.287
GR125487,3J5P,2945,-2.283
ML-348,3J5P,2946,-2.281
TG-100801,3J5P,2947,-2.277
BAY-87-2243,3J5P,2948,-2.272
vinblastine,3J5P,2949,-2.272
benzydamine,3J5P,2950,-2.272
UNC0224,3J5P,2951,-2.265
AVE-0991,3J5P,2952,-2.26
ansamitocin-p-3,3J5P,2953,-2.259
AVL-292,3J5P,2954,-2.259
vardenafil,3J5P,2955,-2.247
AZM-475271,3J5P,2956,-2.246
ZK811752,3J5P,2957,-2.244
UNC0321,3J5P,2958,-2.244
sildenafil,3J5P,2959,-2.243
proxodolol,3J5P,2960,-2.234
sildenafil,3J5P,2961,-2.234
CC-401,3J5P,2962,-2.234
simeprevir,3J5P,2963,-2.23
ARV-825,3J5P,2964,-2.227
risperidone,3J5P,2965,-2.224
decoquinate,3J5P,2966,-2.22
vinblastine,3J5P,2967,-2.211
BIBN4096,3J5P,2968,-2.211
mepacrine,3J5P,2969,-2.207
A-887826,3J5P,2970,-2.201
UNC0646,3J5P,2971,-2.197
AVL-292,3J5P,2972,-2.193
itraconazole,3J5P,2973,-2.188
YM-201636,3J5P,2974,-2.186
AI-10-49,3J5P,2975,-2.183
DMH1,3J5P,2976,-2.18
YM-201636,3J5P,2977,-2.179
mepacrine,3J5P,2978,-2.177
AZ3146,3J5P,2979,-2.173
proxodolol,3J5P,2980,-2.171
trequinsin,3J5P,2981,-2.165
telotristat-ethyl,3J5P,2982,-2.163
CGP-20712A,3J5P,2983,-2.161
RS-102221,3J5P,2984,-2.16
BIX-01294,3J5P,2985,-2.159
candesartan-cilextil,3J5P,2986,-2.155
decoquinate,3J5P,2987,-2.154
XMD17-109,3J5P,2988,-2.153
elagolix,3J5P,2989,-2.148
AV-412,3J5P,2990,-2.147
L-694247,3J5P,2991,-2.145
ansamitocin-p-3,3J5P,2992,-2.144
UNC0737,3J5P,2993,-2.144
ansamitocin-p-3,3J5P,2994,-2.14
PTC-209,3J5P,2995,-2.136
ARV-825,3J5P,2996,-2.131
astemizole,3J5P,2997,-2.13
piboserod,3J5P,2998,-2.126
nor-Binaltorphimine-dihydrochloride,3J5P,2999,-2.107
piclamilast,3J5P,3000,-2.104
ML314,3J5P,3001,-2.103
alfuzosin,3J5P,3002,-2.099
elagolix,3J5P,3003,-2.094
XL-647,3J5P,3004,-2.09
EMD-1214063,3J5P,3005,-2.081
UNC0646,3J5P,3006,-2.079
proxodolol,3J5P,3007,-2.07
UNC0224,3J5P,3008,-2.067
ansamitocin-p-3,3J5P,3009,-2.066
UNC0224,3J5P,3010,-2.065
TG-02,3J5P,3011,-2.06
osimertinib,3J5P,3012,-2.055
GSK2801,3J5P,3013,-2.053
OTS167,3J5P,3014,-2.053
copanlisib,3J5P,3015,-2.048
vinorelbine,3J5P,3016,-2.041
tariquidar,3J5P,3017,-2.041
LY2874455,3J5P,3018,-2.04
A-887826,3J5P,3019,-2.039
UNC0737,3J5P,3020,-2.036
mibefradil,3J5P,3021,-2.036
RS-102221,3J5P,3022,-2.033
UNC0321,3J5P,3023,-2.032
T-0156,3J5P,3024,-2.027
GSK-2837808A,3J5P,3025,-2.02
mibefradil,3J5P,3026,-2.019
actinomycin-d,3J5P,3027,-2.016
UNC0321,3J5P,3028,-2.013
UNC0321,3J5P,3029,-2.008
UNC0642,3J5P,3030,-2.007
vinorelbine,3J5P,3031,-2.004
UNC0737,3J5P,3032,-1.996
UNC0631,3J5P,3033,-1.991
dorsomorphin,3J5P,3034,-1.988
crizotinib,3J5P,3035,-1.984
LY3000328,3J5P,3036,-1.983
UNC0321,3J5P,3037,-1.977
ansamitocin-p-3,3J5P,3038,-1.967
SGI-1776,3J5P,3039,-1.966
UNC0224,3J5P,3040,-1.966
UNC0631,3J5P,3041,-1.966
UNC0646,3J5P,3042,-1.965
CUDC-427,3J5P,3043,-1.963
T-0156,3J5P,3044,-1.963
RS-102221,3J5P,3045,-1.959
proglumetacin,3J5P,3046,-1.957
CFM-1571,3J5P,3047,-1.955
UNC0737,3J5P,3048,-1.953
proglumetacin,3J5P,3049,-1.938
paritaprevir,3J5P,3050,-1.932
teniposide,3J5P,3051,-1.931
NBI-74330-(+_-),3J5P,3052,-1.928
meclinertant,3J5P,3053,-1.916
T-0156,3J5P,3054,-1.915
LY3000328,3J5P,3055,-1.915
UNC0638,3J5P,3056,-1.914
elacridar,3J5P,3057,-1.912
LY2874455,3J5P,3058,-1.902
actinomycin-d,3J5P,3059,-1.898
AMG-487-(+_-),3J5P,3060,-1.893
CGP-20712A,3J5P,3061,-1.892
KT-433,3J5P,3062,-1.891
ARV-825,3J5P,3063,-1.889
UNC0642,3J5P,3064,-1.886
mepacrine,3J5P,3065,-1.885
UNC0642,3J5P,3066,-1.875
UNC0638,3J5P,3067,-1.87
danusertib,3J5P,3068,-1.869
XMD17-109,3J5P,3069,-1.869
PD-166285,3J5P,3070,-1.859
taranabant,3J5P,3071,-1.851
KI-20227,3J5P,3072,-1.845
HER2-Inhibitor-1,3J5P,3073,-1.844
risperidone,3J5P,3074,-1.833
BIX-01294,3J5P,3075,-1.826
azeliragon,3J5P,3076,-1.819
cevipabulin,3J5P,3077,-1.819
osimertinib,3J5P,3078,-1.818
CUDC-427,3J5P,3079,-1.813
pexmetinib,3J5P,3080,-1.794
UNC0224,3J5P,3081,-1.782
proglumetacin,3J5P,3082,-1.781
tandutinib,3J5P,3083,-1.78
UNC0638,3J5P,3084,-1.776
UNC0321,3J5P,3085,-1.763
taranabant,3J5P,3086,-1.763
TG-02,3J5P,3087,-1.758
BIX-01294,3J5P,3088,-1.75
afobazole,3J5P,3089,-1.744
NMS-P715,3J5P,3090,-1.743
GKA-50,3J5P,3091,-1.743
AZ5104,3J5P,3092,-1.742
GKA-50,3J5P,3093,-1.738
AMG-208,3J5P,3094,-1.736
AVL-292,3J5P,3095,-1.733
betrixaban,3J5P,3096,-1.728
GW-405833,3J5P,3097,-1.725
UNC0646,3J5P,3098,-1.719
RS-504393,3J5P,3099,-1.718
ansamitocin-p-3,3J5P,3100,-1.714
danusertib,3J5P,3101,-1.712
proxodolol,3J5P,3102,-1.711
CC-401,3J5P,3103,-1.709
HA-14-1,3J5P,3104,-1.706
CCG-63802,3J5P,3105,-1.702
GSK-2837808A,3J5P,3106,-1.698
NDT-9513727,3J5P,3107,-1.692
WIKI4,3J5P,3108,-1.686
ZK-93426,3J5P,3109,-1.684
quinine-ethyl-carbonate,3J5P,3110,-1.677
imiloxan,3J5P,3111,-1.671
UNC0638,3J5P,3112,-1.67
elacridar,3J5P,3113,-1.669
OTS167,3J5P,3114,-1.668
cabozantinib,3J5P,3115,-1.663
TC-NTR1-17,3J5P,3116,-1.663
UNC0321,3J5P,3117,-1.662
UNC0321,3J5P,3118,-1.662
GR125487,3J5P,3119,-1.66
Q-203,3J5P,3120,-1.66
candesartan-cilextil,3J5P,3121,-1.654
AZD8931,3J5P,3122,-1.653
ZK-93426,3J5P,3123,-1.651
copanlisib,3J5P,3124,-1.649
PF-04620110,3J5P,3125,-1.631
copanlisib,3J5P,3126,-1.624
azilsartan-medoxomil,3J5P,3127,-1.618
MK2-IN-1,3J5P,3128,-1.614
azasetron,3J5P,3129,-1.614
SJ-172550,3J5P,3130,-1.607
KL-001,3J5P,3131,-1.605
BMS-690514,3J5P,3132,-1.605
WH-4-023,3J5P,3133,-1.587
vinblastine,3J5P,3134,-1.572
danusertib,3J5P,3135,-1.57
astemizole,3J5P,3136,-1.567
UNC0631,3J5P,3137,-1.565
tandutinib,3J5P,3138,-1.559
ZK-93426,3J5P,3139,-1.557
vinflunine,3J5P,3140,-1.552
CCG-63802,3J5P,3141,-1.551
ceftaroline-fosamil,3J5P,3142,-1.547
rebastinib,3J5P,3143,-1.544
SBE-13,3J5P,3144,-1.542
UNC0224,3J5P,3145,-1.54
grazoprevir,3J5P,3146,-1.539
UNC0737,3J5P,3147,-1.539
elacridar,3J5P,3148,-1.532
paritaprevir,3J5P,3149,-1.531
BIX-01294,3J5P,3150,-1.53
sildenafil,3J5P,3151,-1.528
WAY-100635,3J5P,3152,-1.527
spiroxatrine,3J5P,3153,-1.523
UNC0631,3J5P,3154,-1.519
sildenafil,3J5P,3155,-1.516
vinblastine,3J5P,3156,-1.513
OTS167,3J5P,3157,-1.512
BMS-599626,3J5P,3158,-1.512
tosufloxacin,3J5P,3159,-1.512
zolantidine,3J5P,3160,-1.512
vinblastine,3J5P,3161,-1.509
proxodolol,3J5P,3162,-1.508
vinflunine,3J5P,3163,-1.504
amtolmetin-guacil,3J5P,3164,-1.503
pacritinib,3J5P,3165,-1.503
decoquinate,3J5P,3166,-1.502
UNC0646,3J5P,3167,-1.498
CCG-63802,3J5P,3168,-1.498
teniposide,3J5P,3169,-1.485
YIL-781,3J5P,3170,-1.476
vinblastine,3J5P,3171,-1.471
tariquidar,3J5P,3172,-1.47
RS-102221,3J5P,3173,-1.466
LY2606368,3J5P,3174,-1.463
azilsartan-medoxomil,3J5P,3175,-1.461
TG-02,3J5P,3176,-1.457
UNC0642,3J5P,3177,-1.456
YM-201636,3J5P,3178,-1.455
UNC0638,3J5P,3179,-1.453
ZK811752,3J5P,3180,-1.452
vinorelbine,3J5P,3181,-1.452
AZM-475271,3J5P,3182,-1.446
KI-20227,3J5P,3183,-1.444
GSK1904529A,3J5P,3184,-1.44
UNC0642,3J5P,3185,-1.44
BIBN4096,3J5P,3186,-1.433
AS-2444697,3J5P,3187,-1.431
vinblastine,3J5P,3188,-1.428
RS-504393,3J5P,3189,-1.427
XMD17-109,3J5P,3190,-1.424
cabozantinib,3J5P,3191,-1.415
BI-224436,3J5P,3192,-1.414
UNC0321,3J5P,3193,-1.412
APD668,3J5P,3194,-1.41
bunazosin,3J5P,3195,-1.397
vinblastine,3J5P,3196,-1.396
MK-6096,3J5P,3197,-1.393
EMD-1214063,3J5P,3198,-1.391
sofosbuvir,3J5P,3199,-1.386
TG-02,3J5P,3200,-1.385
SJ-172550,3J5P,3201,-1.383
rebastinib,3J5P,3202,-1.379
LY2874455,3J5P,3203,-1.376
astemizole,3J5P,3204,-1.374
pantoprazole,3J5P,3205,-1.373
UNC0224,3J5P,3206,-1.373
pantoprazole,3J5P,3207,-1.362
rebastinib,3J5P,3208,-1.359
NMS-E973,3J5P,3209,-1.357
isradipine,3J5P,3210,-1.356
HER2-Inhibitor-1,3J5P,3211,-1.354
pantoprazole,3J5P,3212,-1.353
betrixaban,3J5P,3213,-1.348
HER2-Inhibitor-1,3J5P,3214,-1.339
vinflunine,3J5P,3215,-1.339
UNC0642,3J5P,3216,-1.337
imiloxan,3J5P,3217,-1.336
OTS167,3J5P,3218,-1.336
UNC0321,3J5P,3219,-1.334
TG-101348,3J5P,3220,-1.334
BMS-690514,3J5P,3221,-1.33
UNC0737,3J5P,3222,-1.328
proxodolol,3J5P,3223,-1.319
vinblastine,3J5P,3224,-1.319
cisapride,3J5P,3225,-1.311
UNC0737,3J5P,3226,-1.309
donitriptan,3J5P,3227,-1.302
I-BET151,3J5P,3228,-1.296
AST-1306,3J5P,3229,-1.296
ML-348,3J5P,3230,-1.289
UNC0321,3J5P,3231,-1.283
KI-20227,3J5P,3232,-1.282
TC-NTR1-17,3J5P,3233,-1.281
UNC0224,3J5P,3234,-1.277
bunazosin,3J5P,3235,-1.276
CCG-63802,3J5P,3236,-1.275
SJ-172550,3J5P,3237,-1.274
bunazosin,3J5P,3238,-1.273
RS-102221,3J5P,3239,-1.272
telotristat-ethyl,3J5P,3240,-1.27
vilazodone,3J5P,3241,-1.266
RS-100329,3J5P,3242,-1.259
GSK-2837808A,3J5P,3243,-1.258
UNC0646,3J5P,3244,-1.257
prulifloxacin,3J5P,3245,-1.252
NMS-P715,3J5P,3246,-1.25
Rec-15_2615,3J5P,3247,-1.248
UNC0646,3J5P,3248,-1.246
RS-504393,3J5P,3249,-1.241
vinorelbine,3J5P,3250,-1.23
mepacrine,3J5P,3251,-1.222
proglumetacin,3J5P,3252,-1.22
SB-243213,3J5P,3253,-1.215
OTS167,3J5P,3254,-1.211
cevipabulin,3J5P,3255,-1.211
UNC0638,3J5P,3256,-1.208
ZCL-278,3J5P,3257,-1.2
LY2606368,3J5P,3258,-1.199
YM-201636,3J5P,3259,-1.195
cabozantinib,3J5P,3260,-1.187
UNC0224,3J5P,3261,-1.182
astemizole,3J5P,3262,-1.176
BIX-01294,3J5P,3263,-1.174
RS-102221,3J5P,3264,-1.172
BMS-599626,3J5P,3265,-1.171
BMS-777607,3J5P,3266,-1.17
APD597,3J5P,3267,-1.158
UNC0321,3J5P,3268,-1.156
L-741742,3J5P,3269,-1.156
piclamilast,3J5P,3270,-1.153
OTS167,3J5P,3271,-1.152
barasertib-HQPA,3J5P,3272,-1.149
SB-243213,3J5P,3273,-1.149
A-887826,3J5P,3274,-1.147
finafloxacin,3J5P,3275,-1.144
ZK811752,3J5P,3276,-1.143
paritaprevir,3J5P,3277,-1.136
copanlisib,3J5P,3278,-1.13
ZK811752,3J5P,3279,-1.124
UNC0321,3J5P,3280,-1.121
imiloxan,3J5P,3281,-1.119
CGP-20712A,3J5P,3282,-1.117
TG-02,3J5P,3283,-1.111
phenprocoumon,3J5P,3284,-1.11
proxodolol,3J5P,3285,-1.099
HKI-357,3J5P,3286,-1.093
proglumetacin,3J5P,3287,-1.091
UNC0638,3J5P,3288,-1.085
mibefradil,3J5P,3289,-1.085
UNC0321,3J5P,3290,-1.082
zolantidine,3J5P,3291,-1.08
SJ-172550,3J5P,3292,-1.076
WZ-3146,3J5P,3293,-1.076
I-BET151,3J5P,3294,-1.074
saracatinib,3J5P,3295,-1.073
UNC0631,3J5P,3296,-1.068
risperidone,3J5P,3297,-1.051
L-741742,3J5P,3298,-1.047
GSK1838705A,3J5P,3299,-1.029
UNC0642,3J5P,3300,-1.005
AMG458,3J5P,3301,-1.003
LX7101,3J5P,3302,-1.001
rosmarinic-acid,3J5P,3303,-0.994
actinomycin-d,3J5P,3304,-0.994
EMD-1214063,3J5P,3305,-0.992
barasertib-HQPA,3J5P,3306,-0.991
imiloxan,3J5P,3307,-0.988
BMS-599626,3J5P,3308,-0.973
HA14-1,3J5P,3309,-0.971
UNC0321,3J5P,3310,-0.965
copanlisib,3J5P,3311,-0.962
imiloxan,3J5P,3312,-0.961
pantoprazole,3J5P,3313,-0.948
CGP-20712A,3J5P,3314,-0.944
BIBN4096,3J5P,3315,-0.94
pantoprazole,3J5P,3316,-0.939
alfuzosin,3J5P,3317,-0.933
pirenoxine,3J5P,3318,-0.923
LY2874455,3J5P,3319,-0.921
UNC0321,3J5P,3320,-0.919
pantoprazole,3J5P,3321,-0.914
imiloxan,3J5P,3322,-0.912
KI-20227,3J5P,3323,-0.909
golvatinib,3J5P,3324,-0.908
AZM-475271,3J5P,3325,-0.906
quizartinib,3J5P,3326,-0.904
ceftaroline-fosamil,3J5P,3327,-0.902
azeliragon,3J5P,3328,-0.896
vincristine,3J5P,3329,-0.895
WIKI4,3J5P,3330,-0.888
UNC0321,3J5P,3331,-0.886
bosutinib,3J5P,3332,-0.885
ZK-93426,3J5P,3333,-0.883
ZM-447439,3J5P,3334,-0.874
finafloxacin,3J5P,3335,-0.872
rosmarinic-acid,3J5P,3336,-0.869
vilazodone,3J5P,3337,-0.866
vinflunine,3J5P,3338,-0.858
TG-02,3J5P,3339,-0.856
prulifloxacin,3J5P,3340,-0.851
marbofloxacin,3J5P,3341,-0.846
CGM097,3J5P,3342,-0.842
ZK811752,3J5P,3343,-0.828
XMD8-92,3J5P,3344,-0.818
marbofloxacin,3J5P,3345,-0.798
UNC0642,3J5P,3346,-0.793
tariquidar,3J5P,3347,-0.782
HER2-Inhibitor-1,3J5P,3348,-0.779
AVE-0991,3J5P,3349,-0.774
pyrazoloacridine,3J5P,3350,-0.772
ZK-93426,3J5P,3351,-0.764
AVE-0991,3J5P,3352,-0.763
zolantidine,3J5P,3353,-0.762
LX7101,3J5P,3354,-0.76
WAY-100635,3J5P,3355,-0.759
GSK2190915,3J5P,3356,-0.754
zolantidine,3J5P,3357,-0.75
brexpiprazole,3J5P,3358,-0.748
telotristat,3J5P,3359,-0.73
SANT-2,3J5P,3360,-0.727
C-021,3J5P,3361,-0.724
RS-100329,3J5P,3362,-0.721
CP-673451,3J5P,3363,-0.718
ZK-93423,3J5P,3364,-0.717
ONO-4059,3J5P,3365,-0.712
ML-348,3J5P,3366,-0.705
pantoprazole,3J5P,3367,-0.698
ARRY-334543,3J5P,3368,-0.698
AV-412,3J5P,3369,-0.697
CP-673451,3J5P,3370,-0.695
bunazosin,3J5P,3371,-0.693
L-741742,3J5P,3372,-0.691
UNC0638,3J5P,3373,-0.682
ZK811752,3J5P,3374,-0.68
imiloxan,3J5P,3375,-0.678
tariquidar,3J5P,3376,-0.678
nicergoline,3J5P,3377,-0.677
PD-166285,3J5P,3378,-0.673
decoquinate,3J5P,3379,-0.669
HA14-1,3J5P,3380,-0.669
GKA-50,3J5P,3381,-0.659
grazoprevir,3J5P,3382,-0.659
CGP-20712A,3J5P,3383,-0.659
lafutidine,3J5P,3384,-0.658
piclamilast,3J5P,3385,-0.658
salazodine,3J5P,3386,-0.637
risperidone,3J5P,3387,-0.637
grazoprevir,3J5P,3388,-0.633
vinorelbine,3J5P,3389,-0.633
ZK-93426,3J5P,3390,-0.627
AZ5104,3J5P,3391,-0.624
proglumetacin,3J5P,3392,-0.62
ZK811752,3J5P,3393,-0.613
CW-008,3J5P,3394,-0.612
pacritinib,3J5P,3395,-0.609
pyrazoloacridine,3J5P,3396,-0.605
proxodolol,3J5P,3397,-0.601
GR125487,3J5P,3398,-0.598
oxiperomide,3J5P,3399,-0.596
pantoprazole,3J5P,3400,-0.595
barasertib-HQPA,3J5P,3401,-0.587
RS-504393,3J5P,3402,-0.585
riociguat,3J5P,3403,-0.582
KI-20227,3J5P,3404,-0.574
oxiperomide,3J5P,3405,-0.569
TC-NTR1-17,3J5P,3406,-0.564
imiloxan,3J5P,3407,-0.562
zolantidine,3J5P,3408,-0.544
fruquintinib,3J5P,3409,-0.525
imiloxan,3J5P,3410,-0.521
bunazosin,3J5P,3411,-0.515
elinogrel,3J5P,3412,-0.513
prulifloxacin,3J5P,3413,-0.509
BIBN4096,3J5P,3414,-0.502
sobetirome,3J5P,3415,-0.492
CID-16020046,3J5P,3416,-0.491
Mps1-IN-1,3J5P,3417,-0.487
UNC0224,3J5P,3418,-0.484
alfuzosin,3J5P,3419,-0.48
prulifloxacin,3J5P,3420,-0.472
KI-20227,3J5P,3421,-0.463
AI-10-49,3J5P,3422,-0.457
vincristine,3J5P,3423,-0.457
SANT-2,3J5P,3424,-0.445
UNC0321,3J5P,3425,-0.441
teniposide,3J5P,3426,-0.437
poziotinib,3J5P,3427,-0.435
dacomitinib,3J5P,3428,-0.424
vandetanib,3J5P,3429,-0.41
gabazine,3J5P,3430,-0.4
azasetron,3J5P,3431,-0.399
UNC0646,3J5P,3432,-0.398
AMG458,3J5P,3433,-0.397
AVE-0991,3J5P,3434,-0.391
AMG-487-(+_-),3J5P,3435,-0.383
benzydamine,3J5P,3436,-0.379
paliperidone,3J5P,3437,-0.373
PF-04937319,3J5P,3438,-0.373
telotristat-ethyl,3J5P,3439,-0.359
nicergoline,3J5P,3440,-0.358
iloperidone,3J5P,3441,-0.357
EMD-1214063,3J5P,3442,-0.356
L-741742,3J5P,3443,-0.354
elacridar,3J5P,3444,-0.352
cabozantinib,3J5P,3445,-0.332
cisapride,3J5P,3446,-0.319
WH-4-023,3J5P,3447,-0.319
BIX-01294,3J5P,3448,-0.316
proglumetacin,3J5P,3449,-0.307
prulifloxacin,3J5P,3450,-0.299
bunazosin,3J5P,3451,-0.289
LY3000328,3J5P,3452,-0.275
cabozantinib,3J5P,3453,-0.268
teniposide,3J5P,3454,-0.265
prulifloxacin,3J5P,3455,-0.239
AMG-487-(+_-),3J5P,3456,-0.225
WH-4-023,3J5P,3457,-0.222
LX7101,3J5P,3458,-0.196
alfuzosin,3J5P,3459,-0.19
oxiperomide,3J5P,3460,-0.188
pantoprazole,3J5P,3461,-0.187
SGI-1776,3J5P,3462,-0.187
venetoclax,3J5P,3463,-0.184
cisapride,3J5P,3464,-0.181
apabetalone,3J5P,3465,-0.18
poziotinib,3J5P,3466,-0.18
poziotinib,3J5P,3467,-0.178
KI-20227,3J5P,3468,-0.172
YM-201636,3J5P,3469,-0.172
mibefradil,3J5P,3470,-0.167
vincristine,3J5P,3471,-0.166
zafirlukast,3J5P,3472,-0.157
HER2-Inhibitor-1,3J5P,3473,-0.148
phenacaine,3J5P,3474,-0.147
GR125487,3J5P,3475,-0.143
UNC0631,3J5P,3476,-0.135
SJ-172550,3J5P,3477,-0.134
TC-NTR1-17,3J5P,3478,-0.132
poziotinib,3J5P,3479,-0.113
pantoprazole,3J5P,3480,-0.112
vincristine,3J5P,3481,-0.111
CGP-20712A,3J5P,3482,-0.109
LX7101,3J5P,3483,-0.094
barasertib,3J5P,3484,-0.085
nicergoline,3J5P,3485,-0.085
ansamitocin-p-3,3J5P,3486,-0.084
pantoprazole,3J5P,3487,-0.073
vincristine,3J5P,3488,-0.073
poziotinib,3J5P,3489,-0.064
HER2-Inhibitor-1,3J5P,3490,-0.06
simeprevir,3J5P,3491,-0.059
AV-412,3J5P,3492,-0.055
ARV-825,3J5P,3493,-0.048
pantoprazole,3J5P,3494,-0.018
alisertib,3J5P,3495,-0.014
elacridar,3J5P,3496,-0.013
CP-673451,3J5P,3497,-0.01
nicergoline,3J5P,3498,-0.009
WAY-100635,3J5P,3499,-0.002
teniposide,3J5P,3500,0.004
ansamitocin-p-3,3J5P,3501,0.012
MK-6096,3J5P,3502,0.013
teniposide,3J5P,3503,0.013
vincristine,3J5P,3504,0.014
proglumetacin,3J5P,3505,0.015
CP-673451,3J5P,3506,0.042
elacridar,3J5P,3507,0.047
crizotinib-(S),3J5P,3508,0.058
proglumetacin,3J5P,3509,0.061
pantoprazole,3J5P,3510,0.065
ARV-825,3J5P,3511,0.08
elacridar,3J5P,3512,0.08
taranabant,3J5P,3513,0.091
cisapride,3J5P,3514,0.092
oxiperomide,3J5P,3515,0.094
elinogrel,3J5P,3516,0.098
pantoprazole,3J5P,3517,0.107
ansamitocin-p-3,3J5P,3518,0.115
WH-4-023,3J5P,3519,0.115
poziotinib,3J5P,3520,0.115
NBI-74330-(+_-),3J5P,3521,0.117
risperidone,3J5P,3522,0.136
oxiperomide,3J5P,3523,0.141
LY3000328,3J5P,3524,0.143
KI-20227,3J5P,3525,0.151
YM-201636,3J5P,3526,0.17
PFI-4,3J5P,3527,0.173
irinotecan,3J5P,3528,0.18
KI-20227,3J5P,3529,0.2
pantoprazole,3J5P,3530,0.208
AV-412,3J5P,3531,0.213
HER2-Inhibitor-1,3J5P,3532,0.218
elacridar,3J5P,3533,0.219
iloperidone,3J5P,3534,0.223
copanlisib,3J5P,3535,0.224
sildenafil,3J5P,3536,0.225
puromycin,3J5P,3537,0.232
BMS-536924,3J5P,3538,0.256
vindesine,3J5P,3539,0.265
SPP301,3J5P,3540,0.28
vindesine,3J5P,3541,0.28
CID-16020046,3J5P,3542,0.282
astemizole,3J5P,3543,0.305
vincristine,3J5P,3544,0.307
oxiperomide,3J5P,3545,0.343
vinblastine,3J5P,3546,0.352
vindesine,3J5P,3547,0.357
elacridar,3J5P,3548,0.363
KL-001,3J5P,3549,0.366
vindesine,3J5P,3550,0.372
RS-102221,3J5P,3551,0.39
Mps1-IN-1,3J5P,3552,0.401
nicergoline,3J5P,3553,0.403
vincristine,3J5P,3554,0.404
UNC0646,3J5P,3555,0.404
AZ5104,3J5P,3556,0.408
CFM-1571,3J5P,3557,0.427
oxiperomide,3J5P,3558,0.443
EMD-1214063,3J5P,3559,0.453
TC-NTR1-17,3J5P,3560,0.454
dacomitinib,3J5P,3561,0.469
proglumetacin,3J5P,3562,0.471
vincristine,3J5P,3563,0.486
AV-412,3J5P,3564,0.487
vincristine,3J5P,3565,0.491
venetoclax,3J5P,3566,0.494
venetoclax,3J5P,3567,0.496
vindesine,3J5P,3568,0.496
oxiperomide,3J5P,3569,0.504
proglumetacin,3J5P,3570,0.522
vindesine,3J5P,3571,0.529
pantoprazole,3J5P,3572,0.538
LY3000328,3J5P,3573,0.548
SANT-2,3J5P,3574,0.556
prulifloxacin,3J5P,3575,0.559
KI-20227,3J5P,3576,0.566
imiloxan,3J5P,3577,0.59
nor-Binaltorphimine-dihydrochloride,3J5P,3578,0.591
vindesine,3J5P,3579,0.614
rifaximin,3J5P,3580,0.622
WH-4-023,3J5P,3581,0.627
isradipine,3J5P,3582,0.627
NMS-P715,3J5P,3583,0.629
rifaximin,3J5P,3584,0.646
proglumetacin,3J5P,3585,0.647
zafirlukast,3J5P,3586,0.649
LY3000328,3J5P,3587,0.652
PSI-7976,3J5P,3588,0.654
LY2603618,3J5P,3589,0.67
pantoprazole,3J5P,3590,0.671
CNX-774,3J5P,3591,0.677
vincristine,3J5P,3592,0.698
crenolanib,3J5P,3593,0.703
bosutinib,3J5P,3594,0.705
barasertib,3J5P,3595,0.71
phenacaine,3J5P,3596,0.718
JNJ-27141491,3J5P,3597,0.719
XMD17-109,3J5P,3598,0.725
TC-NTR1-17,3J5P,3599,0.727
zafirlukast,3J5P,3600,0.751
HER2-Inhibitor-1,3J5P,3601,0.761
simeprevir,3J5P,3602,0.77
KL-001,3J5P,3603,0.784
nor-Binaltorphimine-dihydrochloride,3J5P,3604,0.799
pantoprazole,3J5P,3605,0.8
ZK-93423,3J5P,3606,0.801
AZ3146,3J5P,3607,0.805
SID-7969543,3J5P,3608,0.818
elinogrel,3J5P,3609,0.829
elinogrel,3J5P,3610,0.86
venetoclax,3J5P,3611,0.888
AZ5104,3J5P,3612,0.889
tariquidar,3J5P,3613,0.897
phenacaine,3J5P,3614,0.913
OTS167,3J5P,3615,0.922
KL-001,3J5P,3616,0.943
erastin,3J5P,3617,0.967
dactinomycin,3J5P,3618,0.973
LY2603618,3J5P,3619,0.986
XMD17-109,3J5P,3620,0.986
oxiperomide,3J5P,3621,1.012
cabozantinib,3J5P,3622,1.019
vincristine,3J5P,3623,1.045
oxiperomide,3J5P,3624,1.071
vincristine,3J5P,3625,1.075
vinblastine,3J5P,3626,1.093
copanlisib,3J5P,3627,1.104
WZ-3146,3J5P,3628,1.107
vinflunine,3J5P,3629,1.119
mepacrine,3J5P,3630,1.134
copanlisib,3J5P,3631,1.147
vinflunine,3J5P,3632,1.178
vincristine,3J5P,3633,1.185
telotristat-ethyl,3J5P,3634,1.226
LY3000328,3J5P,3635,1.257
vinblastine,3J5P,3636,1.286
elbasvir,3J5P,3637,1.296
vincristine,3J5P,3638,1.296
BI-224436,3J5P,3639,1.33
AMG-487-(+_-),3J5P,3640,1.368
nor-Binaltorphimine-dihydrochloride,3J5P,3641,1.368
venetoclax,3J5P,3642,1.37
elbasvir,3J5P,3643,1.412
RS-504393,3J5P,3644,1.414
GSK461364,3J5P,3645,1.414
candesartan-cilextil,3J5P,3646,1.424
AVE-0991,3J5P,3647,1.43
RS-504393,3J5P,3648,1.452
CGM097,3J5P,3649,1.453
ibrutinib,3J5P,3650,1.464
vinflunine,3J5P,3651,1.473
oxiperomide,3J5P,3652,1.496
AMG-487-(+_-),3J5P,3653,1.512
mepacrine,3J5P,3654,1.514
vinorelbine,3J5P,3655,1.518
vinblastine,3J5P,3656,1.547
oxiperomide,3J5P,3657,1.555
RS-504393,3J5P,3658,1.562
T-0156,3J5P,3659,1.563
sofosbuvir,3J5P,3660,1.572
neratinib,3J5P,3661,1.575
vinblastine,3J5P,3662,1.585
zafirlukast,3J5P,3663,1.589
elbasvir,3J5P,3664,1.602
neratinib,3J5P,3665,1.626
ZK-93423,3J5P,3666,1.635
PSI-7976,3J5P,3667,1.638
cevipabulin,3J5P,3668,1.645
rifampin,3J5P,3669,1.676
XMD17-109,3J5P,3670,1.699
dacomitinib,3J5P,3671,1.72
suvorexant,3J5P,3672,1.73
HER2-Inhibitor-1,3J5P,3673,1.739
GSK461364,3J5P,3674,1.758
vinblastine,3J5P,3675,1.761
WH-4-023,3J5P,3676,1.78
erastin,3J5P,3677,1.785
rifampin,3J5P,3678,1.79
T-0156,3J5P,3679,1.838
proglumetacin,3J5P,3680,1.864
erastin,3J5P,3681,1.887
rifampin,3J5P,3682,1.91
AC-710,3J5P,3683,1.911
YM-201636,3J5P,3684,1.911
rifampin,3J5P,3685,1.936
vinflunine,3J5P,3686,1.95
T-0156,3J5P,3687,1.952
vinblastine,3J5P,3688,1.957
azilsartan-medoxomil,3J5P,3689,1.961
ARQ-621,3J5P,3690,1.999
rifampin,3J5P,3691,2.001
cabozantinib,3J5P,3692,2.047
AZ3146,3J5P,3693,2.068
ARV-825,3J5P,3694,2.092
rifampin,3J5P,3695,2.11
ARV-825,3J5P,3696,2.141
vinflunine,3J5P,3697,2.15
HKI-357,3J5P,3698,2.188
elbasvir,3J5P,3699,2.217
telotristat-ethyl,3J5P,3700,2.229
pantoprazole,3J5P,3701,2.292
vinflunine,3J5P,3702,2.433
CC-401,3J5P,3703,2.476
candesartan-cilextil,3J5P,3704,2.482
vinorelbine,3J5P,3705,2.513
piboserod,3J5P,3706,2.532
RS-102221,3J5P,3707,2.579
dacomitinib,3J5P,3708,2.586
candesartan-cilextil,3J5P,3709,2.589
AZD8931,3J5P,3710,2.619
venetoclax,3J5P,3711,2.675
BI-224436,3J5P,3712,2.779
UNC0638,3J5P,3713,2.824
erastin,3J5P,3714,2.83
erastin,3J5P,3715,2.83
rifampin,3J5P,3716,2.841
BI-224436,3J5P,3717,2.858
PD-102807,3J5P,3718,2.957
HER2-Inhibitor-1,3J5P,3719,3.035
ansamitocin-p-3,3J5P,3720,3.057
AMG-487-(+_-),3J5P,3721,3.076
GSK2190915,3J5P,3722,3.085
venetoclax,3J5P,3723,3.12
rifapentine,3J5P,3724,3.202
WH-4-023,3J5P,3725,3.206
venetoclax,3J5P,3726,3.302
erastin,3J5P,3727,3.319
ZK-93423,3J5P,3728,3.411
rifampin,3J5P,3729,3.416
phenacaine,3J5P,3730,3.499
erastin,3J5P,3731,3.51
HA-14-1,3J5P,3732,3.684
vinflunine,3J5P,3733,3.71
rifampin,3J5P,3734,3.719
dacomitinib,3J5P,3735,3.72
erastin,3J5P,3736,3.725
PD-102807,3J5P,3737,3.745
nicergoline,3J5P,3738,3.746
nicergoline,3J5P,3739,3.761
vincristine,3J5P,3740,3.867
erastin,3J5P,3741,3.879
rhodamine-123,3J5P,3742,3.993
GSK461364,3J5P,3743,4.049
erastin,3J5P,3744,4.157
AZD3759,3J5P,3745,4.243
proglumetacin,3J5P,3746,4.381
BI-224436,3J5P,3747,4.435
rifampin,3J5P,3748,4.664
erastin,3J5P,3749,4.744
LX7101,3J5P,3750,4.854
erastin,3J5P,3751,4.903
erastin,3J5P,3752,4.965
BI-224436,3J5P,3753,4.987
BI-224436,3J5P,3754,5.044
vinorelbine,3J5P,3755,5.154
vinblastine,3J5P,3756,5.355
vinblastine,3J5P,3757,5.76
irinotecan,3J5P,3758,5.861
vinflunine,3J5P,3759,5.878
vinflunine,3J5P,3760,6.089
erastin,3J5P,3761,6.112
vinblastine,3J5P,3762,6.239
ZK-93423,3J5P,3763,6.448
vincristine,3J5P,3764,6.462
elacridar,3J5P,3765,6.462
vinflunine,3J5P,3766,6.746
candesartan-cilextil,3J5P,3767,7.227
ZK-93426,3J5P,3768,7.4
erastin,3J5P,3769,7.642
ZK-93423,3J5P,3770,7.668
irinotecan,3J5P,3771,7.878
irinotecan,3J5P,3772,8.177
irinotecan,3J5P,3773,8.649
irinotecan,3J5P,3774,8.884
ZK-93426,3J5P,3775,9.238
flavin-adenine-dinucleotide,5IRX,2,-14.455
flavin-adenine-dinucleotide,5IRX,3,-13.86
flavin-adenine-dinucleotide,5IRX,4,-12.277
flavin-adenine-dinucleotide,5IRX,5,-12.05
flavin-adenine-dinucleotide,5IRX,6,-11.995
ceftaroline-fosamil,5IRX,7,-11.637
ceftaroline-fosamil,5IRX,8,-11.609
flavin-adenine-dinucleotide,5IRX,9,-11.446
ceftaroline-fosamil,5IRX,10,-11.412
flavin-adenine-dinucleotide,5IRX,11,-11.335
flavin-adenine-dinucleotide,5IRX,12,-11.237
flavin-adenine-dinucleotide,5IRX,13,-11.189
flavin-adenine-dinucleotide,5IRX,14,-10.893
NMS-P715,5IRX,15,-10.742
flavin-adenine-dinucleotide,5IRX,16,-10.685
flavin-adenine-dinucleotide,5IRX,17,-10.666
elacridar,5IRX,18,-10.592
rosmarinic-acid,5IRX,19,-10.337
flavin-adenine-dinucleotide,5IRX,20,-10.321
flavin-adenine-dinucleotide,5IRX,21,-10.32
foretinib,5IRX,22,-10.089
flavin-adenine-dinucleotide,5IRX,23,-10.087
rosmarinic-acid,5IRX,24,-10.008
avatrombopag,5IRX,25,-9.971
azeliragon,5IRX,26,-9.96
vancomycin,5IRX,27,-9.954
PF-8380,5IRX,28,-9.932
foretinib,5IRX,29,-9.809
goserelin-acetate,5IRX,30,-9.766
LY2801653,5IRX,31,-9.76
vancomycin,5IRX,32,-9.69
goserelin-acetate,5IRX,33,-9.688
MRS-1220,5IRX,34,-9.634
VX-11e,5IRX,35,-9.612
LY225910,5IRX,36,-9.544
barasertib,5IRX,37,-9.528
CYM-5442,5IRX,38,-9.483
golvatinib,5IRX,39,-9.466
stemregenin-1,5IRX,40,-9.458
rociletinib,5IRX,41,-9.422
tezacaftor,5IRX,42,-9.404
DCC-2618,5IRX,43,-9.368
ceftaroline-fosamil,5IRX,44,-9.366
alisertib,5IRX,45,-9.289
NDT-9513727,5IRX,46,-9.285
DCC-2618,5IRX,47,-9.284
tezacaftor,5IRX,48,-9.27
vancomycin,5IRX,49,-9.259
PI-103,5IRX,50,-9.258
rociletinib,5IRX,51,-9.236
KD025,5IRX,52,-9.21
stemregenin-1,5IRX,53,-9.209
goserelin-acetate,5IRX,54,-9.2
rociletinib,5IRX,55,-9.155
finafloxacin,5IRX,56,-9.144
CGP-20712A,5IRX,57,-9.134
tezacaftor,5IRX,58,-9.134
stemregenin-1,5IRX,59,-9.133
KD025,5IRX,60,-9.131
rociletinib,5IRX,61,-9.128
olmesartan-medoxomil,5IRX,62,-9.109
Q-203,5IRX,63,-9.097
elagolix,5IRX,64,-9.09
vancomycin,5IRX,65,-9.079
NMS-P715,5IRX,66,-9.038
rosmarinic-acid,5IRX,67,-9.034
barasertib,5IRX,68,-9.009
ceftaroline-fosamil,5IRX,69,-8.999
elagolix,5IRX,70,-8.995
foretinib,5IRX,71,-8.994
PI-103,5IRX,72,-8.99
LY2801653,5IRX,73,-8.987
tezacaftor,5IRX,74,-8.979
CNX-774,5IRX,75,-8.969
barasertib,5IRX,76,-8.957
azeliragon,5IRX,77,-8.948
DCC-2618,5IRX,78,-8.939
olmesartan-medoxomil,5IRX,79,-8.935
TCS-3035,5IRX,80,-8.929
AVN-944,5IRX,81,-8.928
CGP-20712A,5IRX,82,-8.921
amuvatinib,5IRX,83,-8.919
DCC-2618,5IRX,84,-8.911
merimepodib,5IRX,85,-8.9
balaglitazone,5IRX,86,-8.895
vilazodone,5IRX,87,-8.894
KD025,5IRX,88,-8.882
olmesartan-medoxomil,5IRX,89,-8.879
TC-N-1752,5IRX,90,-8.848
barasertib,5IRX,91,-8.834
PI-103,5IRX,92,-8.829
SBE-13,5IRX,93,-8.819
LY225910,5IRX,94,-8.814
capadenoson,5IRX,95,-8.806
tesaglitazar,5IRX,96,-8.804
NMS-P715,5IRX,97,-8.8
vancomycin,5IRX,98,-8.791
vancomycin,5IRX,99,-8.779
tesaglitazar,5IRX,100,-8.767
olmesartan-medoxomil,5IRX,101,-8.765
GNF-5,5IRX,102,-8.762
barasertib,5IRX,103,-8.756
SKI-II,5IRX,104,-8.753
CX-4945,5IRX,105,-8.739
PI-103,5IRX,106,-8.728
elagolix,5IRX,107,-8.725
LY2801653,5IRX,108,-8.719
tesaglitazar,5IRX,109,-8.712
olmesartan-medoxomil,5IRX,110,-8.71
foretinib,5IRX,111,-8.705
AST-1306,5IRX,112,-8.7
RAF265,5IRX,113,-8.697
NDT-9513727,5IRX,114,-8.695
RAF265,5IRX,115,-8.686
regorafenib,5IRX,116,-8.683
PI-103,5IRX,117,-8.68
amuvatinib,5IRX,118,-8.68
rociletinib,5IRX,119,-8.668
CNX-774,5IRX,120,-8.666
RAF265,5IRX,121,-8.663
LDC1267,5IRX,122,-8.651
LY2801653,5IRX,123,-8.634
stemregenin-1,5IRX,124,-8.62
ganetespib,5IRX,125,-8.616
ganetespib,5IRX,126,-8.616
efatutazone,5IRX,127,-8.61
elagolix,5IRX,128,-8.588
PH-797804,5IRX,129,-8.568
rociletinib,5IRX,130,-8.565
vancomycin,5IRX,131,-8.565
VX-11e,5IRX,132,-8.564
rociletinib,5IRX,133,-8.556
PI-103,5IRX,134,-8.553
SBE-13,5IRX,135,-8.537
LY225910,5IRX,136,-8.526
VER-155008,5IRX,137,-8.522
foretinib,5IRX,138,-8.522
TC-N-1752,5IRX,139,-8.513
acalisib,5IRX,140,-8.507
vancomycin,5IRX,141,-8.5
altiratinib,5IRX,142,-8.499
SB-202190,5IRX,143,-8.498
elacridar,5IRX,144,-8.489
tesaglitazar,5IRX,145,-8.489
SB-334867,5IRX,146,-8.482
JNJ-42165279,5IRX,147,-8.479
GKA-50,5IRX,148,-8.475
ganetespib,5IRX,149,-8.472
golvatinib,5IRX,150,-8.467
lemborexant,5IRX,151,-8.465
sorafenib,5IRX,152,-8.461
fostamatinib,5IRX,153,-8.448
elagolix,5IRX,154,-8.446
SB-431542,5IRX,155,-8.443
CP-724714,5IRX,156,-8.422
olmesartan-medoxomil,5IRX,157,-8.411
olmesartan-medoxomil,5IRX,158,-8.41
foretinib,5IRX,159,-8.409
CNX-774,5IRX,160,-8.407
L-694247,5IRX,161,-8.383
PF-04457845,5IRX,162,-8.364
PIM-1-Inhibitor-2,5IRX,163,-8.361
merimepodib,5IRX,164,-8.357
lemborexant,5IRX,165,-8.351
barasertib,5IRX,166,-8.329
VER-155008,5IRX,167,-8.328
SB-202190,5IRX,168,-8.324
VX-11e,5IRX,169,-8.316
RAF265,5IRX,170,-8.313
ML167,5IRX,171,-8.299
elagolix,5IRX,172,-8.295
CNX-774,5IRX,173,-8.295
golvatinib,5IRX,174,-8.287
elafibranor,5IRX,175,-8.283
KI-8751,5IRX,176,-8.275
elafibranor,5IRX,177,-8.273
ONO-4059,5IRX,178,-8.27
MK-8245,5IRX,179,-8.266
SC-51089,5IRX,180,-8.264
ravoxertinib,5IRX,181,-8.252
tesaglitazar,5IRX,182,-8.25
BMS-536924,5IRX,183,-8.249
GKA-50,5IRX,184,-8.245
AST-1306,5IRX,185,-8.245
micafungin,5IRX,186,-8.235
PH-797804,5IRX,187,-8.235
rociletinib,5IRX,188,-8.222
VX-11e,5IRX,189,-8.222
TC-S-7005,5IRX,190,-8.219
CUDC-907,5IRX,191,-8.219
regorafenib,5IRX,192,-8.217
barasertib,5IRX,193,-8.209
CGP-20712A,5IRX,194,-8.204
donitriptan,5IRX,195,-8.201
altiratinib,5IRX,196,-8.197
elagolix,5IRX,197,-8.181
tezacaftor,5IRX,198,-8.18
tezacaftor,5IRX,199,-8.177
cabozantinib,5IRX,200,-8.176
D-4476,5IRX,201,-8.173
merimepodib,5IRX,202,-8.167
JNJ-42165279,5IRX,203,-8.163
golvatinib,5IRX,204,-8.162
AZD3463,5IRX,205,-8.16
SGI-1776,5IRX,206,-8.146
elacridar,5IRX,207,-8.138
SB-334867,5IRX,208,-8.128
DCC-2618,5IRX,209,-8.128
entrectinib,5IRX,210,-8.119
PF-04457845,5IRX,211,-8.118
amuvatinib,5IRX,212,-8.112
rociletinib,5IRX,213,-8.106
mosapride,5IRX,214,-8.104
SC-51089,5IRX,215,-8.103
BMS-536924,5IRX,216,-8.102
GDC-0994,5IRX,217,-8.094
CPI-360,5IRX,218,-8.089
micafungin,5IRX,219,-8.077
golvatinib,5IRX,220,-8.073
telotristat,5IRX,221,-8.07
SB-431542,5IRX,222,-8.07
tezacaftor,5IRX,223,-8.06
capadenoson,5IRX,224,-8.051
VER-155008,5IRX,225,-8.049
barasertib,5IRX,226,-8.048
VU-0422288,5IRX,227,-8.047
elagolix,5IRX,228,-8.046
tezacaftor,5IRX,229,-8.045
oxolinic-acid,5IRX,230,-8.045
ketoconazole,5IRX,231,-8.043
VX-11e,5IRX,232,-8.04
PD-166285,5IRX,233,-8.039
fostamatinib,5IRX,234,-8.032
L-694247,5IRX,235,-8.016
AZD3463,5IRX,236,-8.013
rociletinib,5IRX,237,-8.009
CGP-20712A,5IRX,238,-8.008
cinoxacin,5IRX,239,-7.991
DCC-2618,5IRX,240,-7.986
iloperidone,5IRX,241,-7.985
elafibranor,5IRX,242,-7.982
foretinib,5IRX,243,-7.981
mosapride,5IRX,244,-7.977
vipadenant,5IRX,245,-7.972
phenprocoumon,5IRX,246,-7.956
KRN-633,5IRX,247,-7.954
Q-203,5IRX,248,-7.939
fostamatinib,5IRX,249,-7.939
azeliragon,5IRX,250,-7.932
ku-0063794,5IRX,251,-7.93
PF-04457845,5IRX,252,-7.924
TCS-3035,5IRX,253,-7.923
KD025,5IRX,254,-7.92
SC-51089,5IRX,255,-7.917
tesaglitazar,5IRX,256,-7.892
alisertib,5IRX,257,-7.89
erastin,5IRX,258,-7.89
LY225910,5IRX,259,-7.886
MGCD-265,5IRX,260,-7.885
ravoxertinib,5IRX,261,-7.884
VX-11e,5IRX,262,-7.882
CID-16020046,5IRX,263,-7.879
VX-11e,5IRX,264,-7.872
finafloxacin,5IRX,265,-7.871
CNX-774,5IRX,266,-7.871
MGCD-265,5IRX,267,-7.865
GKA-50,5IRX,268,-7.861
SKI-II,5IRX,269,-7.858
goserelin-acetate,5IRX,270,-7.857
azeliragon,5IRX,271,-7.852
PH-797804,5IRX,272,-7.844
VX-11e,5IRX,273,-7.839
foretinib,5IRX,274,-7.838
SGI-1776,5IRX,275,-7.836
ravoxertinib,5IRX,276,-7.835
3-MPPI,5IRX,277,-7.834
foretinib,5IRX,278,-7.833
SB-431542,5IRX,279,-7.831
GSK923295,5IRX,280,-7.829
oglemilast,5IRX,281,-7.827
KD025,5IRX,282,-7.824
golvatinib,5IRX,283,-7.823
L-694247,5IRX,284,-7.817
puromycin,5IRX,285,-7.816
foretinib,5IRX,286,-7.806
mosapride,5IRX,287,-7.794
GSK1904529A,5IRX,288,-7.791
tesaglitazar,5IRX,289,-7.786
CGP-20712A,5IRX,290,-7.78
capadenoson,5IRX,291,-7.762
quizartinib,5IRX,292,-7.762
AVN-944,5IRX,293,-7.76
amuvatinib,5IRX,294,-7.759
BCI-540,5IRX,295,-7.757
TWS-119,5IRX,296,-7.752
elvitegravir,5IRX,297,-7.736
mosapride,5IRX,298,-7.734
LY2801653,5IRX,299,-7.731
telotristat-ethyl,5IRX,300,-7.729
vipadenant,5IRX,301,-7.723
ravoxertinib,5IRX,302,-7.713
AZD3463,5IRX,303,-7.711
RBC8,5IRX,304,-7.711
SKI-II,5IRX,305,-7.693
WAY-100635,5IRX,306,-7.689
ku-0063794,5IRX,307,-7.688
EMD-1214063,5IRX,308,-7.68
ZK811752,5IRX,309,-7.677
vilazodone,5IRX,310,-7.676
altiratinib,5IRX,311,-7.675
LDC1267,5IRX,312,-7.673
GTS21,5IRX,313,-7.673
SANT-2,5IRX,314,-7.667
SGI-1776,5IRX,315,-7.666
AZD3463,5IRX,316,-7.664
nefazodone,5IRX,317,-7.663
mosapride,5IRX,318,-7.649
monastrol,5IRX,319,-7.633
TWS-119,5IRX,320,-7.619
AVL-292,5IRX,321,-7.615
lemborexant,5IRX,322,-7.614
elafibranor,5IRX,323,-7.609
vindesine,5IRX,324,-7.606
GDC-0994,5IRX,325,-7.606
cefpiramide,5IRX,326,-7.602
tezacaftor,5IRX,327,-7.6
CNX-774,5IRX,328,-7.599
SB-505124,5IRX,329,-7.599
mosapride,5IRX,330,-7.599
vindesine,5IRX,331,-7.596
elvitegravir,5IRX,332,-7.596
VU-0422288,5IRX,333,-7.594
micafungin,5IRX,334,-7.593
edaglitazone,5IRX,335,-7.592
lemborexant,5IRX,336,-7.592
SB-505124,5IRX,337,-7.59
olmesartan-medoxomil,5IRX,338,-7.587
TWS-119,5IRX,339,-7.586
TWS-119,5IRX,340,-7.579
NK-252,5IRX,341,-7.578
CX-4945,5IRX,342,-7.572
TWS-119,5IRX,343,-7.572
copanlisib,5IRX,344,-7.561
SBE-13,5IRX,345,-7.561
azilsartan,5IRX,346,-7.56
NK-252,5IRX,347,-7.559
TG-100801,5IRX,348,-7.559
elafibranor,5IRX,349,-7.556
lenvatinib,5IRX,350,-7.555
GDC-0994,5IRX,351,-7.553
PF-04457845,5IRX,352,-7.542
vindesine,5IRX,353,-7.532
CGP-20712A,5IRX,354,-7.532
altiratinib,5IRX,355,-7.531
elafibranor,5IRX,356,-7.523
CEP-32496,5IRX,357,-7.515
PF-8380,5IRX,358,-7.511
Q-203,5IRX,359,-7.51
talnetant,5IRX,360,-7.509
AMG-517,5IRX,361,-7.507
KT-433,5IRX,362,-7.506
AZD3463,5IRX,363,-7.506
NK-252,5IRX,364,-7.506
ZK811752,5IRX,365,-7.501
SB-505124,5IRX,366,-7.501
micafungin,5IRX,367,-7.5
CID-16020046,5IRX,368,-7.492
barasertib,5IRX,369,-7.485
CID-16020046,5IRX,370,-7.484
golvatinib,5IRX,371,-7.479
SB-505124,5IRX,372,-7.476
micafungin,5IRX,373,-7.475
VU-0422288,5IRX,374,-7.468
NK-252,5IRX,375,-7.466
GW-583340,5IRX,376,-7.464
PD-153035,5IRX,377,-7.463
BMS-536924,5IRX,378,-7.461
TMC-353121,5IRX,379,-7.46
olmutinib,5IRX,380,-7.447
WZ4003,5IRX,381,-7.446
TCS-3035,5IRX,382,-7.438
FCE-22250,5IRX,383,-7.437
GSK1292263,5IRX,384,-7.435
MGCD-265,5IRX,385,-7.431
ZM-447439,5IRX,386,-7.43
ku-0063794,5IRX,387,-7.423
nefazodone,5IRX,388,-7.421
SC-51089,5IRX,389,-7.421
MGCD-265,5IRX,390,-7.414
vindesine,5IRX,391,-7.413
pexmetinib,5IRX,392,-7.411
LY2801653,5IRX,393,-7.408
SBE-13,5IRX,394,-7.408
BMS-536924,5IRX,395,-7.405
AVL-292,5IRX,396,-7.405
fostamatinib,5IRX,397,-7.403
toltrazuril,5IRX,398,-7.394
SGI-1776,5IRX,399,-7.392
MGCD-265,5IRX,400,-7.387
NIDA-41020,5IRX,401,-7.385
VX-11e,5IRX,402,-7.384
BCI-540,5IRX,403,-7.381
capadenoson,5IRX,404,-7.379
micafungin,5IRX,405,-7.364
PF-04691502,5IRX,406,-7.362
SKI-II,5IRX,407,-7.358
CGP-20712A,5IRX,408,-7.356
CFM-1571,5IRX,409,-7.352
KT-433,5IRX,410,-7.346
olmesartan-medoxomil,5IRX,411,-7.345
AV-412,5IRX,412,-7.342
CP-724714,5IRX,413,-7.341
elvitegravir,5IRX,414,-7.341
GDC-0994,5IRX,415,-7.327
micafungin,5IRX,416,-7.325
elacridar,5IRX,417,-7.324
BQU57,5IRX,418,-7.324
ravoxertinib,5IRX,419,-7.324
SKI-II,5IRX,420,-7.312
3-MPPI,5IRX,421,-7.309
OTX015,5IRX,422,-7.294
vindesine,5IRX,423,-7.289
PH-797804,5IRX,424,-7.288
AZD3463,5IRX,425,-7.287
CYM-5442,5IRX,426,-7.282
RP-001,5IRX,427,-7.28
SBE-13,5IRX,428,-7.274
vilazodone,5IRX,429,-7.273
danusertib,5IRX,430,-7.27
itraconazole,5IRX,431,-7.266
TAK-285,5IRX,432,-7.266
SB-431542,5IRX,433,-7.262
KI-8751,5IRX,434,-7.262
elvitegravir,5IRX,435,-7.259
quizartinib,5IRX,436,-7.258
TC-N-1752,5IRX,437,-7.256
azilsartan,5IRX,438,-7.251
poziotinib,5IRX,439,-7.249
uprosertib,5IRX,440,-7.249
oglemilast,5IRX,441,-7.249
NMS-1286937,5IRX,442,-7.248
LY2784544,5IRX,443,-7.239
RAF265,5IRX,444,-7.237
CGP-20712A,5IRX,445,-7.231
oglemilast,5IRX,446,-7.231
MK-6096,5IRX,447,-7.22
CTEP,5IRX,448,-7.209
OTX015,5IRX,449,-7.204
barasertib,5IRX,450,-7.2
D-4476,5IRX,451,-7.186
vindesine,5IRX,452,-7.182
SCH-28080,5IRX,453,-7.18
nefazodone,5IRX,454,-7.18
RKI-1447,5IRX,455,-7.178
GDC-0994,5IRX,456,-7.176
eluxadoline,5IRX,457,-7.175
CID-16020046,5IRX,458,-7.171
NVP-HSP990,5IRX,459,-7.168
CUDC-907,5IRX,460,-7.166
BMS-817378,5IRX,461,-7.162
CUDC-907,5IRX,462,-7.161
AZ-12080282,5IRX,463,-7.155
CW-008,5IRX,464,-7.15
BMS-536924,5IRX,465,-7.142
APcK-110,5IRX,466,-7.14
cabozantinib,5IRX,467,-7.14
ARQ-621,5IRX,468,-7.138
MGCD-265,5IRX,469,-7.133
GDC-0994,5IRX,470,-7.12
CID-16020046,5IRX,471,-7.117
rebastinib,5IRX,472,-7.109
CPI-360,5IRX,473,-7.108
barasertib,5IRX,474,-7.107
CID-16020046,5IRX,475,-7.105
vancomycin,5IRX,476,-7.102
GSK2801,5IRX,477,-7.101
elvitegravir,5IRX,478,-7.1
CEP-32496,5IRX,479,-7.097
quizartinib,5IRX,480,-7.092
CC-401,5IRX,481,-7.091
TG-100801,5IRX,482,-7.088
SCH-28080,5IRX,483,-7.087
ZK-93426,5IRX,484,-7.084
JNJ-27141491,5IRX,485,-7.084
GDC-0623,5IRX,486,-7.082
GNF-5,5IRX,487,-7.081
TAK-285,5IRX,488,-7.078
Q-203,5IRX,489,-7.077
OTX015,5IRX,490,-7.074
CNX-774,5IRX,491,-7.074
GDC-0623,5IRX,492,-7.074
BI-D1870,5IRX,493,-7.074
VX-11e,5IRX,494,-7.068
selumetinib,5IRX,495,-7.064
GW-803430,5IRX,496,-7.061
pyrintegrin,5IRX,497,-7.061
AZD8186,5IRX,498,-7.055
SID-7969543,5IRX,499,-7.054
OTX015,5IRX,500,-7.054
capadenoson,5IRX,501,-7.052
CYM-5442,5IRX,502,-7.049
BLU9931,5IRX,503,-7.046
telotristat-ethyl,5IRX,504,-7.046
barasertib,5IRX,505,-7.042
JNJ-27141491,5IRX,506,-7.041
elagolix,5IRX,507,-7.04
tezacaftor,5IRX,508,-7.039
CID-16020046,5IRX,509,-7.039
avatrombopag,5IRX,510,-7.036
SID-7969543,5IRX,511,-7.033
GSK2801,5IRX,512,-7.033
garenoxacin,5IRX,513,-7.026
NVP-AUY922,5IRX,514,-7.023
poziotinib,5IRX,515,-7.021
talnetant,5IRX,516,-7.02
YC-1,5IRX,517,-7.016
VER-155008,5IRX,518,-7.013
elafibranor,5IRX,519,-7.012
CUDC-101,5IRX,520,-7.009
GSK2801,5IRX,521,-7.006
3-MPPI,5IRX,522,-7.006
PF-8380,5IRX,523,-7.005
3-MPPI,5IRX,524,-7.004
CYM-5442,5IRX,525,-7.003
KT-433,5IRX,526,-7
CW-008,5IRX,527,-6.999
pexmetinib,5IRX,528,-6.998
sobetirome,5IRX,529,-6.997
NMS-P715,5IRX,530,-6.993
sorafenib,5IRX,531,-6.993
PD-153035,5IRX,532,-6.99
SB-216641,5IRX,533,-6.983
SBE-13,5IRX,534,-6.982
NMS-P715,5IRX,535,-6.982
Q-203,5IRX,536,-6.981
riociguat,5IRX,537,-6.979
NVP-BGJ398,5IRX,538,-6.978
JNJ-27141491,5IRX,539,-6.978
L-741742,5IRX,540,-6.977
toltrazuril,5IRX,541,-6.976
DCC-2618,5IRX,542,-6.973
GW-6471,5IRX,543,-6.97
ravoxertinib,5IRX,544,-6.969
brexpiprazole,5IRX,545,-6.967
CGP-20712A,5IRX,546,-6.961
CGP-20712A,5IRX,547,-6.959
GW-6471,5IRX,548,-6.957
riociguat,5IRX,549,-6.953
elvitegravir,5IRX,550,-6.953
telatinib,5IRX,551,-6.951
doxazosin,5IRX,552,-6.945
WZ-4002,5IRX,553,-6.934
ku-0063794,5IRX,554,-6.929
GW-583340,5IRX,555,-6.928
Mps1-IN-1,5IRX,556,-6.928
lenvatinib,5IRX,557,-6.928
SCH-28080,5IRX,558,-6.926
GDC-0623,5IRX,559,-6.925
CNX-774,5IRX,560,-6.925
CYM-5442,5IRX,561,-6.919
barasertib,5IRX,562,-6.918
DCC-2618,5IRX,563,-6.914
merimepodib,5IRX,564,-6.913
BI-D1870,5IRX,565,-6.912
SCH-28080,5IRX,566,-6.912
BMS-599626,5IRX,567,-6.909
NMS-1286937,5IRX,568,-6.907
apabetalone,5IRX,569,-6.903
L-741742,5IRX,570,-6.901
risperidone,5IRX,571,-6.897
SC-51089,5IRX,572,-6.89
elagolix,5IRX,573,-6.889
TCS-3035,5IRX,574,-6.888
3-MPPI,5IRX,575,-6.887
ARV-825,5IRX,576,-6.883
I-BET151,5IRX,577,-6.883
vancomycin,5IRX,578,-6.873
SCH-28080,5IRX,579,-6.873
GSK269962,5IRX,580,-6.871
WIKI4,5IRX,581,-6.871
riociguat,5IRX,582,-6.871
azilsartan-medoxomil,5IRX,583,-6.869
RS-504393,5IRX,584,-6.866
sobetirome,5IRX,585,-6.865
PD-102807,5IRX,586,-6.86
RKI-1447,5IRX,587,-6.858
SB-216641,5IRX,588,-6.849
efatutazone,5IRX,589,-6.844
lapatinib,5IRX,590,-6.842
BML-284,5IRX,591,-6.84
BMS-265246,5IRX,592,-6.838
raltegravir,5IRX,593,-6.836
AVL-292,5IRX,594,-6.832
WHI-P154,5IRX,595,-6.83
apabetalone,5IRX,596,-6.829
cefpiramide,5IRX,597,-6.829
SCH-58261,5IRX,598,-6.826
icotinib,5IRX,599,-6.823
LY225910,5IRX,600,-6.821
ZK811752,5IRX,601,-6.82
SCH-28080,5IRX,602,-6.819
Mps1-IN-1,5IRX,603,-6.818
NMS-P715,5IRX,604,-6.817
alisertib,5IRX,605,-6.817
riociguat,5IRX,606,-6.816
RP-001,5IRX,607,-6.816
riociguat,5IRX,608,-6.813
RG1530,5IRX,609,-6.812
elafibranor,5IRX,610,-6.81
RKI-1447,5IRX,611,-6.808
quizartinib,5IRX,612,-6.8
SANT-2,5IRX,613,-6.797
GW-1929,5IRX,614,-6.797
TG-100572,5IRX,615,-6.796
PPY-A,5IRX,616,-6.794
raltegravir,5IRX,617,-6.792
KT-433,5IRX,618,-6.791
APcK-110,5IRX,619,-6.789
CGP-20712A,5IRX,620,-6.785
CYM-5442,5IRX,621,-6.781
lenvatinib,5IRX,622,-6.78
BI-D1870,5IRX,623,-6.779
toltrazuril,5IRX,624,-6.779
GW-6471,5IRX,625,-6.774
EVP4593,5IRX,626,-6.771
quizartinib,5IRX,627,-6.769
idelalisib,5IRX,628,-6.768
TWS-119,5IRX,629,-6.768
neurodazine,5IRX,630,-6.768
KG-5,5IRX,631,-6.765
ONO-4059,5IRX,632,-6.764
PTC-209,5IRX,633,-6.763
MLN1117,5IRX,634,-6.763
barasertib,5IRX,635,-6.759
OSI-420,5IRX,636,-6.756
RP-001,5IRX,637,-6.756
CUDC-101,5IRX,638,-6.749
taselisib,5IRX,639,-6.749
benzydamine,5IRX,640,-6.749
pexmetinib,5IRX,641,-6.744
micafungin,5IRX,642,-6.742
gilteritinib,5IRX,643,-6.74
JTE-907,5IRX,644,-6.74
JNJ-27141491,5IRX,645,-6.738
Ro-5126766,5IRX,646,-6.736
ARV-825,5IRX,647,-6.731
TAK-285,5IRX,648,-6.73
stemregenin-1,5IRX,649,-6.73
SID-7969543,5IRX,650,-6.728
amtolmetin-guacil,5IRX,651,-6.728
VER-49009,5IRX,652,-6.722
GKA-50,5IRX,653,-6.722
deltarasin,5IRX,654,-6.721
BMS-690514,5IRX,655,-6.721
PF-8380,5IRX,656,-6.718
PD-153035,5IRX,657,-6.716
tariquidar,5IRX,658,-6.716
CPI-360,5IRX,659,-6.716
BMS-536924,5IRX,660,-6.715
ibrutinib,5IRX,661,-6.715
iloperidone,5IRX,662,-6.707
PH-797804,5IRX,663,-6.699
monastrol,5IRX,664,-6.699
BI-D1870,5IRX,665,-6.698
ceftaroline-fosamil,5IRX,666,-6.698
CGP-20712A,5IRX,667,-6.697
ZK-93426,5IRX,668,-6.689
bay-60-7550,5IRX,669,-6.689
L-168049,5IRX,670,-6.688
dasabuvir,5IRX,671,-6.688
KG-5,5IRX,672,-6.686
doxazosin,5IRX,673,-6.686
GTP-14564,5IRX,674,-6.684
brexpiprazole,5IRX,675,-6.681
AZD9272,5IRX,676,-6.68
teniposide,5IRX,677,-6.68
fenofibric-acid,5IRX,678,-6.678
lemborexant,5IRX,679,-6.678
L-168049,5IRX,680,-6.676
BMS-817378,5IRX,681,-6.673
dasabuvir,5IRX,682,-6.671
ONO-4059,5IRX,683,-6.67
CC-401,5IRX,684,-6.668
RP-001,5IRX,685,-6.663
TC-N-1752,5IRX,686,-6.656
ravoxertinib,5IRX,687,-6.655
RKI-1447,5IRX,688,-6.652
H2L-5765834,5IRX,689,-6.651
taranabant,5IRX,690,-6.649
CEP-32496,5IRX,691,-6.649
ONO-4059,5IRX,692,-6.649
GSK1292263,5IRX,693,-6.647
lafutidine,5IRX,694,-6.641
DCC-2618,5IRX,695,-6.64
ibrutinib,5IRX,696,-6.639
OSI-420,5IRX,697,-6.638
ARV-825,5IRX,698,-6.636
lemborexant,5IRX,699,-6.636
PF-04691502,5IRX,700,-6.633
GSK1292263,5IRX,701,-6.628
CYT-997,5IRX,702,-6.628
FR-122047,5IRX,703,-6.627
PF-04691502,5IRX,704,-6.626
VER-49009,5IRX,705,-6.623
cilostazol,5IRX,706,-6.618
DCC-2618,5IRX,707,-6.616
XL-647,5IRX,708,-6.614
GSK1292263,5IRX,709,-6.609
BMS-265246,5IRX,710,-6.608
GW-6471,5IRX,711,-6.604
NVP-BGJ398,5IRX,712,-6.6
selumetinib,5IRX,713,-6.6
FR-122047,5IRX,714,-6.598
lapatinib,5IRX,715,-6.598
FPL-62064,5IRX,716,-6.596
BI-D1870,5IRX,717,-6.595
sobetirome,5IRX,718,-6.593
entrectinib,5IRX,719,-6.592
BMS-927711,5IRX,720,-6.591
alfuzosin,5IRX,721,-6.591
PP242,5IRX,722,-6.59
toltrazuril,5IRX,723,-6.584
itraconazole,5IRX,724,-6.583
SID-7969543,5IRX,725,-6.583
APcK-110,5IRX,726,-6.581
balaglitazone,5IRX,727,-6.581
GW-6471,5IRX,728,-6.58
warfarin,5IRX,729,-6.578
GSK1904529A,5IRX,730,-6.576
selumetinib,5IRX,731,-6.576
pirodavir,5IRX,732,-6.572
telotristat,5IRX,733,-6.571
TAK-285,5IRX,734,-6.568
bosentan,5IRX,735,-6.566
GKA-50,5IRX,736,-6.564
SN-38,5IRX,737,-6.563
HA14-1,5IRX,738,-6.562
RG1530,5IRX,739,-6.562
cefpiramide,5IRX,740,-6.554
BMS-777607,5IRX,741,-6.55
NMS-1286937,5IRX,742,-6.549
NK-252,5IRX,743,-6.545
H2L-5765834,5IRX,744,-6.543
RG1530,5IRX,745,-6.54
deltarasin,5IRX,746,-6.538
CPI-360,5IRX,747,-6.537
GSK2801,5IRX,748,-6.537
riociguat,5IRX,749,-6.537
dorsomorphin,5IRX,750,-6.537
ONO-4059,5IRX,751,-6.534
pexmetinib,5IRX,752,-6.527
dorsomorphin,5IRX,753,-6.524
ML347,5IRX,754,-6.513
LY2784544,5IRX,755,-6.511
bay-60-7550,5IRX,756,-6.51
TGR-1202,5IRX,757,-6.51
GW-1929,5IRX,758,-6.508
vilazodone,5IRX,759,-6.506
AZD9272,5IRX,760,-6.506
NVP-AUY922,5IRX,761,-6.505
warfarin,5IRX,762,-6.505
TG-02,5IRX,763,-6.504
danusertib,5IRX,764,-6.504
altiratinib,5IRX,765,-6.5
L-168049,5IRX,766,-6.5
GSK269962,5IRX,767,-6.5
verubulin,5IRX,768,-6.498
GNF-5,5IRX,769,-6.493
monastrol,5IRX,770,-6.487
SN-38,5IRX,771,-6.487
SGC-CBP30,5IRX,772,-6.478
MK-8245,5IRX,773,-6.478
crizotinib-(S),5IRX,774,-6.474
KG-5,5IRX,775,-6.472
CUDC-907,5IRX,776,-6.47
CYM-5442,5IRX,777,-6.467
APcK-110,5IRX,778,-6.464
doxazosin,5IRX,779,-6.462
SANT-2,5IRX,780,-6.461
apabetalone,5IRX,781,-6.46
crizotinib-(S),5IRX,782,-6.459
micafungin,5IRX,783,-6.456
VU-0422288,5IRX,784,-6.456
crizotinib,5IRX,785,-6.455
monastrol,5IRX,786,-6.454
PD-102807,5IRX,787,-6.449
cardiogenol-c,5IRX,788,-6.448
idelalisib,5IRX,789,-6.447
BI-D1870,5IRX,790,-6.445
LY2606368,5IRX,791,-6.441
ARQ-621,5IRX,792,-6.44
YC-1,5IRX,793,-6.436
GDC-0994,5IRX,794,-6.436
WZ4003,5IRX,795,-6.435
XL-647,5IRX,796,-6.434
altiratinib,5IRX,797,-6.434
BML-284,5IRX,798,-6.428
doxazosin,5IRX,799,-6.427
AMG-487-(+_-),5IRX,800,-6.426
AMG-487,5IRX,801,-6.426
BLU9931,5IRX,802,-6.423
brivanib,5IRX,803,-6.423
UNC0321,5IRX,804,-6.42
bay-60-7550,5IRX,805,-6.42
NMS-P715,5IRX,806,-6.42
verubulin,5IRX,807,-6.419
KG-5,5IRX,808,-6.418
SN-38,5IRX,809,-6.417
RKI-1447,5IRX,810,-6.41
AZD9272,5IRX,811,-6.409
TG-02,5IRX,812,-6.409
CUDC-101,5IRX,813,-6.406
SBE-13,5IRX,814,-6.4
proxodolol,5IRX,815,-6.4
merimepodib,5IRX,816,-6.395
PIM-1-Inhibitor-2,5IRX,817,-6.395
CITCO,5IRX,818,-6.393
taselisib,5IRX,819,-6.391
NMS-P715,5IRX,820,-6.391
crizotinib-(S),5IRX,821,-6.388
MLN1117,5IRX,822,-6.387
TCS-3035,5IRX,823,-6.384
monastrol,5IRX,824,-6.383
WZ-3146,5IRX,825,-6.382
quizartinib,5IRX,826,-6.382
zolantidine,5IRX,827,-6.381
warfarin,5IRX,828,-6.373
SID-7969543,5IRX,829,-6.372
MLN1117,5IRX,830,-6.37
MLN1117,5IRX,831,-6.365
azeliragon,5IRX,832,-6.362
monastrol,5IRX,833,-6.361
CYT-997,5IRX,834,-6.357
SID-7969543,5IRX,835,-6.357
barasertib,5IRX,836,-6.351
edaglitazone,5IRX,837,-6.35
SID-7969543,5IRX,838,-6.348
PD-153035,5IRX,839,-6.347
PFI-4,5IRX,840,-6.347
zolantidine,5IRX,841,-6.346
ARQ-621,5IRX,842,-6.344
monastrol,5IRX,843,-6.343
cisapride,5IRX,844,-6.342
BLU9931,5IRX,845,-6.339
GKA-50,5IRX,846,-6.339
ARV-825,5IRX,847,-6.336
Ro-5126766,5IRX,848,-6.334
vincristine,5IRX,849,-6.333
liranaftate,5IRX,850,-6.33
LY2606368,5IRX,851,-6.33
FPL-62064,5IRX,852,-6.329
CID-16020046,5IRX,853,-6.328
crizotinib-(S),5IRX,854,-6.327
HKI-357,5IRX,855,-6.327
Ro-5126766,5IRX,856,-6.324
OSI-420,5IRX,857,-6.323
teniposide,5IRX,858,-6.322
JNJ-42041935,5IRX,859,-6.322
EMD-1214063,5IRX,860,-6.32
deltarasin,5IRX,861,-6.319
GW-1100,5IRX,862,-6.318
MK-2048,5IRX,863,-6.316
GW-1929,5IRX,864,-6.316
SN-38,5IRX,865,-6.315
warfarin,5IRX,866,-6.313
JNJ-27141491,5IRX,867,-6.312
AZD9272,5IRX,868,-6.311
poziotinib,5IRX,869,-6.309
BMS-817378,5IRX,870,-6.307
dacomitinib,5IRX,871,-6.305
NVP-BGJ398,5IRX,872,-6.304
clioquinol,5IRX,873,-6.3
raltegravir,5IRX,874,-6.298
TC-S-7005,5IRX,875,-6.295
pelitinib,5IRX,876,-6.294
oxiperomide,5IRX,877,-6.292
GSK269962,5IRX,878,-6.289
RP-001,5IRX,879,-6.287
CITCO,5IRX,880,-6.287
bay-60-7550,5IRX,881,-6.283
I-BET-762,5IRX,882,-6.276
neurodazine,5IRX,883,-6.275
TFC-007,5IRX,884,-6.275
SBE-13,5IRX,885,-6.271
AM679,5IRX,886,-6.268
YM-201636,5IRX,887,-6.265
GSK2801,5IRX,888,-6.264
lapatinib,5IRX,889,-6.264
OSI-027,5IRX,890,-6.263
SID-7969543,5IRX,891,-6.261
NMS-P715,5IRX,892,-6.26
ARV-825,5IRX,893,-6.257
vandetanib,5IRX,894,-6.256
ZK-93423,5IRX,895,-6.254
regorafenib,5IRX,896,-6.253
lafutidine,5IRX,897,-6.251
sofosbuvir,5IRX,898,-6.249
posaconazole,5IRX,899,-6.248
dorsomorphin,5IRX,900,-6.247
ARV-825,5IRX,901,-6.246
teniposide,5IRX,902,-6.246
JTE-907,5IRX,903,-6.245
MK-1775,5IRX,904,-6.242
hemoglobin-modulators-1,5IRX,905,-6.241
KU-60019,5IRX,906,-6.24
vipadenant,5IRX,907,-6.24
Ro-5126766,5IRX,908,-6.239
NMS-P715,5IRX,909,-6.236
TC-NTR1-17,5IRX,910,-6.235
amodiaquine,5IRX,911,-6.233
XMD17-109,5IRX,912,-6.231
ZM-306416,5IRX,913,-6.23
NVP-AUY922,5IRX,914,-6.227
bitopertin,5IRX,915,-6.227
olmutinib,5IRX,916,-6.227
regorafenib,5IRX,917,-6.225
PF-4800567,5IRX,918,-6.225
salazodine,5IRX,919,-6.224
Ro-5126766,5IRX,920,-6.222
CUDC-101,5IRX,921,-6.217
TC-NTR1-17,5IRX,922,-6.217
prulifloxacin,5IRX,923,-6.214
YC-1,5IRX,924,-6.213
SID-7969543,5IRX,925,-6.213
avatrombopag,5IRX,926,-6.21
ZM-323881,5IRX,927,-6.208
HA-14-1,5IRX,928,-6.206
AZD3463,5IRX,929,-6.206
bay-60-7550,5IRX,930,-6.2
iloperidone,5IRX,931,-6.191
CGP-20712A,5IRX,932,-6.19
HA-14-1,5IRX,933,-6.189
vandetanib,5IRX,934,-6.189
SN-38,5IRX,935,-6.189
monastrol,5IRX,936,-6.188
ZM-241385,5IRX,937,-6.187
MK-6096,5IRX,938,-6.186
CW-008,5IRX,939,-6.185
AZD8186,5IRX,940,-6.179
RG1530,5IRX,941,-6.175
quizartinib,5IRX,942,-6.174
YIL-781,5IRX,943,-6.173
GW-583340,5IRX,944,-6.172
GSK269962,5IRX,945,-6.171
TAK-285,5IRX,946,-6.17
sofosbuvir,5IRX,947,-6.166
azeliragon,5IRX,948,-6.165
SB-216641,5IRX,949,-6.164
amuvatinib,5IRX,950,-6.162
BML-190,5IRX,951,-6.162
AMG-337,5IRX,952,-6.161
PF-04691502,5IRX,953,-6.157
CGP-20712A,5IRX,954,-6.157
BMS-265246,5IRX,955,-6.157
BCI-540,5IRX,956,-6.154
terazosin,5IRX,957,-6.153
ZM-306416,5IRX,958,-6.151
SCH-58261,5IRX,959,-6.146
GDC-0623,5IRX,960,-6.144
benzydamine,5IRX,961,-6.143
ketoconazole,5IRX,962,-6.14
JNJ-27141491,5IRX,963,-6.14
WZ-4002,5IRX,964,-6.14
GKA-50,5IRX,965,-6.139
NVP-HSP990,5IRX,966,-6.138
GSK2190915,5IRX,967,-6.136
monastrol,5IRX,968,-6.136
tienilic-acid,5IRX,969,-6.136
elacridar,5IRX,970,-6.135
LY2606368,5IRX,971,-6.135
NIDA-41020,5IRX,972,-6.134
T-0156,5IRX,973,-6.132
tyrphostin-AG-1478,5IRX,974,-6.132
monastrol,5IRX,975,-6.131
bunazosin,5IRX,976,-6.129
donitriptan,5IRX,977,-6.127
NMS-873,5IRX,978,-6.126
BI-D1870,5IRX,979,-6.126
GSK461364,5IRX,980,-6.125
LY2606368,5IRX,981,-6.124
AMG-337,5IRX,982,-6.123
3-MPPI,5IRX,983,-6.123
crizotinib,5IRX,984,-6.122
SB-216641,5IRX,985,-6.121
SB-431542,5IRX,986,-6.119
GSK2578215A,5IRX,987,-6.114
oglemilast,5IRX,988,-6.108
bosentan,5IRX,989,-6.107
AZ5104,5IRX,990,-6.105
FCE-22250,5IRX,991,-6.101
RBC8,5IRX,992,-6.101
NVP-AUY922,5IRX,993,-6.1
GNF-5837,5IRX,994,-6.099
warfarin,5IRX,995,-6.099
erlotinib,5IRX,996,-6.097
benzydamine,5IRX,997,-6.094
DSR-6434,5IRX,998,-6.094
WZ-3146,5IRX,999,-6.093
goserelin-acetate,5IRX,1000,-6.092
pacritinib,5IRX,1001,-6.087
ZM-241385,5IRX,1002,-6.086
bosentan,5IRX,1003,-6.086
KL-001,5IRX,1004,-6.084
AZ-12080282,5IRX,1005,-6.077
HA-14-1,5IRX,1006,-6.077
AMG-337,5IRX,1007,-6.076
oxiperomide,5IRX,1008,-6.074
dasabuvir,5IRX,1009,-6.074
WHI-P154,5IRX,1010,-6.073
tyrphostin-AG-1478,5IRX,1011,-6.07
PF-04691502,5IRX,1012,-6.07
BMS-777607,5IRX,1013,-6.067
pelitinib,5IRX,1014,-6.066
VER-49009,5IRX,1015,-6.065
CID-16020046,5IRX,1016,-6.062
decoquinate,5IRX,1017,-6.062
lapatinib,5IRX,1018,-6.055
MK-2048,5IRX,1019,-6.055
neurodazine,5IRX,1020,-6.05
GSK1292263,5IRX,1021,-6.046
YM-201636,5IRX,1022,-6.044
PD-102807,5IRX,1023,-6.041
pyronaridine,5IRX,1024,-6.036
GDC-0623,5IRX,1025,-6.033
ibrutinib,5IRX,1026,-6.032
brivanib-alaninate,5IRX,1027,-6.032
JNJ-42041935,5IRX,1028,-6.029
CGS-15943,5IRX,1029,-6.029
zolantidine,5IRX,1030,-6.025
NMS-873,5IRX,1031,-6.024
mosapride,5IRX,1032,-6.024
ZM-447439,5IRX,1033,-6.023
OTX015,5IRX,1034,-6.022
selumetinib,5IRX,1035,-6.022
JTE-907,5IRX,1036,-6.02
CYT-997,5IRX,1037,-6.019
BMS-777607,5IRX,1038,-6.018
PF-04937319,5IRX,1039,-6.017
acalisib,5IRX,1040,-6.01
riodipine,5IRX,1041,-6.009
GDC-0623,5IRX,1042,-6.008
hemoglobin-modulators-1,5IRX,1043,-6.005
CCG-63808,5IRX,1044,-6.005
edaglitazone,5IRX,1045,-6.005
azilsartan-medoxomil,5IRX,1046,-6.003
avatrombopag,5IRX,1047,-6.003
NMS-E973,5IRX,1048,-6.002
itraconazole,5IRX,1049,-6.001
GSK2194069,5IRX,1050,-6.001
LY2606368,5IRX,1051,-6
VER-49009,5IRX,1052,-5.996
TCS-3035,5IRX,1053,-5.994
purmorphamine,5IRX,1054,-5.992
BMS-927711,5IRX,1055,-5.992
CYM-50260,5IRX,1056,-5.992
JNJ-42041935,5IRX,1057,-5.991
poziotinib,5IRX,1058,-5.988
fruquintinib,5IRX,1059,-5.988
NMS-E973,5IRX,1060,-5.987
doxazosin,5IRX,1061,-5.987
preladenant,5IRX,1062,-5.985
PF-04937319,5IRX,1063,-5.985
ZM-447439,5IRX,1064,-5.984
GW-1929,5IRX,1065,-5.98
GNF-2,5IRX,1066,-5.98
FG-2216,5IRX,1067,-5.979
CCG-63802,5IRX,1068,-5.977
avatrombopag,5IRX,1069,-5.976
WIKI4,5IRX,1070,-5.975
NVP-AUY922,5IRX,1071,-5.975
GSK2801,5IRX,1072,-5.975
LMI070,5IRX,1073,-5.974
BTS-72664,5IRX,1074,-5.966
bay-60-7550,5IRX,1075,-5.964
FPL-62064,5IRX,1076,-5.963
LY2606368,5IRX,1077,-5.959
erlotinib,5IRX,1078,-5.959
BMS-690514,5IRX,1079,-5.957
tienilic-acid,5IRX,1080,-5.955
flucloxacillin,5IRX,1081,-5.954
KL-001,5IRX,1082,-5.953
G007-LK,5IRX,1083,-5.947
cloxacillin,5IRX,1084,-5.947
edaglitazone,5IRX,1085,-5.942
NU-1025,5IRX,1086,-5.939
OSI-420,5IRX,1087,-5.938
APcK-110,5IRX,1088,-5.936
AZD3463,5IRX,1089,-5.935
CUDC-907,5IRX,1090,-5.935
NVP-AUY922,5IRX,1091,-5.934
WIKI4,5IRX,1092,-5.931
amtolmetin-guacil,5IRX,1093,-5.93
PH-797804,5IRX,1094,-5.93
tozadenant,5IRX,1095,-5.927
OTX015,5IRX,1096,-5.924
PF-8380,5IRX,1097,-5.921
AZ-12080282,5IRX,1098,-5.92
NVP-AUY922,5IRX,1099,-5.919
JNJ-27141491,5IRX,1100,-5.919
GSK2578215A,5IRX,1101,-5.918
selumetinib,5IRX,1102,-5.917
erlotinib,5IRX,1103,-5.914
lapatinib,5IRX,1104,-5.914
2-[1-(4-piperonyl)piperazinyl]benzothiazole,5IRX,1105,-5.908
PH-797804,5IRX,1106,-5.908
bunazosin,5IRX,1107,-5.905
copanlisib,5IRX,1108,-5.901
GNF-5837,5IRX,1109,-5.897
teniposide,5IRX,1110,-5.896
edaglitazone,5IRX,1111,-5.896
NVP-BGJ398,5IRX,1112,-5.896
HKI-357,5IRX,1113,-5.896
GW-583340,5IRX,1114,-5.895
barasertib-HQPA,5IRX,1115,-5.895
WHI-P154,5IRX,1116,-5.894
amoxapine,5IRX,1117,-5.889
edaglitazone,5IRX,1118,-5.889
XL-647,5IRX,1119,-5.888
BMS-777607,5IRX,1120,-5.888
A-939572,5IRX,1121,-5.887
YM-201636,5IRX,1122,-5.884
tozadenant,5IRX,1123,-5.88
SID-7969543,5IRX,1124,-5.879
TG-100572,5IRX,1125,-5.878
LY2603618,5IRX,1126,-5.876
flucloxacillin,5IRX,1127,-5.876
prazosin,5IRX,1128,-5.874
PSI-7976,5IRX,1129,-5.873
CGP-20712A,5IRX,1130,-5.872
SC-51089,5IRX,1131,-5.863
azeliragon,5IRX,1132,-5.863
ZM-323881,5IRX,1133,-5.862
tienilic-acid,5IRX,1134,-5.862
NIDA-41020,5IRX,1135,-5.861
GPR120-modulator-1,5IRX,1136,-5.859
azilsartan-medoxomil,5IRX,1137,-5.858
avatrombopag,5IRX,1138,-5.858
pirodavir,5IRX,1139,-5.856
GSK2194069,5IRX,1140,-5.854
RS-100329,5IRX,1141,-5.854
crizotinib-(S),5IRX,1142,-5.853
mosapride,5IRX,1143,-5.85
TAK-593,5IRX,1144,-5.85
deltarasin,5IRX,1145,-5.842
isradipine,5IRX,1146,-5.841
vandetanib,5IRX,1147,-5.838
NMS-P715,5IRX,1148,-5.837
WIKI4,5IRX,1149,-5.836
erlotinib,5IRX,1150,-5.834
RBC8,5IRX,1151,-5.832
A-839977,5IRX,1152,-5.831
UNC0737,5IRX,1153,-5.831
isradipine,5IRX,1154,-5.829
cilostazol,5IRX,1155,-5.829
CGS-15943,5IRX,1156,-5.827
cardiogenol-c,5IRX,1157,-5.827
CGS-15943,5IRX,1158,-5.826
golvatinib,5IRX,1159,-5.824
ML167,5IRX,1160,-5.823
MK-2048,5IRX,1161,-5.821
L-741742,5IRX,1162,-5.818
elacridar,5IRX,1163,-5.818
elacridar,5IRX,1164,-5.812
PFI-4,5IRX,1165,-5.81
JNJ-42165279,5IRX,1166,-5.808
terazosin,5IRX,1167,-5.808
itraconazole,5IRX,1168,-5.806
NIDA-41020,5IRX,1169,-5.806
XL-647,5IRX,1170,-5.805
bitopertin,5IRX,1171,-5.801
SID-7969543,5IRX,1172,-5.799
sobetirome,5IRX,1173,-5.798
PSI-7976,5IRX,1174,-5.798
PCI-29732,5IRX,1175,-5.798
lapatinib,5IRX,1176,-5.797
GSK1904529A,5IRX,1177,-5.796
sorafenib,5IRX,1178,-5.796
avanafil,5IRX,1179,-5.795
UNC0737,5IRX,1180,-5.793
afobazole,5IRX,1181,-5.789
L-741742,5IRX,1182,-5.789
SANT-2,5IRX,1183,-5.788
TBA-354,5IRX,1184,-5.788
AZ5104,5IRX,1185,-5.788
ZK-93423,5IRX,1186,-5.787
PF-8380,5IRX,1187,-5.784
metatinib,5IRX,1188,-5.783
BMS-777607,5IRX,1189,-5.782
SRC-kinase-inhibitor-I,5IRX,1190,-5.781
fostamatinib,5IRX,1191,-5.773
GSK2190915,5IRX,1192,-5.773
RS-100329,5IRX,1193,-5.77
pyronaridine,5IRX,1194,-5.769
prulifloxacin,5IRX,1195,-5.768
trametinib,5IRX,1196,-5.767
risperidone,5IRX,1197,-5.767
APD668,5IRX,1198,-5.765
CPI-360,5IRX,1199,-5.765
oxiperomide,5IRX,1200,-5.765
CID-16020046,5IRX,1201,-5.763
HKI-357,5IRX,1202,-5.763
PH-797804,5IRX,1203,-5.761
ku-0063794,5IRX,1204,-5.757
tivozanib,5IRX,1205,-5.756
CCG-63808,5IRX,1206,-5.756
CCT137690,5IRX,1207,-5.756
2-[1-(4-piperonyl)piperazinyl]benzothiazole,5IRX,1208,-5.751
EED226,5IRX,1209,-5.75
ARV-825,5IRX,1210,-5.748
lenvatinib,5IRX,1211,-5.746
APD668,5IRX,1212,-5.744
azasetron,5IRX,1213,-5.743
PD-102807,5IRX,1214,-5.741
GW-1100,5IRX,1215,-5.74
AMG-337,5IRX,1216,-5.74
BMS-927711,5IRX,1217,-5.738
bitopertin,5IRX,1218,-5.736
GW-6471,5IRX,1219,-5.734
BQU57,5IRX,1220,-5.733
dorsomorphin,5IRX,1221,-5.732
OSI-420,5IRX,1222,-5.732
tivozanib,5IRX,1223,-5.731
KI-20227,5IRX,1224,-5.731
dacomitinib,5IRX,1225,-5.729
PP242,5IRX,1226,-5.727
coumarin,5IRX,1227,-5.725
bay-60-7550,5IRX,1228,-5.725
NMS-E973,5IRX,1229,-5.724
SRC-kinase-inhibitor-I,5IRX,1230,-5.72
SCH-51344,5IRX,1231,-5.718
SID-7969543,5IRX,1232,-5.716
BCI-540,5IRX,1233,-5.715
quinine-ethyl-carbonate,5IRX,1234,-5.713
KL-001,5IRX,1235,-5.713
ARV-825,5IRX,1236,-5.713
goserelin-acetate,5IRX,1237,-5.712
nicergoline,5IRX,1238,-5.712
BMS-777607,5IRX,1239,-5.712
cardiogenol-c,5IRX,1240,-5.712
PF-04457845,5IRX,1241,-5.709
SJ-172550,5IRX,1242,-5.709
KRN-633,5IRX,1243,-5.707
itraconazole,5IRX,1244,-5.707
AS-2444697,5IRX,1245,-5.707
pyrazoloacridine,5IRX,1246,-5.704
NVP-AUY922,5IRX,1247,-5.703
goserelin-acetate,5IRX,1248,-5.703
PF-4800567,5IRX,1249,-5.698
RKI-1447,5IRX,1250,-5.693
maytansinol-isobutyrate,5IRX,1251,-5.693
prazosin,5IRX,1252,-5.688
sofosbuvir,5IRX,1253,-5.685
cisapride,5IRX,1254,-5.68
PCI-29732,5IRX,1255,-5.678
bay-60-7550,5IRX,1256,-5.674
mepacrine,5IRX,1257,-5.674
mosapride,5IRX,1258,-5.674
A-839977,5IRX,1259,-5.673
NMS-P715,5IRX,1260,-5.665
sulfasalazine,5IRX,1261,-5.66
iloperidone,5IRX,1262,-5.657
RS-504393,5IRX,1263,-5.655
tozadenant,5IRX,1264,-5.654
nefazodone,5IRX,1265,-5.653
GW-843682X,5IRX,1266,-5.651
EVP4593,5IRX,1267,-5.65
PCI-29732,5IRX,1268,-5.65
SCH-51344,5IRX,1269,-5.648
WZ-4002,5IRX,1270,-5.647
KU-60019,5IRX,1271,-5.646
XMD8-92,5IRX,1272,-5.646
CYM-50260,5IRX,1273,-5.643
EED226,5IRX,1274,-5.643
GSK269962,5IRX,1275,-5.642
CUDC-101,5IRX,1276,-5.641
PF-06463922,5IRX,1277,-5.64
astemizole,5IRX,1278,-5.635
RP-001,5IRX,1279,-5.635
cisapride,5IRX,1280,-5.634
brivanib-alaninate,5IRX,1281,-5.634
CGP-20712A,5IRX,1282,-5.634
posaconazole,5IRX,1283,-5.63
tosufloxacin,5IRX,1284,-5.628
neurodazine,5IRX,1285,-5.626
KL-001,5IRX,1286,-5.626
MK2-IN-1,5IRX,1287,-5.625
JTE-907,5IRX,1288,-5.624
zolantidine,5IRX,1289,-5.623
MLN0128,5IRX,1290,-5.621
barasertib-HQPA,5IRX,1291,-5.619
quinine-ethyl-carbonate,5IRX,1292,-5.618
WIKI4,5IRX,1293,-5.618
barasertib-HQPA,5IRX,1294,-5.617
irinotecan,5IRX,1295,-5.615
EMD-1214063,5IRX,1296,-5.615
ZM-323881,5IRX,1297,-5.611
RP-001,5IRX,1298,-5.604
idelalisib,5IRX,1299,-5.601
ZM-447439,5IRX,1300,-5.6
YIL-781,5IRX,1301,-5.599
TMC-353121,5IRX,1302,-5.598
GSK2190915,5IRX,1303,-5.598
AZD3759,5IRX,1304,-5.597
raltegravir,5IRX,1305,-5.594
alfuzosin,5IRX,1306,-5.588
teniposide,5IRX,1307,-5.587
balaglitazone,5IRX,1308,-5.586
benzydamine,5IRX,1309,-5.582
BTS-72664,5IRX,1310,-5.58
crizotinib,5IRX,1311,-5.578
bay-60-7550,5IRX,1312,-5.578
AMG900,5IRX,1313,-5.575
warfarin,5IRX,1314,-5.575
CITCO,5IRX,1315,-5.573
metatinib,5IRX,1316,-5.572
GR125487,5IRX,1317,-5.572
PF-4800567,5IRX,1318,-5.571
efatutazone,5IRX,1319,-5.568
MLN0128,5IRX,1320,-5.568
dasabuvir,5IRX,1321,-5.567
GSK461364,5IRX,1322,-5.564
PCI-29732,5IRX,1323,-5.561
raltegravir,5IRX,1324,-5.551
barasertib-HQPA,5IRX,1325,-5.55
ARV-825,5IRX,1326,-5.55
Mps1-IN-1,5IRX,1327,-5.55
prazosin,5IRX,1328,-5.55
SB-431542,5IRX,1329,-5.547
tienilic-acid,5IRX,1330,-5.546
preladenant,5IRX,1331,-5.544
crizotinib,5IRX,1332,-5.544
prazosin,5IRX,1333,-5.543
ZM-323881,5IRX,1334,-5.54
amtolmetin-guacil,5IRX,1335,-5.539
ARRY-334543,5IRX,1336,-5.539
terazosin,5IRX,1337,-5.538
BMS-817378,5IRX,1338,-5.537
KT-433,5IRX,1339,-5.537
SN-38,5IRX,1340,-5.537
dorsomorphin,5IRX,1341,-5.536
CC-401,5IRX,1342,-5.536
selumetinib,5IRX,1343,-5.531
GSK923295,5IRX,1344,-5.53
GR125487,5IRX,1345,-5.529
GSK269962,5IRX,1346,-5.525
CUDC-427,5IRX,1347,-5.524
nefazodone,5IRX,1348,-5.524
NVP-AUY922,5IRX,1349,-5.524
WIKI4,5IRX,1350,-5.521
KT-433,5IRX,1351,-5.517
afobazole,5IRX,1352,-5.517
CUDC-101,5IRX,1353,-5.515
EVP4593,5IRX,1354,-5.514
salazodine,5IRX,1355,-5.51
KL-001,5IRX,1356,-5.51
GKA-50,5IRX,1357,-5.507
CCG-63808,5IRX,1358,-5.507
KI-20227,5IRX,1359,-5.506
GSK2190915,5IRX,1360,-5.5
PTC-209,5IRX,1361,-5.498
raltegravir,5IRX,1362,-5.497
AMG-208,5IRX,1363,-5.497
tienilic-acid,5IRX,1364,-5.494
isradipine,5IRX,1365,-5.492
crizotinib,5IRX,1366,-5.492
pranlukast,5IRX,1367,-5.491
HKI-357,5IRX,1368,-5.49
PF-4800567,5IRX,1369,-5.49
tyrphostin-AG-1478,5IRX,1370,-5.488
PCI-29732,5IRX,1371,-5.488
barasertib,5IRX,1372,-5.486
GDC-0623,5IRX,1373,-5.486
capadenoson,5IRX,1374,-5.483
JNJ-42165279,5IRX,1375,-5.483
KL-001,5IRX,1376,-5.482
terazosin,5IRX,1377,-5.477
cisapride,5IRX,1378,-5.477
avanafil,5IRX,1379,-5.477
pyronaridine,5IRX,1380,-5.474
KL-001,5IRX,1381,-5.474
cabozantinib,5IRX,1382,-5.473
TAK-593,5IRX,1383,-5.469
sobetirome,5IRX,1384,-5.468
GW-1100,5IRX,1385,-5.468
acalisib,5IRX,1386,-5.467
LY2606368,5IRX,1387,-5.462
GW-1929,5IRX,1388,-5.462
amtolmetin-guacil,5IRX,1389,-5.458
copanlisib,5IRX,1390,-5.458
crenolanib,5IRX,1391,-5.457
icotinib,5IRX,1392,-5.455
mosapride,5IRX,1393,-5.451
terazosin,5IRX,1394,-5.451
GDC-0623,5IRX,1395,-5.451
grazoprevir,5IRX,1396,-5.45
brivanib,5IRX,1397,-5.449
lenvatinib,5IRX,1398,-5.447
sildenafil,5IRX,1399,-5.447
NMS-E973,5IRX,1400,-5.446
I-BET-762,5IRX,1401,-5.444
SJ-172550,5IRX,1402,-5.444
ARV-825,5IRX,1403,-5.443
BMS-927711,5IRX,1404,-5.437
TC-NTR1-17,5IRX,1405,-5.435
prazosin,5IRX,1406,-5.432
APD597,5IRX,1407,-5.431
fenofibric-acid,5IRX,1408,-5.43
bosentan,5IRX,1409,-5.43
AMG-337,5IRX,1410,-5.429
ZK-93423,5IRX,1411,-5.427
PF-06463922,5IRX,1412,-5.424
CUDC-907,5IRX,1413,-5.422
BAY-61-3606,5IRX,1414,-5.42
XL-647,5IRX,1415,-5.416
loxapine,5IRX,1416,-5.416
GKA-50,5IRX,1417,-5.414
MRS-1220,5IRX,1418,-5.414
raltegravir,5IRX,1419,-5.412
PF-3274167,5IRX,1420,-5.41
crenolanib,5IRX,1421,-5.41
CID-16020046,5IRX,1422,-5.41
GW-583340,5IRX,1423,-5.408
tienilic-acid,5IRX,1424,-5.408
PF-3274167,5IRX,1425,-5.407
CITCO,5IRX,1426,-5.405
BAY-61-3606,5IRX,1427,-5.405
capadenoson,5IRX,1428,-5.404
PF-3274167,5IRX,1429,-5.4
ZM-323881,5IRX,1430,-5.4
dasabuvir,5IRX,1431,-5.398
azasetron,5IRX,1432,-5.398
napabucasin,5IRX,1433,-5.393
MK-8245,5IRX,1434,-5.392
RS-100329,5IRX,1435,-5.39
cisapride,5IRX,1436,-5.387
MK-6096,5IRX,1437,-5.385
ARV-825,5IRX,1438,-5.382
brexpiprazole,5IRX,1439,-5.381
riodipine,5IRX,1440,-5.381
ARV-825,5IRX,1441,-5.38
warfarin,5IRX,1442,-5.38
CYT-997,5IRX,1443,-5.379
bunazosin,5IRX,1444,-5.376
proxodolol,5IRX,1445,-5.374
itraconazole,5IRX,1446,-5.369
YM-201636,5IRX,1447,-5.367
droxicam,5IRX,1448,-5.366
sorafenib,5IRX,1449,-5.364
copanlisib,5IRX,1450,-5.361
EMD-1214063,5IRX,1451,-5.36
taselisib,5IRX,1452,-5.36
trametinib,5IRX,1453,-5.359
NMS-P715,5IRX,1454,-5.357
PFI-4,5IRX,1455,-5.352
GR-127935,5IRX,1456,-5.351
GW-1100,5IRX,1457,-5.351
TAK-593,5IRX,1458,-5.348
L-168049,5IRX,1459,-5.347
efatutazone,5IRX,1460,-5.347
barasertib-HQPA,5IRX,1461,-5.341
PH-797804,5IRX,1462,-5.34
UNC0646,5IRX,1463,-5.34
prazosin,5IRX,1464,-5.339
CFM-1571,5IRX,1465,-5.332
capadenoson,5IRX,1466,-5.331
PSI-7976,5IRX,1467,-5.33
itraconazole,5IRX,1468,-5.328
CEP-32496,5IRX,1469,-5.327
ansamitocin-p-3,5IRX,1470,-5.326
BIBN4096,5IRX,1471,-5.324
APD597,5IRX,1472,-5.324
AZ5104,5IRX,1473,-5.322
YIL-781,5IRX,1474,-5.322
HA-14-1,5IRX,1475,-5.322
GSK2190915,5IRX,1476,-5.321
lorlatinib,5IRX,1477,-5.317
MK-2048,5IRX,1478,-5.315
TMC-353121,5IRX,1479,-5.315
fruquintinib,5IRX,1480,-5.312
sofosbuvir,5IRX,1481,-5.311
PF-06463922,5IRX,1482,-5.311
I-BET151,5IRX,1483,-5.31
riodipine,5IRX,1484,-5.31
HKI-357,5IRX,1485,-5.308
PCI-29732,5IRX,1486,-5.308
BTS-72664,5IRX,1487,-5.307
bosentan,5IRX,1488,-5.305
XL-647,5IRX,1489,-5.304
bosentan,5IRX,1490,-5.304
CUDC-101,5IRX,1491,-5.304
NVP-AUY922,5IRX,1492,-5.303
CUDC-907,5IRX,1493,-5.302
PF-4800567,5IRX,1494,-5.302
astemizole,5IRX,1495,-5.298
neratinib,5IRX,1496,-5.298
droxicam,5IRX,1497,-5.298
BMY-45778,5IRX,1498,-5.298
lenvatinib,5IRX,1499,-5.298
doxazosin,5IRX,1500,-5.295
YIL-781,5IRX,1501,-5.293
purmorphamine,5IRX,1502,-5.291
cinoxacin,5IRX,1503,-5.29
KI-20227,5IRX,1504,-5.289
preladenant,5IRX,1505,-5.288
ARRY-334543,5IRX,1506,-5.287
ansamitocin-p-3,5IRX,1507,-5.286
BMY-45778,5IRX,1508,-5.285
CCT137690,5IRX,1509,-5.284
CGM097,5IRX,1510,-5.284
GSK1838705A,5IRX,1511,-5.282
ARV-825,5IRX,1512,-5.281
BI-D1870,5IRX,1513,-5.281
RBC8,5IRX,1514,-5.279
gabazine,5IRX,1515,-5.276
cabozantinib,5IRX,1516,-5.275
ketoconazole,5IRX,1517,-5.274
rhodamine-123,5IRX,1518,-5.274
brivanib-alaninate,5IRX,1519,-5.271
GDC-0623,5IRX,1520,-5.27
APD597,5IRX,1521,-5.268
pardoprunox,5IRX,1522,-5.268
bay-60-7550,5IRX,1523,-5.266
CPI-169,5IRX,1524,-5.265
GSK2578215A,5IRX,1525,-5.264
erlotinib,5IRX,1526,-5.263
grazoprevir,5IRX,1527,-5.262
azasetron,5IRX,1528,-5.259
CGP-20712A,5IRX,1529,-5.259
poziotinib,5IRX,1530,-5.257
lorlatinib,5IRX,1531,-5.257
GW-583340,5IRX,1532,-5.256
ZCL-278,5IRX,1533,-5.254
PF-4800567,5IRX,1534,-5.251
CID-16020046,5IRX,1535,-5.25
pranlukast,5IRX,1536,-5.248
AZM-475271,5IRX,1537,-5.245
metazosin,5IRX,1538,-5.244
crenolanib,5IRX,1539,-5.244
GW-1929,5IRX,1540,-5.244
ARRY-334543,5IRX,1541,-5.244
doramapimod,5IRX,1542,-5.243
PCI-29732,5IRX,1543,-5.242
crenolanib,5IRX,1544,-5.241
GSK2194069,5IRX,1545,-5.24
hemoglobin-modulators-1,5IRX,1546,-5.239
raltegravir,5IRX,1547,-5.239
TG-02,5IRX,1548,-5.234
KI-20227,5IRX,1549,-5.232
SGI-1776,5IRX,1550,-5.231
RS-100329,5IRX,1551,-5.23
SC-51089,5IRX,1552,-5.228
mibefradil,5IRX,1553,-5.228
XL-647,5IRX,1554,-5.225
cilostazol,5IRX,1555,-5.223
BI-D1870,5IRX,1556,-5.215
GSK2194069,5IRX,1557,-5.215
cevipabulin,5IRX,1558,-5.214
NU-1025,5IRX,1559,-5.21
APD668,5IRX,1560,-5.21
pyronaridine,5IRX,1561,-5.209
CUDC-101,5IRX,1562,-5.208
sofosbuvir,5IRX,1563,-5.206
PF-06463922,5IRX,1564,-5.206
AM679,5IRX,1565,-5.205
KU-60019,5IRX,1566,-5.204
I-BET-762,5IRX,1567,-5.198
PF-04691502,5IRX,1568,-5.196
TMC-353121,5IRX,1569,-5.194
BIBN4096,5IRX,1570,-5.19
pirodavir,5IRX,1571,-5.189
LX1031,5IRX,1572,-5.188
AZ3146,5IRX,1573,-5.188
canertinib,5IRX,1574,-5.187
BI-224436,5IRX,1575,-5.187
CNX-774,5IRX,1576,-5.185
amodiaquine,5IRX,1577,-5.185
UNC0737,5IRX,1578,-5.184
ZM-447439,5IRX,1579,-5.183
phenprocoumon,5IRX,1580,-5.179
hemoglobin-modulators-1,5IRX,1581,-5.174
dasabuvir,5IRX,1582,-5.172
teniposide,5IRX,1583,-5.171
GSK2194069,5IRX,1584,-5.17
pirodavir,5IRX,1585,-5.169
cisapride,5IRX,1586,-5.168
grazoprevir,5IRX,1587,-5.168
AMG-337,5IRX,1588,-5.167
cediranib,5IRX,1589,-5.165
sorafenib,5IRX,1590,-5.164
brexpiprazole,5IRX,1591,-5.164
proxodolol,5IRX,1592,-5.163
salazodine,5IRX,1593,-5.162
bosentan,5IRX,1594,-5.157
RG1530,5IRX,1595,-5.154
UNC0321,5IRX,1596,-5.152
PFI-4,5IRX,1597,-5.149
proxodolol,5IRX,1598,-5.149
CPCCOEt,5IRX,1599,-5.149
dasabuvir,5IRX,1600,-5.149
BIBN4096,5IRX,1601,-5.148
verubulin,5IRX,1602,-5.147
AV-412,5IRX,1603,-5.14
A-939572,5IRX,1604,-5.14
PD-102807,5IRX,1605,-5.139
BLU9931,5IRX,1606,-5.139
MRK-016,5IRX,1607,-5.139
ITI214,5IRX,1608,-5.138
ZK-93423,5IRX,1609,-5.134
bosentan,5IRX,1610,-5.131
GR125487,5IRX,1611,-5.128
poziotinib,5IRX,1612,-5.127
proxodolol,5IRX,1613,-5.127
hemoglobin-modulators-1,5IRX,1614,-5.125
PFI-4,5IRX,1615,-5.124
purmorphamine,5IRX,1616,-5.123
JTE-907,5IRX,1617,-5.123
pyronaridine,5IRX,1618,-5.121
LY2603618,5IRX,1619,-5.121
GSK2801,5IRX,1620,-5.12
furaltadone,5IRX,1621,-5.12
XL-647,5IRX,1622,-5.119
metazosin,5IRX,1623,-5.119
barasertib-HQPA,5IRX,1624,-5.116
MK-6096,5IRX,1625,-5.115
isradipine,5IRX,1626,-5.112
gabazine,5IRX,1627,-5.108
A-939572,5IRX,1628,-5.108
cisapride,5IRX,1629,-5.106
clioquinol,5IRX,1630,-5.105
ketoconazole,5IRX,1631,-5.104
CCG-63808,5IRX,1632,-5.104
CPI-169,5IRX,1633,-5.103
cefpiramide,5IRX,1634,-5.1
metazosin,5IRX,1635,-5.099
CFM-1571,5IRX,1636,-5.099
GW-1100,5IRX,1637,-5.098
piribedil,5IRX,1638,-5.097
micafungin,5IRX,1639,-5.097
JTE-907,5IRX,1640,-5.097
PF-06463922,5IRX,1641,-5.096
I-BET151,5IRX,1642,-5.095
APD668,5IRX,1643,-5.095
itraconazole,5IRX,1644,-5.094
goserelin-acetate,5IRX,1645,-5.094
metatinib,5IRX,1646,-5.092
KL-001,5IRX,1647,-5.089
suvorexant,5IRX,1648,-5.089
SB-202190,5IRX,1649,-5.089
WIKI4,5IRX,1650,-5.089
grazoprevir,5IRX,1651,-5.088
AMG-337,5IRX,1652,-5.085
oglemilast,5IRX,1653,-5.084
ibrutinib,5IRX,1654,-5.083
GSK2194069,5IRX,1655,-5.077
furaltadone,5IRX,1656,-5.075
elinogrel,5IRX,1657,-5.074
KU-60019,5IRX,1658,-5.071
irinotecan,5IRX,1659,-5.069
RBC8,5IRX,1660,-5.068
JTE-907,5IRX,1661,-5.067
CFM-1571,5IRX,1662,-5.066
CCT137690,5IRX,1663,-5.066
PF-04937319,5IRX,1664,-5.065
WZ4003,5IRX,1665,-5.065
ARQ-621,5IRX,1666,-5.062
OSI-027,5IRX,1667,-5.06
MK-2048,5IRX,1668,-5.059
napabucasin,5IRX,1669,-5.058
WHI-P154,5IRX,1670,-5.057
Rec-15_2615,5IRX,1671,-5.056
UNC0321,5IRX,1672,-5.056
altiratinib,5IRX,1673,-5.054
YM-90709,5IRX,1674,-5.054
fenofibrate,5IRX,1675,-5.052
KL-001,5IRX,1676,-5.052
KL-001,5IRX,1677,-5.051
itraconazole,5IRX,1678,-5.05
crenolanib,5IRX,1679,-5.05
GSK923295,5IRX,1680,-5.048
olmutinib,5IRX,1681,-5.048
bosentan,5IRX,1682,-5.048
lafutidine,5IRX,1683,-5.046
verubulin,5IRX,1684,-5.046
PD-102807,5IRX,1685,-5.045
azasetron,5IRX,1686,-5.042
JK-184,5IRX,1687,-5.039
efatutazone,5IRX,1688,-5.038
efatutazone,5IRX,1689,-5.038
zibotentan,5IRX,1690,-5.037
tienilic-acid,5IRX,1691,-5.033
PSI-7976,5IRX,1692,-5.033
PF-04691502,5IRX,1693,-5.031
sulfasalazine,5IRX,1694,-5.031
GSK2190915,5IRX,1695,-5.031
HER2-Inhibitor-1,5IRX,1696,-5.029
ITI214,5IRX,1697,-5.028
oxolinic-acid,5IRX,1698,-5.025
nicergoline,5IRX,1699,-5.025
telatinib,5IRX,1700,-5.025
icotinib,5IRX,1701,-5.025
candesartan,5IRX,1702,-5.024
TGR-1202,5IRX,1703,-5.022
metazosin,5IRX,1704,-5.022
efatutazone,5IRX,1705,-5.021
posaconazole,5IRX,1706,-5.018
LY2606368,5IRX,1707,-5.018
GNF-5837,5IRX,1708,-5.018
PPY-A,5IRX,1709,-5.017
trametinib,5IRX,1710,-5.017
poziotinib,5IRX,1711,-5.016
GW-6471,5IRX,1712,-5.015
goserelin-acetate,5IRX,1713,-5.015
avanafil,5IRX,1714,-5.011
KL-001,5IRX,1715,-5.01
BIBN4096,5IRX,1716,-5.01
GR125487,5IRX,1717,-5.007
CYM-50260,5IRX,1718,-5.007
PF-4800567,5IRX,1719,-5.006
sorafenib,5IRX,1720,-5.005
avanafil,5IRX,1721,-5.003
CPI-169,5IRX,1722,-5.003
WZ4003,5IRX,1723,-5.001
OTS167,5IRX,1724,-5
OSI-027,5IRX,1725,-5
EED226,5IRX,1726,-4.998
YM-90709,5IRX,1727,-4.997
MLN0128,5IRX,1728,-4.993
golvatinib,5IRX,1729,-4.993
metazosin,5IRX,1730,-4.993
trequinsin,5IRX,1731,-4.991
tyrphostin-AG-1478,5IRX,1732,-4.989
teniposide,5IRX,1733,-4.989
olmutinib,5IRX,1734,-4.988
H2L-5765834,5IRX,1735,-4.987
D-4476,5IRX,1736,-4.987
UNC0631,5IRX,1737,-4.987
dacomitinib,5IRX,1738,-4.985
NMS-E973,5IRX,1739,-4.983
efatutazone,5IRX,1740,-4.982
oxolinic-acid,5IRX,1741,-4.981
SRC-kinase-inhibitor-I,5IRX,1742,-4.979
NMS-E973,5IRX,1743,-4.978
HKI-357,5IRX,1744,-4.977
rifaximin,5IRX,1745,-4.975
telithromycin,5IRX,1746,-4.975
PSI-7976,5IRX,1747,-4.975
quinine-ethyl-carbonate,5IRX,1748,-4.975
brivanib,5IRX,1749,-4.973
ZCL-278,5IRX,1750,-4.971
CGM097,5IRX,1751,-4.971
I-BET151,5IRX,1752,-4.968
avanafil,5IRX,1753,-4.967
MBX-2982,5IRX,1754,-4.966
I-BET-762,5IRX,1755,-4.966
LY3000328,5IRX,1756,-4.959
maytansinol-isobutyrate,5IRX,1757,-4.958
bosentan,5IRX,1758,-4.957
cloxacillin,5IRX,1759,-4.957
nefazodone,5IRX,1760,-4.956
PSI-7976,5IRX,1761,-4.955
itraconazole,5IRX,1762,-4.954
decoquinate,5IRX,1763,-4.953
PSI-7976,5IRX,1764,-4.952
phenprocoumon,5IRX,1765,-4.95
GSK2190915,5IRX,1766,-4.95
phenprocoumon,5IRX,1767,-4.949
clioquinol,5IRX,1768,-4.947
candesartan,5IRX,1769,-4.947
meclinertant,5IRX,1770,-4.947
BMS-599626,5IRX,1771,-4.944
GW-1929,5IRX,1772,-4.942
BMS-927711,5IRX,1773,-4.94
simeprevir,5IRX,1774,-4.94
CPI-169,5IRX,1775,-4.937
NMS-P715,5IRX,1776,-4.936
ARRY-334543,5IRX,1777,-4.935
XL-647,5IRX,1778,-4.934
lenvatinib,5IRX,1779,-4.931
avanafil,5IRX,1780,-4.93
regorafenib,5IRX,1781,-4.928
CUDC-427,5IRX,1782,-4.928
decoquinate,5IRX,1783,-4.927
CCG-63802,5IRX,1784,-4.924
taranabant,5IRX,1785,-4.922
maytansinol-isobutyrate,5IRX,1786,-4.922
metazosin,5IRX,1787,-4.921
quinine-ethyl-carbonate,5IRX,1788,-4.917
posaconazole,5IRX,1789,-4.915
trametinib,5IRX,1790,-4.915
itraconazole,5IRX,1791,-4.913
GR-127935,5IRX,1792,-4.913
lafutidine,5IRX,1793,-4.912
proxodolol,5IRX,1794,-4.911
ceritinib,5IRX,1795,-4.91
furaltadone,5IRX,1796,-4.909
purmorphamine,5IRX,1797,-4.905
avanafil,5IRX,1798,-4.9
DMH4,5IRX,1799,-4.897
A-939572,5IRX,1800,-4.897
cisapride,5IRX,1801,-4.897
CITCO,5IRX,1802,-4.896
pyrintegrin,5IRX,1803,-4.896
NK-252,5IRX,1804,-4.896
amodiaquine,5IRX,1805,-4.895
preladenant,5IRX,1806,-4.893
cevipabulin,5IRX,1807,-4.89
GR125487,5IRX,1808,-4.887
NMS-E973,5IRX,1809,-4.886
mosapride,5IRX,1810,-4.882
rebastinib,5IRX,1811,-4.882
lafutidine,5IRX,1812,-4.88
RBC8,5IRX,1813,-4.88
BMY-45778,5IRX,1814,-4.877
GR125487,5IRX,1815,-4.877
oxiperomide,5IRX,1816,-4.874
GR-127935,5IRX,1817,-4.87
rifaximin,5IRX,1818,-4.868
oxolinic-acid,5IRX,1819,-4.867
ZK-93423,5IRX,1820,-4.866
LY2603618,5IRX,1821,-4.864
CUDC-101,5IRX,1822,-4.863
ARQ-621,5IRX,1823,-4.861
amodiaquine,5IRX,1824,-4.86
UNC0631,5IRX,1825,-4.86
PF-04620110,5IRX,1826,-4.86
SRC-kinase-inhibitor-I,5IRX,1827,-4.859
SCH-51344,5IRX,1828,-4.855
NVP-HSP990,5IRX,1829,-4.853
VU-152100,5IRX,1830,-4.853
EMD-1214063,5IRX,1831,-4.852
ZCL-278,5IRX,1832,-4.852
clioquinol,5IRX,1833,-4.85
KRN-633,5IRX,1834,-4.848
FG-4592,5IRX,1835,-4.847
ZCL-278,5IRX,1836,-4.847
BMS-599626,5IRX,1837,-4.847
quizartinib,5IRX,1838,-4.846
SCH-51344,5IRX,1839,-4.846
itraconazole,5IRX,1840,-4.844
CPI-169,5IRX,1841,-4.843
GW-405833,5IRX,1842,-4.841
KL-001,5IRX,1843,-4.841
PD-102807,5IRX,1844,-4.838
I-BET151,5IRX,1845,-4.835
maytansinol-isobutyrate,5IRX,1846,-4.834
ansamitocin-p-3,5IRX,1847,-4.834
CUDC-427,5IRX,1848,-4.831
furaltadone,5IRX,1849,-4.83
preladenant,5IRX,1850,-4.83
crenolanib,5IRX,1851,-4.829
CYM-5442,5IRX,1852,-4.827
brivanib,5IRX,1853,-4.825
CPI-169,5IRX,1854,-4.825
RP-001,5IRX,1855,-4.824
WIKI4,5IRX,1856,-4.823
MLN0128,5IRX,1857,-4.823
EMD-1214063,5IRX,1858,-4.822
XL-647,5IRX,1859,-4.82
WZ4003,5IRX,1860,-4.819
tyrphostin-AG-1478,5IRX,1861,-4.817
EMD-1214063,5IRX,1862,-4.815
PF-04937319,5IRX,1863,-4.815
SBE-13,5IRX,1864,-4.814
cisapride,5IRX,1865,-4.814
metazosin,5IRX,1866,-4.813
TC-S-7005,5IRX,1867,-4.81
GR125487,5IRX,1868,-4.808
grazoprevir,5IRX,1869,-4.806
APD597,5IRX,1870,-4.805
PF-3274167,5IRX,1871,-4.804
RBC8,5IRX,1872,-4.804
proxodolol,5IRX,1873,-4.8
tucatinib,5IRX,1874,-4.8
VER-155008,5IRX,1875,-4.799
MGCD-265,5IRX,1876,-4.799
SRC-kinase-inhibitor-I,5IRX,1877,-4.798
PH-797804,5IRX,1878,-4.797
FPL-62064,5IRX,1879,-4.796
HA-14-1,5IRX,1880,-4.794
candesartan,5IRX,1881,-4.791
donitriptan,5IRX,1882,-4.791
AS-2444697,5IRX,1883,-4.79
NMS-1286937,5IRX,1884,-4.789
NKY-80,5IRX,1885,-4.789
VER-155008,5IRX,1886,-4.788
mirodenafil,5IRX,1887,-4.788
taranabant,5IRX,1888,-4.784
oxiperomide,5IRX,1889,-4.78
PD-102807,5IRX,1890,-4.779
candesartan,5IRX,1891,-4.778
ceritinib,5IRX,1892,-4.777
LY3000328,5IRX,1893,-4.775
apixaban,5IRX,1894,-4.775
G007-LK,5IRX,1895,-4.773
PF-04620110,5IRX,1896,-4.773
YM-201636,5IRX,1897,-4.772
UNC0737,5IRX,1898,-4.769
cloxacillin,5IRX,1899,-4.763
zibotentan,5IRX,1900,-4.763
BI-224436,5IRX,1901,-4.762
dasabuvir,5IRX,1902,-4.762
tivozanib,5IRX,1903,-4.755
MK-5108,5IRX,1904,-4.753
PD-102807,5IRX,1905,-4.752
doxazosin,5IRX,1906,-4.749
ceftaroline-fosamil,5IRX,1907,-4.749
cloxacillin,5IRX,1908,-4.745
proxodolol,5IRX,1909,-4.745
AMG900,5IRX,1910,-4.743
RP-001,5IRX,1911,-4.743
marbofloxacin,5IRX,1912,-4.741
CFM-1571,5IRX,1913,-4.739
CPI-169,5IRX,1914,-4.739
betrixaban,5IRX,1915,-4.738
puromycin,5IRX,1916,-4.737
GR-127935,5IRX,1917,-4.735
puromycin,5IRX,1918,-4.734
simeprevir,5IRX,1919,-4.733
elacridar,5IRX,1920,-4.732
WAY-100635,5IRX,1921,-4.728
ZM-447439,5IRX,1922,-4.727
barasertib,5IRX,1923,-4.727
sofosbuvir,5IRX,1924,-4.726
BMS-599626,5IRX,1925,-4.726
OSI-027,5IRX,1926,-4.726
JW-74,5IRX,1927,-4.723
SRC-kinase-inhibitor-I,5IRX,1928,-4.722
YM-201636,5IRX,1929,-4.722
NKY-80,5IRX,1930,-4.718
SID-7969543,5IRX,1931,-4.717
tyrphostin-AG-1478,5IRX,1932,-4.712
AMG-208,5IRX,1933,-4.711
AZM-475271,5IRX,1934,-4.711
quizartinib,5IRX,1935,-4.71
clioquinol,5IRX,1936,-4.71
risperidone,5IRX,1937,-4.708
PF-06463922,5IRX,1938,-4.706
NBI-74330-(+_-),5IRX,1939,-4.702
4E1RCat,5IRX,1940,-4.702
BMS-806,5IRX,1941,-4.702
NMS-873,5IRX,1942,-4.696
NMS-E973,5IRX,1943,-4.695
EMD-1214063,5IRX,1944,-4.695
pirenoxine,5IRX,1945,-4.693
olmutinib,5IRX,1946,-4.691
Mps1-IN-1,5IRX,1947,-4.691
JK-184,5IRX,1948,-4.688
VU-0422288,5IRX,1949,-4.688
sofosbuvir,5IRX,1950,-4.686
terazosin,5IRX,1951,-4.683
maytansinol-isobutyrate,5IRX,1952,-4.683
SRC-kinase-inhibitor-I,5IRX,1953,-4.682
UNC0646,5IRX,1954,-4.681
PF-04937319,5IRX,1955,-4.68
VU-0422288,5IRX,1956,-4.673
merimepodib,5IRX,1957,-4.672
AVN-944,5IRX,1958,-4.67
ZCL-278,5IRX,1959,-4.668
PF-04937319,5IRX,1960,-4.667
BQU57,5IRX,1961,-4.656
mirodenafil,5IRX,1962,-4.656
SANT-2,5IRX,1963,-4.653
merimepodib,5IRX,1964,-4.653
XL388,5IRX,1965,-4.651
sofosbuvir,5IRX,1966,-4.649
mibefradil,5IRX,1967,-4.649
BML-284,5IRX,1968,-4.649
WHI-P154,5IRX,1969,-4.648
DMH4,5IRX,1970,-4.644
NMS-873,5IRX,1971,-4.643
clioquinol,5IRX,1972,-4.64
gabazine,5IRX,1973,-4.638
UNC0638,5IRX,1974,-4.637
pibenzimol,5IRX,1975,-4.637
pyrazoloacridine,5IRX,1976,-4.636
NMS-E973,5IRX,1977,-4.636
gabazine,5IRX,1978,-4.636
zibotentan,5IRX,1979,-4.635
TMC-353121,5IRX,1980,-4.632
SRC-kinase-inhibitor-I,5IRX,1981,-4.63
risperidone,5IRX,1982,-4.63
CUDC-427,5IRX,1983,-4.62
CPCCOEt,5IRX,1984,-4.618
WHI-P154,5IRX,1985,-4.618
grazoprevir,5IRX,1986,-4.617
tucatinib,5IRX,1987,-4.615
vandetanib,5IRX,1988,-4.615
BMS-599626,5IRX,1989,-4.614
posaconazole,5IRX,1990,-4.613
CPCCOEt,5IRX,1991,-4.61
AVN-944,5IRX,1992,-4.608
WAY-100635,5IRX,1993,-4.606
poziotinib,5IRX,1994,-4.605
HA14-1,5IRX,1995,-4.604
L-168049,5IRX,1996,-4.6
gefitinib,5IRX,1997,-4.6
AMG-208,5IRX,1998,-4.597
MK-5108,5IRX,1999,-4.597
itraconazole,5IRX,2000,-4.596
RP-001,5IRX,2001,-4.595
PD-102807,5IRX,2002,-4.593
isradipine,5IRX,2003,-4.593
itraconazole,5IRX,2004,-4.591
PTC-209,5IRX,2005,-4.586
PF-06463922,5IRX,2006,-4.584
AZ-12080282,5IRX,2007,-4.583
GW-1100,5IRX,2008,-4.583
pyronaridine,5IRX,2009,-4.581
piribedil,5IRX,2010,-4.579
itraconazole,5IRX,2011,-4.576
grazoprevir,5IRX,2012,-4.574
PD-102807,5IRX,2013,-4.572
poziotinib,5IRX,2014,-4.572
suvorexant,5IRX,2015,-4.569
proxodolol,5IRX,2016,-4.568
amoxapine,5IRX,2017,-4.567
ARRY-334543,5IRX,2018,-4.565
droxicam,5IRX,2019,-4.565
NKY-80,5IRX,2020,-4.564
YIL-781,5IRX,2021,-4.562
GSK2190915,5IRX,2022,-4.562
SANT-2,5IRX,2023,-4.561
pyronaridine,5IRX,2024,-4.56
regorafenib,5IRX,2025,-4.56
R406,5IRX,2026,-4.556
APD668,5IRX,2027,-4.555
lafutidine,5IRX,2028,-4.554
CPCCOEt,5IRX,2029,-4.553
CFM-1571,5IRX,2030,-4.553
telotristat-ethyl,5IRX,2031,-4.552
mibefradil,5IRX,2032,-4.552
GSK2578215A,5IRX,2033,-4.551
lafutidine,5IRX,2034,-4.549
CGM097,5IRX,2035,-4.548
A-839977,5IRX,2036,-4.547
cevipabulin,5IRX,2037,-4.544
UNC0631,5IRX,2038,-4.534
BMS-265246,5IRX,2039,-4.532
regorafenib,5IRX,2040,-4.531
terazosin,5IRX,2041,-4.53
azeliragon,5IRX,2042,-4.526
triclabendazole,5IRX,2043,-4.525
copanlisib,5IRX,2044,-4.524
PF-06463922,5IRX,2045,-4.523
SB-243213,5IRX,2046,-4.522
triclabendazole,5IRX,2047,-4.518
triclabendazole,5IRX,2048,-4.517
posaconazole,5IRX,2049,-4.517
CP-724714,5IRX,2050,-4.517
avanafil,5IRX,2051,-4.516
taranabant,5IRX,2052,-4.515
olmesartan-medoxomil,5IRX,2053,-4.513
brivanib-alaninate,5IRX,2054,-4.509
mepacrine,5IRX,2055,-4.508
icotinib,5IRX,2056,-4.508
oglemilast,5IRX,2057,-4.502
purmorphamine,5IRX,2058,-4.501
AMG900,5IRX,2059,-4.499
MK-6096,5IRX,2060,-4.498
RP-001,5IRX,2061,-4.498
bitopertin,5IRX,2062,-4.495
cefpiramide,5IRX,2063,-4.495
APD668,5IRX,2064,-4.495
cilostazol,5IRX,2065,-4.492
trametinib,5IRX,2066,-4.488
JW-74,5IRX,2067,-4.485
VER-155008,5IRX,2068,-4.484
WZ-3146,5IRX,2069,-4.483
puromycin,5IRX,2070,-4.483
NKY-80,5IRX,2071,-4.479
GPR120-modulator-1,5IRX,2072,-4.478
vilazodone,5IRX,2073,-4.476
donitriptan,5IRX,2074,-4.474
zibotentan,5IRX,2075,-4.472
DMH4,5IRX,2076,-4.471
TC-N-1752,5IRX,2077,-4.47
TMC-353121,5IRX,2078,-4.468
TC-N-1752,5IRX,2079,-4.459
BMS-806,5IRX,2080,-4.456
volasertib,5IRX,2081,-4.456
GSK923295,5IRX,2082,-4.45
TC-F-2,5IRX,2083,-4.448
DMH4,5IRX,2084,-4.448
AMG-487-(+_-),5IRX,2085,-4.446
KL-001,5IRX,2086,-4.445
MK-8245,5IRX,2087,-4.443
AM679,5IRX,2088,-4.443
PTC-209,5IRX,2089,-4.442
WZ-4002,5IRX,2090,-4.44
proxodolol,5IRX,2091,-4.437
ZCL-278,5IRX,2092,-4.436
dicloxacillin,5IRX,2093,-4.433
erastin,5IRX,2094,-4.428
BIBN4096,5IRX,2095,-4.426
LX1031,5IRX,2096,-4.425
CGS-15943,5IRX,2097,-4.423
PF-3274167,5IRX,2098,-4.423
asunaprevir,5IRX,2099,-4.422
KI-20227,5IRX,2100,-4.421
fenofibric-acid,5IRX,2101,-4.42
CPI-360,5IRX,2102,-4.418
BMS-863233,5IRX,2103,-4.418
sulfasalazine,5IRX,2104,-4.418
GSK2194069,5IRX,2105,-4.418
telotristat-ethyl,5IRX,2106,-4.413
CGM097,5IRX,2107,-4.412
mirodenafil,5IRX,2108,-4.412
MLN0128,5IRX,2109,-4.409
WZ-4002,5IRX,2110,-4.407
AZD3759,5IRX,2111,-4.406
avanafil,5IRX,2112,-4.405
ARQ-621,5IRX,2113,-4.402
BMS-599626,5IRX,2114,-4.4
JNJ-42165279,5IRX,2115,-4.399
trametinib,5IRX,2116,-4.398
metatinib,5IRX,2117,-4.397
LY2606368,5IRX,2118,-4.397
avanafil,5IRX,2119,-4.397
PF-04937319,5IRX,2120,-4.397
VE-822,5IRX,2121,-4.396
GW-583340,5IRX,2122,-4.396
GR125487,5IRX,2123,-4.396
NMS-E973,5IRX,2124,-4.396
CPCCOEt,5IRX,2125,-4.395
PF-3274167,5IRX,2126,-4.395
UNC0631,5IRX,2127,-4.394
CFM-1571,5IRX,2128,-4.394
JW-74,5IRX,2129,-4.389
efatutazone,5IRX,2130,-4.386
mepacrine,5IRX,2131,-4.384
AZD3759,5IRX,2132,-4.383
ARRY-334543,5IRX,2133,-4.381
proxodolol,5IRX,2134,-4.38
AMG-337,5IRX,2135,-4.38
BIX-01294,5IRX,2136,-4.378
PF-3274167,5IRX,2137,-4.376
PF-04937319,5IRX,2138,-4.373
flucloxacillin,5IRX,2139,-4.372
ZK-93426,5IRX,2140,-4.372
puromycin,5IRX,2141,-4.368
amodiaquine,5IRX,2142,-4.368
vardenafil,5IRX,2143,-4.365
CPCCOEt,5IRX,2144,-4.365
poziotinib,5IRX,2145,-4.364
iloperidone,5IRX,2146,-4.364
CP-673451,5IRX,2147,-4.362
candesartan-cilextil,5IRX,2148,-4.362
BAY-61-3606,5IRX,2149,-4.362
LY2606368,5IRX,2150,-4.357
BMS-863233,5IRX,2151,-4.357
CFM-1571,5IRX,2152,-4.356
oglemilast,5IRX,2153,-4.356
ceritinib,5IRX,2154,-4.356
ansamitocin-p-3,5IRX,2155,-4.356
isradipine,5IRX,2156,-4.352
tariquidar,5IRX,2157,-4.345
SID-7969543,5IRX,2158,-4.344
barasertib,5IRX,2159,-4.342
cisapride,5IRX,2160,-4.34
CPCCOEt,5IRX,2161,-4.338
iloperidone,5IRX,2162,-4.334
liranaftate,5IRX,2163,-4.33
meclinertant,5IRX,2164,-4.328
brivanib,5IRX,2165,-4.326
EMD-1214063,5IRX,2166,-4.326
cardionogen-1,5IRX,2167,-4.325
KI-20227,5IRX,2168,-4.325
posaconazole,5IRX,2169,-4.323
ONO-4059,5IRX,2170,-4.323
LY266097,5IRX,2171,-4.322
CUDC-427,5IRX,2172,-4.321
AVN-944,5IRX,2173,-4.32
ARRY-334543,5IRX,2174,-4.319
BIBN4096,5IRX,2175,-4.319
cisapride,5IRX,2176,-4.318
10-hydroxycamptothecin,5IRX,2177,-4.318
CC-401,5IRX,2178,-4.315
LX1031,5IRX,2179,-4.314
cefpiramide,5IRX,2180,-4.313
GR125487,5IRX,2181,-4.312
asunaprevir,5IRX,2182,-4.31
TC-F-2,5IRX,2183,-4.304
mibefradil,5IRX,2184,-4.302
PFI-4,5IRX,2185,-4.302
suvorexant,5IRX,2186,-4.302
rhodamine-123,5IRX,2187,-4.301
BIX-01294,5IRX,2188,-4.3
FPL-62064,5IRX,2189,-4.297
AVN-944,5IRX,2190,-4.294
TC-N-1752,5IRX,2191,-4.293
trequinsin,5IRX,2192,-4.29
sulfasalazine,5IRX,2193,-4.288
CITCO,5IRX,2194,-4.287
amodiaquine,5IRX,2195,-4.286
verubulin,5IRX,2196,-4.286
asunaprevir,5IRX,2197,-4.285
TC-F-2,5IRX,2198,-4.283
JW-74,5IRX,2199,-4.283
fenofibrate,5IRX,2200,-4.279
ZM-447439,5IRX,2201,-4.278
AM679,5IRX,2202,-4.277
nor-Binaltorphimine-dihydrochloride,5IRX,2203,-4.277
LY2874455,5IRX,2204,-4.271
DMH4,5IRX,2205,-4.268
CC-401,5IRX,2206,-4.266
GR125487,5IRX,2207,-4.265
furaltadone,5IRX,2208,-4.264
SCH-51344,5IRX,2209,-4.263
LDC1267,5IRX,2210,-4.263
risperidone,5IRX,2211,-4.261
AVN-944,5IRX,2212,-4.26
GW-6471,5IRX,2213,-4.26
CITCO,5IRX,2214,-4.258
CPCCOEt,5IRX,2215,-4.256
PD-102807,5IRX,2216,-4.255
terazosin,5IRX,2217,-4.253
CITCO,5IRX,2218,-4.253
CYM-50260,5IRX,2219,-4.252
APcK-110,5IRX,2220,-4.25
tienilic-acid,5IRX,2221,-4.249
dasabuvir,5IRX,2222,-4.247
GR-127935,5IRX,2223,-4.247
cevipabulin,5IRX,2224,-4.246
telotristat-ethyl,5IRX,2225,-4.237
erastin,5IRX,2226,-4.236
isradipine,5IRX,2227,-4.235
KRN-633,5IRX,2228,-4.234
ZCL-278,5IRX,2229,-4.233
asunaprevir,5IRX,2230,-4.233
LY2784544,5IRX,2231,-4.233
cloxacillin,5IRX,2232,-4.23
SGI-1776,5IRX,2233,-4.227
GSK923295,5IRX,2234,-4.226
GR125487,5IRX,2235,-4.223
OTS167,5IRX,2236,-4.221
azilsartan-medoxomil,5IRX,2237,-4.221
WAY-100635,5IRX,2238,-4.217
Mps1-IN-1,5IRX,2239,-4.216
AS-2444697,5IRX,2240,-4.212
BMS-599626,5IRX,2241,-4.207
SANT-2,5IRX,2242,-4.207
BAY-61-3606,5IRX,2243,-4.205
terazosin,5IRX,2244,-4.204
clioquinol,5IRX,2245,-4.204
sildenafil,5IRX,2246,-4.202
DSR-6434,5IRX,2247,-4.201
ZM-306416,5IRX,2248,-4.197
SGI-1776,5IRX,2249,-4.195
asunaprevir,5IRX,2250,-4.194
KU-60019,5IRX,2251,-4.191
raltegravir,5IRX,2252,-4.19
taranabant,5IRX,2253,-4.188
CUDC-427,5IRX,2254,-4.188
barasertib,5IRX,2255,-4.187
vardenafil,5IRX,2256,-4.186
maytansinol-isobutyrate,5IRX,2257,-4.185
proxodolol,5IRX,2258,-4.184
NMS-E973,5IRX,2259,-4.184
KG-5,5IRX,2260,-4.182
NKY-80,5IRX,2261,-4.181
amodiaquine,5IRX,2262,-4.179
mirodenafil,5IRX,2263,-4.179
verubulin,5IRX,2264,-4.176
UNC0737,5IRX,2265,-4.175
lafutidine,5IRX,2266,-4.171
PSI-7976,5IRX,2267,-4.169
cevipabulin,5IRX,2268,-4.167
prazosin,5IRX,2269,-4.165
CPI-169,5IRX,2270,-4.165
nor-Binaltorphimine-dihydrochloride,5IRX,2271,-4.164
PD-153035,5IRX,2272,-4.163
merimepodib,5IRX,2273,-4.162
vandetanib,5IRX,2274,-4.161
NMS-873,5IRX,2275,-4.16
cardionogen-1,5IRX,2276,-4.156
TC-F-2,5IRX,2277,-4.151
WIKI4,5IRX,2278,-4.151
ML347,5IRX,2279,-4.15
BMS-806,5IRX,2280,-4.148
VE-822,5IRX,2281,-4.146
SCH-51344,5IRX,2282,-4.146
pantoprazole,5IRX,2283,-4.144
brexpiprazole,5IRX,2284,-4.14
PSI-7976,5IRX,2285,-4.135
prazosin,5IRX,2286,-4.134
itraconazole,5IRX,2287,-4.132
BMS-599626,5IRX,2288,-4.131
ARQ-621,5IRX,2289,-4.13
volasertib,5IRX,2290,-4.127
KRN-633,5IRX,2291,-4.126
UNC0646,5IRX,2292,-4.125
SANT-2,5IRX,2293,-4.124
OSI-027,5IRX,2294,-4.122
itraconazole,5IRX,2295,-4.121
preladenant,5IRX,2296,-4.12
nor-Binaltorphimine-dihydrochloride,5IRX,2297,-4.12
NMS-1286937,5IRX,2298,-4.119
APcK-110,5IRX,2299,-4.118
WZ4003,5IRX,2300,-4.118
terconazole,5IRX,2301,-4.117
sildenafil,5IRX,2302,-4.115
KI-20227,5IRX,2303,-4.114
4E1RCat,5IRX,2304,-4.113
nefazodone,5IRX,2305,-4.111
iloperidone,5IRX,2306,-4.111
CP-724714,5IRX,2307,-4.109
tivozanib,5IRX,2308,-4.107
olmutinib,5IRX,2309,-4.106
SID-7969543,5IRX,2310,-4.102
nor-Binaltorphimine-dihydrochloride,5IRX,2311,-4.099
entrectinib,5IRX,2312,-4.099
rhodamine-123,5IRX,2313,-4.098
DMH1,5IRX,2314,-4.097
avatrombopag,5IRX,2315,-4.097
APcK-110,5IRX,2316,-4.097
nefazodone,5IRX,2317,-4.095
oxiperomide,5IRX,2318,-4.094
BAY-61-3606,5IRX,2319,-4.093
piboserod,5IRX,2320,-4.093
UNC0646,5IRX,2321,-4.091
UNC0631,5IRX,2322,-4.09
cevipabulin,5IRX,2323,-4.09
cisapride,5IRX,2324,-4.09
nor-Binaltorphimine-dihydrochloride,5IRX,2325,-4.09
gilteritinib,5IRX,2326,-4.087
fenofibric-acid,5IRX,2327,-4.087
crenolanib,5IRX,2328,-4.087
G007-LK,5IRX,2329,-4.08
UNC0631,5IRX,2330,-4.079
BMY-45778,5IRX,2331,-4.078
piboserod,5IRX,2332,-4.078
SJ-172550,5IRX,2333,-4.078
MBX-2982,5IRX,2334,-4.077
FG-2216,5IRX,2335,-4.075
maytansinol-isobutyrate,5IRX,2336,-4.073
tyrphostin-AG-1478,5IRX,2337,-4.072
copanlisib,5IRX,2338,-4.071
HA14-1,5IRX,2339,-4.07
cevipabulin,5IRX,2340,-4.069
irinotecan,5IRX,2341,-4.065
rifaximin,5IRX,2342,-4.062
XMD8-92,5IRX,2343,-4.062
RS-102221,5IRX,2344,-4.061
grazoprevir,5IRX,2345,-4.058
spiroxatrine,5IRX,2346,-4.058
olmutinib,5IRX,2347,-4.055
SGI-1776,5IRX,2348,-4.055
altiratinib,5IRX,2349,-4.051
loxapine,5IRX,2350,-4.05
erastin,5IRX,2351,-4.048
UNC0737,5IRX,2352,-4.048
NU-1025,5IRX,2353,-4.047
quizartinib,5IRX,2354,-4.044
danusertib,5IRX,2355,-4.042
KL-001,5IRX,2356,-4.038
GSK461364,5IRX,2357,-4.037
UNC0638,5IRX,2358,-4.036
cisapride,5IRX,2359,-4.036
BMS-599626,5IRX,2360,-4.035
CYT-997,5IRX,2361,-4.032
dicloxacillin,5IRX,2362,-4.031
ZK-93426,5IRX,2363,-4.03
lapatinib,5IRX,2364,-4.026
ARQ-621,5IRX,2365,-4.022
WHI-P154,5IRX,2366,-4.022
liranaftate,5IRX,2367,-4.02
SCH-28080,5IRX,2368,-4.02
CP-673451,5IRX,2369,-4.02
WHI-P154,5IRX,2370,-4.02
furaltadone,5IRX,2371,-4.017
ZCL-278,5IRX,2372,-4.017
GW-6471,5IRX,2373,-4.015
TC-F-2,5IRX,2374,-4.012
ML314,5IRX,2375,-4.012
WHI-P154,5IRX,2376,-4.011
nor-Binaltorphimine-dihydrochloride,5IRX,2377,-4.009
RS-504393,5IRX,2378,-4.006
UNC0646,5IRX,2379,-4.005
irinotecan,5IRX,2380,-4.004
isradipine,5IRX,2381,-4.003
barasertib-HQPA,5IRX,2382,-4.002
zolantidine,5IRX,2383,-3.997
PF-04937319,5IRX,2384,-3.994
pyronaridine,5IRX,2385,-3.994
L-741742,5IRX,2386,-3.991
MRK-016,5IRX,2387,-3.991
SCH-28080,5IRX,2388,-3.988
APD668,5IRX,2389,-3.985
UNC0631,5IRX,2390,-3.985
cefpiramide,5IRX,2391,-3.982
TC-F-2,5IRX,2392,-3.981
CPCCOEt,5IRX,2393,-3.98
loxapine,5IRX,2394,-3.978
prulifloxacin,5IRX,2395,-3.974
GSK269962,5IRX,2396,-3.973
L-741742,5IRX,2397,-3.97
NMS-1286937,5IRX,2398,-3.967
meclinertant,5IRX,2399,-3.964
gilteritinib,5IRX,2400,-3.962
BMS-927711,5IRX,2401,-3.961
GSK1838705A,5IRX,2402,-3.961
AMG-487-(+_-),5IRX,2403,-3.956
proxodolol,5IRX,2404,-3.953
OTS167,5IRX,2405,-3.952
nor-Binaltorphimine-dihydrochloride,5IRX,2406,-3.95
AZ3146,5IRX,2407,-3.95
danusertib,5IRX,2408,-3.95
NMS-1286937,5IRX,2409,-3.948
astemizole,5IRX,2410,-3.947
lenvatinib,5IRX,2411,-3.947
piclamilast,5IRX,2412,-3.945
teniposide,5IRX,2413,-3.944
LY266097,5IRX,2414,-3.944
UNC0638,5IRX,2415,-3.941
rebastinib,5IRX,2416,-3.94
trametinib,5IRX,2417,-3.94
posaconazole,5IRX,2418,-3.936
CPCCOEt,5IRX,2419,-3.934
UNC0638,5IRX,2420,-3.934
ZK-93426,5IRX,2421,-3.931
dacomitinib,5IRX,2422,-3.931
afobazole,5IRX,2423,-3.925
piribedil,5IRX,2424,-3.925
lafutidine,5IRX,2425,-3.924
ZK-93426,5IRX,2426,-3.924
danusertib,5IRX,2427,-3.923
RP-001,5IRX,2428,-3.922
KL-001,5IRX,2429,-3.92
vilazodone,5IRX,2430,-3.919
CCT137690,5IRX,2431,-3.918
Mps1-IN-1,5IRX,2432,-3.917
napabucasin,5IRX,2433,-3.917
ZM-306416,5IRX,2434,-3.915
toltrazuril,5IRX,2435,-3.915
suvorexant,5IRX,2436,-3.914
TG-02,5IRX,2437,-3.914
neurodazine,5IRX,2438,-3.91
RS-504393,5IRX,2439,-3.908
RS-102221,5IRX,2440,-3.907
nicergoline,5IRX,2441,-3.906
OSI-027,5IRX,2442,-3.905
CP-673451,5IRX,2443,-3.903
4E1RCat,5IRX,2444,-3.903
proglumetacin,5IRX,2445,-3.902
AZM-475271,5IRX,2446,-3.901
SCH-28080,5IRX,2447,-3.901
erastin,5IRX,2448,-3.899
azasetron,5IRX,2449,-3.899
MBX-2982,5IRX,2450,-3.898
GW-803430,5IRX,2451,-3.897
iloperidone,5IRX,2452,-3.895
fenofibrate,5IRX,2453,-3.895
MK-6096,5IRX,2454,-3.893
CITCO,5IRX,2455,-3.893
4E1RCat,5IRX,2456,-3.892
mirodenafil,5IRX,2457,-3.888
CP-673451,5IRX,2458,-3.886
AZD3514,5IRX,2459,-3.886
TGR-1202,5IRX,2460,-3.885
cevipabulin,5IRX,2461,-3.879
SGI-1776,5IRX,2462,-3.879
phenprocoumon,5IRX,2463,-3.877
DMH4,5IRX,2464,-3.875
TMC-353121,5IRX,2465,-3.875
WIKI4,5IRX,2466,-3.873
UNC0646,5IRX,2467,-3.872
napabucasin,5IRX,2468,-3.872
tucatinib,5IRX,2469,-3.869
JK-184,5IRX,2470,-3.866
SC-51089,5IRX,2471,-3.866
SID-7969543,5IRX,2472,-3.865
nor-Binaltorphimine-dihydrochloride,5IRX,2473,-3.864
olmutinib,5IRX,2474,-3.863
spiroxatrine,5IRX,2475,-3.861
CCG-63802,5IRX,2476,-3.857
meclinertant,5IRX,2477,-3.857
WZ-4002,5IRX,2478,-3.856
AZ5104,5IRX,2479,-3.854
A-839977,5IRX,2480,-3.852
GW-1929,5IRX,2481,-3.851
salazodine,5IRX,2482,-3.849
garenoxacin,5IRX,2483,-3.848
VU-0422288,5IRX,2484,-3.847
nor-Binaltorphimine-dihydrochloride,5IRX,2485,-3.846
fenofibrate,5IRX,2486,-3.843
pexmetinib,5IRX,2487,-3.843
SB-590885,5IRX,2488,-3.841
ML314,5IRX,2489,-3.84
AMG458,5IRX,2490,-3.84
maytansinol-isobutyrate,5IRX,2491,-3.839
UNC0638,5IRX,2492,-3.838
XMD8-92,5IRX,2493,-3.838
spiroxatrine,5IRX,2494,-3.838
nor-Binaltorphimine-dihydrochloride,5IRX,2495,-3.836
cisapride,5IRX,2496,-3.834
PFI-4,5IRX,2497,-3.833
PF-04457845,5IRX,2498,-3.832
cloxacillin,5IRX,2499,-3.832
ARRY-334543,5IRX,2500,-3.83
ARV-825,5IRX,2501,-3.829
pyronaridine,5IRX,2502,-3.829
erastin,5IRX,2503,-3.826
meclinertant,5IRX,2504,-3.825
NMS-873,5IRX,2505,-3.825
vinflunine,5IRX,2506,-3.824
mirodenafil,5IRX,2507,-3.823
RKI-1447,5IRX,2508,-3.819
NMS-873,5IRX,2509,-3.815
RS-504393,5IRX,2510,-3.815
NMS-P715,5IRX,2511,-3.815
UNC0631,5IRX,2512,-3.815
LY3000328,5IRX,2513,-3.814
ZCL-278,5IRX,2514,-3.813
CP-673451,5IRX,2515,-3.813
SGI-1776,5IRX,2516,-3.81
BMS-927711,5IRX,2517,-3.81
NVP-BGJ398,5IRX,2518,-3.809
icotinib,5IRX,2519,-3.808
selumetinib,5IRX,2520,-3.808
tyrphostin-AG-1478,5IRX,2521,-3.808
paritaprevir,5IRX,2522,-3.804
crenolanib,5IRX,2523,-3.801
vandetanib,5IRX,2524,-3.799
KRN-633,5IRX,2525,-3.794
GNF-5,5IRX,2526,-3.793
grazoprevir,5IRX,2527,-3.791
HER2-Inhibitor-1,5IRX,2528,-3.791
WZ4003,5IRX,2529,-3.791
AZD8931,5IRX,2530,-3.79
paliperidone,5IRX,2531,-3.79
TMC-353121,5IRX,2532,-3.785
BMS-863233,5IRX,2533,-3.783
barasertib,5IRX,2534,-3.783
ketoconazole,5IRX,2535,-3.783
GW-405833,5IRX,2536,-3.783
LDC1267,5IRX,2537,-3.782
nefazodone,5IRX,2538,-3.781
GW-405833,5IRX,2539,-3.779
spiroxatrine,5IRX,2540,-3.772
A-839977,5IRX,2541,-3.771
YM-90709,5IRX,2542,-3.767
MRK-016,5IRX,2543,-3.765
NMS-E973,5IRX,2544,-3.765
azilsartan-medoxomil,5IRX,2545,-3.764
cisapride,5IRX,2546,-3.762
UNC0646,5IRX,2547,-3.761
CC-401,5IRX,2548,-3.76
LDC1267,5IRX,2549,-3.759
SANT-2,5IRX,2550,-3.758
gefitinib,5IRX,2551,-3.754
AS-2444697,5IRX,2552,-3.754
fenofibrate,5IRX,2553,-3.753
anlotinib,5IRX,2554,-3.752
XMD8-92,5IRX,2555,-3.752
TFC-007,5IRX,2556,-3.751
olmutinib,5IRX,2557,-3.75
OTS167,5IRX,2558,-3.749
vinblastine,5IRX,2559,-3.748
vinorelbine,5IRX,2560,-3.746
danirixin,5IRX,2561,-3.745
A-887826,5IRX,2562,-3.744
capadenoson,5IRX,2563,-3.743
MRK-016,5IRX,2564,-3.743
SN-38,5IRX,2565,-3.74
lafutidine,5IRX,2566,-3.739
MBX-2982,5IRX,2567,-3.736
pibenzimol,5IRX,2568,-3.734
KL-001,5IRX,2569,-3.732
prulifloxacin,5IRX,2570,-3.731
tyrphostin-AG-1478,5IRX,2571,-3.728
pelitinib,5IRX,2572,-3.721
BIX-01294,5IRX,2573,-3.72
cabozantinib,5IRX,2574,-3.715
KU-60019,5IRX,2575,-3.713
cisapride,5IRX,2576,-3.712
spiroxatrine,5IRX,2577,-3.712
CCG-63808,5IRX,2578,-3.712
ML314,5IRX,2579,-3.712
XMD8-92,5IRX,2580,-3.71
CC-401,5IRX,2581,-3.709
genz-644282,5IRX,2582,-3.706
PF-04457845,5IRX,2583,-3.706
GSK1904529A,5IRX,2584,-3.704
GSK923295,5IRX,2585,-3.703
ML314,5IRX,2586,-3.7
TMC-353121,5IRX,2587,-3.699
TC-NTR1-17,5IRX,2588,-3.698
MRK-016,5IRX,2589,-3.698
eluxadoline,5IRX,2590,-3.695
proxodolol,5IRX,2591,-3.695
Rec-15_2615,5IRX,2592,-3.691
taranabant,5IRX,2593,-3.691
CPCCOEt,5IRX,2594,-3.687
phenacaine,5IRX,2595,-3.685
TG-02,5IRX,2596,-3.685
monastrol,5IRX,2597,-3.681
sonidegib,5IRX,2598,-3.681
GNF-5,5IRX,2599,-3.679
meclinertant,5IRX,2600,-3.678
neratinib,5IRX,2601,-3.678
RP-001,5IRX,2602,-3.674
olmutinib,5IRX,2603,-3.672
loxapine,5IRX,2604,-3.671
ML314,5IRX,2605,-3.67
BIBN4096,5IRX,2606,-3.669
erastin,5IRX,2607,-3.667
cediranib,5IRX,2608,-3.667
erastin,5IRX,2609,-3.667
vinblastine,5IRX,2610,-3.666
venetoclax,5IRX,2611,-3.659
telotristat-ethyl,5IRX,2612,-3.658
AZD4547,5IRX,2613,-3.657
paliperidone,5IRX,2614,-3.655
lafutidine,5IRX,2615,-3.655
vandetanib,5IRX,2616,-3.65
altiratinib,5IRX,2617,-3.65
GSK923295,5IRX,2618,-3.647
sofosbuvir,5IRX,2619,-3.647
XMD8-92,5IRX,2620,-3.647
UNC0321,5IRX,2621,-3.646
altiratinib,5IRX,2622,-3.645
alfuzosin,5IRX,2623,-3.644
CCG-63808,5IRX,2624,-3.643
amoxapine,5IRX,2625,-3.643
anlotinib,5IRX,2626,-3.641
lapatinib,5IRX,2627,-3.639
WAY-100635,5IRX,2628,-3.638
UNC0631,5IRX,2629,-3.636
prulifloxacin,5IRX,2630,-3.634
WZ4003,5IRX,2631,-3.63
paritaprevir,5IRX,2632,-3.629
vandetanib,5IRX,2633,-3.629
XMD8-92,5IRX,2634,-3.627
balaglitazone,5IRX,2635,-3.626
CYT-997,5IRX,2636,-3.624
tivozanib,5IRX,2637,-3.617
UNC0631,5IRX,2638,-3.614
XL-647,5IRX,2639,-3.614
salazodine,5IRX,2640,-3.614
astemizole,5IRX,2641,-3.614
UNC0638,5IRX,2642,-3.611
erastin,5IRX,2643,-3.61
RS-504393,5IRX,2644,-3.609
KU-60019,5IRX,2645,-3.609
riociguat,5IRX,2646,-3.607
CYT-997,5IRX,2647,-3.603
CPCCOEt,5IRX,2648,-3.601
RP-001,5IRX,2649,-3.599
erastin,5IRX,2650,-3.599
garenoxacin,5IRX,2651,-3.593
brexpiprazole,5IRX,2652,-3.59
RS-102221,5IRX,2653,-3.59
neratinib,5IRX,2654,-3.588
AZD8931,5IRX,2655,-3.586
isradipine,5IRX,2656,-3.585
CFM-1571,5IRX,2657,-3.585
brexpiprazole,5IRX,2658,-3.585
erastin,5IRX,2659,-3.585
ZK811752,5IRX,2660,-3.585
RS-102221,5IRX,2661,-3.584
afatinib,5IRX,2662,-3.582
BTS-72664,5IRX,2663,-3.577
decoquinate,5IRX,2664,-3.576
SB-590885,5IRX,2665,-3.574
lorlatinib,5IRX,2666,-3.573
telotristat,5IRX,2667,-3.572
JNJ-42041935,5IRX,2668,-3.57
TBA-354,5IRX,2669,-3.57
imiloxan,5IRX,2670,-3.568
HER2-Inhibitor-1,5IRX,2671,-3.568
AZD3514,5IRX,2672,-3.566
ARQ-621,5IRX,2673,-3.566
WZ-4002,5IRX,2674,-3.565
ML314,5IRX,2675,-3.559
spiroxatrine,5IRX,2676,-3.559
ZCL-278,5IRX,2677,-3.557
prulifloxacin,5IRX,2678,-3.554
mirodenafil,5IRX,2679,-3.553
dorsomorphin,5IRX,2680,-3.552
apixaban,5IRX,2681,-3.552
deltarasin,5IRX,2682,-3.55
piribedil,5IRX,2683,-3.55
paliperidone,5IRX,2684,-3.547
proxodolol,5IRX,2685,-3.542
spiroxatrine,5IRX,2686,-3.54
BMS-806,5IRX,2687,-3.539
BIX-01294,5IRX,2688,-3.536
erastin,5IRX,2689,-3.536
eact,5IRX,2690,-3.535
vinflunine,5IRX,2691,-3.534
AZD8931,5IRX,2692,-3.532
vandetanib,5IRX,2693,-3.528
mirodenafil,5IRX,2694,-3.528
TBA-354,5IRX,2695,-3.527
TFC-007,5IRX,2696,-3.522
NVP-BGJ398,5IRX,2697,-3.519
CGM097,5IRX,2698,-3.519
FG-2216,5IRX,2699,-3.515
FG-2216,5IRX,2700,-3.514
KI-20227,5IRX,2701,-3.513
nefazodone,5IRX,2702,-3.513
capadenoson,5IRX,2703,-3.512
balaglitazone,5IRX,2704,-3.512
XMD8-92,5IRX,2705,-3.506
paliperidone,5IRX,2706,-3.505
LY2784544,5IRX,2707,-3.505
AVL-292,5IRX,2708,-3.504
BMS-806,5IRX,2709,-3.503
GW-803430,5IRX,2710,-3.502
actinomycin-d,5IRX,2711,-3.501
prulifloxacin,5IRX,2712,-3.5
rebastinib,5IRX,2713,-3.5
AVN-944,5IRX,2714,-3.499
XMD8-92,5IRX,2715,-3.498
telotristat,5IRX,2716,-3.496
fenofibrate,5IRX,2717,-3.492
HKI-357,5IRX,2718,-3.491
prulifloxacin,5IRX,2719,-3.49
XMD8-92,5IRX,2720,-3.489
cevipabulin,5IRX,2721,-3.489
fenofibric-acid,5IRX,2722,-3.485
mirodenafil,5IRX,2723,-3.481
vandetanib,5IRX,2724,-3.481
TG-02,5IRX,2725,-3.479
AZD8186,5IRX,2726,-3.479
ZM-306416,5IRX,2727,-3.479
BTS-72664,5IRX,2728,-3.469
AZD3514,5IRX,2729,-3.469
PF-06463922,5IRX,2730,-3.467
EMD-1214063,5IRX,2731,-3.465
UNC0224,5IRX,2732,-3.465
ansamitocin-p-3,5IRX,2733,-3.463
UNC0638,5IRX,2734,-3.458
doxazosin,5IRX,2735,-3.457
ML314,5IRX,2736,-3.456
mibefradil,5IRX,2737,-3.449
GR125487,5IRX,2738,-3.447
XL388,5IRX,2739,-3.446
benzydamine,5IRX,2740,-3.446
BMS-927711,5IRX,2741,-3.444
grazoprevir,5IRX,2742,-3.441
oxiperomide,5IRX,2743,-3.44
WAY-100635,5IRX,2744,-3.44
PF-04620110,5IRX,2745,-3.437
danusertib,5IRX,2746,-3.437
monastrol,5IRX,2747,-3.435
NVP-BGJ398,5IRX,2748,-3.432
merimepodib,5IRX,2749,-3.431
NMS-1286937,5IRX,2750,-3.431
CCT137690,5IRX,2751,-3.429
BIX-01294,5IRX,2752,-3.429
CUDC-427,5IRX,2753,-3.428
MK-1775,5IRX,2754,-3.427
flucloxacillin,5IRX,2755,-3.426
UNC0638,5IRX,2756,-3.426
RS-102221,5IRX,2757,-3.423
L-741742,5IRX,2758,-3.423
astemizole,5IRX,2759,-3.421
ONO-4059,5IRX,2760,-3.42
genz-644282,5IRX,2761,-3.42
alfuzosin,5IRX,2762,-3.419
dorsomorphin,5IRX,2763,-3.413
vandetanib,5IRX,2764,-3.411
vardenafil,5IRX,2765,-3.411
fenofibrate,5IRX,2766,-3.411
astemizole,5IRX,2767,-3.41
tosufloxacin,5IRX,2768,-3.41
NMS-E973,5IRX,2769,-3.407
balaglitazone,5IRX,2770,-3.404
BTS-72664,5IRX,2771,-3.403
prulifloxacin,5IRX,2772,-3.403
CYM-5442,5IRX,2773,-3.402
ansamitocin-p-3,5IRX,2774,-3.402
vinflunine,5IRX,2775,-3.4
tivozanib,5IRX,2776,-3.394
BAY-61-3606,5IRX,2777,-3.394
ZK811752,5IRX,2778,-3.392
WZ-3146,5IRX,2779,-3.391
WZ-3146,5IRX,2780,-3.387
DMH1,5IRX,2781,-3.385
KI-20227,5IRX,2782,-3.383
BIX-01294,5IRX,2783,-3.383
ZK-93423,5IRX,2784,-3.38
VE-822,5IRX,2785,-3.379
ZM-306416,5IRX,2786,-3.377
GW-803430,5IRX,2787,-3.376
decoquinate,5IRX,2788,-3.375
UNC0321,5IRX,2789,-3.371
imiloxan,5IRX,2790,-3.369
tosufloxacin,5IRX,2791,-3.368
CGM097,5IRX,2792,-3.368
deltarasin,5IRX,2793,-3.367
cisapride,5IRX,2794,-3.364
cisapride,5IRX,2795,-3.364
telotristat,5IRX,2796,-3.363
AVE-0991,5IRX,2797,-3.361
phenprocoumon,5IRX,2798,-3.359
RS-102221,5IRX,2799,-3.356
LY2603618,5IRX,2800,-3.353
BI-224436,5IRX,2801,-3.352
genz-644282,5IRX,2802,-3.35
venetoclax,5IRX,2803,-3.347
sonidegib,5IRX,2804,-3.347
cediranib,5IRX,2805,-3.347
SANT-2,5IRX,2806,-3.346
piboserod,5IRX,2807,-3.344
TC-NTR1-17,5IRX,2808,-3.344
imiloxan,5IRX,2809,-3.343
pelitinib,5IRX,2810,-3.343
paritaprevir,5IRX,2811,-3.342
AZ3146,5IRX,2812,-3.341
balaglitazone,5IRX,2813,-3.339
XL-647,5IRX,2814,-3.338
vinflunine,5IRX,2815,-3.337
deltarasin,5IRX,2816,-3.337
GSK923295,5IRX,2817,-3.337
genz-644282,5IRX,2818,-3.335
vinflunine,5IRX,2819,-3.333
vinflunine,5IRX,2820,-3.332
UNC0224,5IRX,2821,-3.331
KI-20227,5IRX,2822,-3.33
trovafloxacin,5IRX,2823,-3.33
HER2-Inhibitor-1,5IRX,2824,-3.329
UNC0737,5IRX,2825,-3.326
doramapimod,5IRX,2826,-3.325
UNC0646,5IRX,2827,-3.321
PFI-4,5IRX,2828,-3.321
VE-822,5IRX,2829,-3.318
pardoprunox,5IRX,2830,-3.318
TG-101348,5IRX,2831,-3.315
elacridar,5IRX,2832,-3.311
RS-102221,5IRX,2833,-3.311
garenoxacin,5IRX,2834,-3.311
SB-590885,5IRX,2835,-3.311
simeprevir,5IRX,2836,-3.309
BI-224436,5IRX,2837,-3.308
tosufloxacin,5IRX,2838,-3.306
LY2784544,5IRX,2839,-3.303
danusertib,5IRX,2840,-3.295
TG-101348,5IRX,2841,-3.292
alisertib,5IRX,2842,-3.292
ML314,5IRX,2843,-3.291
prulifloxacin,5IRX,2844,-3.285
lenvatinib,5IRX,2845,-3.279
genz-644282,5IRX,2846,-3.278
LY225910,5IRX,2847,-3.277
BMS-265246,5IRX,2848,-3.276
UNC0646,5IRX,2849,-3.276
PF-04691502,5IRX,2850,-3.271
SB-590885,5IRX,2851,-3.271
LY266097,5IRX,2852,-3.266
ZK811752,5IRX,2853,-3.259
oxiperomide,5IRX,2854,-3.258
YIL-781,5IRX,2855,-3.258
RS-504393,5IRX,2856,-3.254
ceritinib,5IRX,2857,-3.252
afatinib,5IRX,2858,-3.249
AZD4547,5IRX,2859,-3.249
copanlisib,5IRX,2860,-3.249
LX7101,5IRX,2861,-3.247
UNC0631,5IRX,2862,-3.244
anlotinib,5IRX,2863,-3.243
mibefradil,5IRX,2864,-3.242
TGR-1202,5IRX,2865,-3.241
UNC0224,5IRX,2866,-3.241
vardenafil,5IRX,2867,-3.241
A-674563,5IRX,2868,-3.24
YIL-781,5IRX,2869,-3.239
HER2-Inhibitor-1,5IRX,2870,-3.239
genz-644282,5IRX,2871,-3.236
Mps1-IN-1,5IRX,2872,-3.236
efatutazone,5IRX,2873,-3.235
NVP-BGJ398,5IRX,2874,-3.235
lorlatinib,5IRX,2875,-3.234
HER2-Inhibitor-1,5IRX,2876,-3.234
NVP-BGJ398,5IRX,2877,-3.232
BI-224436,5IRX,2878,-3.23
vinorelbine,5IRX,2879,-3.226
telotristat,5IRX,2880,-3.217
WZ-3146,5IRX,2881,-3.215
GW-1929,5IRX,2882,-3.211
zolantidine,5IRX,2883,-3.209
GSK2578215A,5IRX,2884,-3.207
AZD8931,5IRX,2885,-3.206
BI-224436,5IRX,2886,-3.206
alfuzosin,5IRX,2887,-3.204
vinorelbine,5IRX,2888,-3.201
ZM-323881,5IRX,2889,-3.2
imiloxan,5IRX,2890,-3.2
tosufloxacin,5IRX,2891,-3.199
elinogrel,5IRX,2892,-3.197
iloperidone,5IRX,2893,-3.194
KG-5,5IRX,2894,-3.194
vinorelbine,5IRX,2895,-3.192
simeprevir,5IRX,2896,-3.188
bosutinib,5IRX,2897,-3.187
tosufloxacin,5IRX,2898,-3.187
Mps1-IN-1,5IRX,2899,-3.184
A-839977,5IRX,2900,-3.181
bosutinib,5IRX,2901,-3.18
risperidone,5IRX,2902,-3.18
vinflunine,5IRX,2903,-3.179
tosufloxacin,5IRX,2904,-3.179
actinomycin-d,5IRX,2905,-3.179
iloperidone,5IRX,2906,-3.178
genz-644282,5IRX,2907,-3.178
PSB-603,5IRX,2908,-3.177
PF-06463922,5IRX,2909,-3.171
BMS-265246,5IRX,2910,-3.171
prulifloxacin,5IRX,2911,-3.17
sonidegib,5IRX,2912,-3.17
taranabant,5IRX,2913,-3.169
zibotentan,5IRX,2914,-3.169
tosufloxacin,5IRX,2915,-3.165
rifabutin,5IRX,2916,-3.162
BI-224436,5IRX,2917,-3.156
RS-102221,5IRX,2918,-3.152
TG-02,5IRX,2919,-3.15
pacritinib,5IRX,2920,-3.149
ansamitocin-p-3,5IRX,2921,-3.144
SB-243213,5IRX,2922,-3.143
ABT-751,5IRX,2923,-3.143
paliperidone,5IRX,2924,-3.142
UNC0737,5IRX,2925,-3.14
prulifloxacin,5IRX,2926,-3.14
RP-001,5IRX,2927,-3.139
DSR-6434,5IRX,2928,-3.138
YIL-781,5IRX,2929,-3.137
rifabutin,5IRX,2930,-3.136
danusertib,5IRX,2931,-3.135
spiroxatrine,5IRX,2932,-3.133
venetoclax,5IRX,2933,-3.129
BMS-806,5IRX,2934,-3.129
HA-14-1,5IRX,2935,-3.129
RS-100329,5IRX,2936,-3.126
genz-644282,5IRX,2937,-3.126
imiloxan,5IRX,2938,-3.123
proglumetacin,5IRX,2939,-3.122
PF-04691502,5IRX,2940,-3.122
NBI-74330-(+_-),5IRX,2941,-3.121
rifaximin,5IRX,2942,-3.12
KRN-633,5IRX,2943,-3.12
PF-06463922,5IRX,2944,-3.119
AZ3146,5IRX,2945,-3.119
GW-405833,5IRX,2946,-3.118
puromycin,5IRX,2947,-3.116
SGI-1776,5IRX,2948,-3.114
WZ-4002,5IRX,2949,-3.114
terconazole,5IRX,2950,-3.111
fenofibrate,5IRX,2951,-3.108
GW-405833,5IRX,2952,-3.105
terconazole,5IRX,2953,-3.102
NBI-74330-(+_-),5IRX,2954,-3.098
VE-822,5IRX,2955,-3.098
azasetron,5IRX,2956,-3.097
neratinib,5IRX,2957,-3.095
elbasvir,5IRX,2958,-3.095
prulifloxacin,5IRX,2959,-3.093
MBX-2982,5IRX,2960,-3.092
MGCD-265,5IRX,2961,-3.092
alfuzosin,5IRX,2962,-3.092
nicergoline,5IRX,2963,-3.091
ML314,5IRX,2964,-3.088
UNC0737,5IRX,2965,-3.088
GSK923295,5IRX,2966,-3.088
pelitinib,5IRX,2967,-3.087
AMG-487-(+_-),5IRX,2968,-3.087
GSK1292263,5IRX,2969,-3.084
XMD17-109,5IRX,2970,-3.083
urapidil,5IRX,2971,-3.082
spiroxatrine,5IRX,2972,-3.077
LY2603618,5IRX,2973,-3.077
GKA-50,5IRX,2974,-3.077
simeprevir,5IRX,2975,-3.076
paliperidone,5IRX,2976,-3.075
UNC0224,5IRX,2977,-3.071
UNC0646,5IRX,2978,-3.068
PF-04457845,5IRX,2979,-3.067
XMD17-109,5IRX,2980,-3.065
HA-14-1,5IRX,2981,-3.058
CPI-169,5IRX,2982,-3.058
copanlisib,5IRX,2983,-3.058
RS-100329,5IRX,2984,-3.055
entrectinib,5IRX,2985,-3.053
vindesine,5IRX,2986,-3.049
trovafloxacin,5IRX,2987,-3.049
BMS-927711,5IRX,2988,-3.046
GSK2190915,5IRX,2989,-3.041
entrectinib,5IRX,2990,-3.035
AZD8931,5IRX,2991,-3.034
UNC0638,5IRX,2992,-3.033
tosufloxacin,5IRX,2993,-3.032
UNC0646,5IRX,2994,-3.031
copanlisib,5IRX,2995,-3.031
metatinib,5IRX,2996,-3.029
TC-NTR1-17,5IRX,2997,-3.028
prulifloxacin,5IRX,2998,-3.027
barasertib-HQPA,5IRX,2999,-3.02
GW-405833,5IRX,3000,-3.019
tyrphostin-AG-1478,5IRX,3001,-3.018
loxapine,5IRX,3002,-3.017
CCG-63802,5IRX,3003,-3.017
NBI-74330-(+_-),5IRX,3004,-3.015
risperidone,5IRX,3005,-3.014
AZD4547,5IRX,3006,-3.014
UNC0646,5IRX,3007,-3.009
rebastinib,5IRX,3008,-3.006
AMG-487-(+_-),5IRX,3009,-3.006
AMG-208,5IRX,3010,-3.005
puromycin,5IRX,3011,-3.002
L-741742,5IRX,3012,-2.998
tosufloxacin,5IRX,3013,-2.996
pyronaridine,5IRX,3014,-2.994
ZM-323881,5IRX,3015,-2.991
DMH1,5IRX,3016,-2.991
SCH-51344,5IRX,3017,-2.989
zolantidine,5IRX,3018,-2.989
LDC1267,5IRX,3019,-2.987
HKI-357,5IRX,3020,-2.985
TAK-285,5IRX,3021,-2.985
proglumetacin,5IRX,3022,-2.984
ZM-447439,5IRX,3023,-2.983
DMH1,5IRX,3024,-2.982
vindesine,5IRX,3025,-2.976
UNC0224,5IRX,3026,-2.976
rifabutin,5IRX,3027,-2.974
GW-1929,5IRX,3028,-2.973
ONO-4059,5IRX,3029,-2.97
2-[1-(4-piperonyl)piperazinyl]benzothiazole,5IRX,3030,-2.969
elbasvir,5IRX,3031,-2.965
posaconazole,5IRX,3032,-2.965
UNC0224,5IRX,3033,-2.963
BTS-72664,5IRX,3034,-2.962
UNC0224,5IRX,3035,-2.959
tosufloxacin,5IRX,3036,-2.958
genz-644282,5IRX,3037,-2.958
vinflunine,5IRX,3038,-2.957
BMS-599626,5IRX,3039,-2.952
lafutidine,5IRX,3040,-2.952
RS-102221,5IRX,3041,-2.951
paliperidone,5IRX,3042,-2.951
UNC0224,5IRX,3043,-2.95
phenprocoumon,5IRX,3044,-2.949
ZM-323881,5IRX,3045,-2.949
nicergoline,5IRX,3046,-2.948
UNC0224,5IRX,3047,-2.947
UNC0646,5IRX,3048,-2.946
SB-216641,5IRX,3049,-2.942
PF-06463922,5IRX,3050,-2.937
sofosbuvir,5IRX,3051,-2.937
EMD-1214063,5IRX,3052,-2.936
NIDA-41020,5IRX,3053,-2.935
metatinib,5IRX,3054,-2.935
sorafenib,5IRX,3055,-2.934
PSI-7976,5IRX,3056,-2.931
AZM-475271,5IRX,3057,-2.93
SGC-CBP30,5IRX,3058,-2.926
TG-02,5IRX,3059,-2.924
GNF-5,5IRX,3060,-2.92
tosufloxacin,5IRX,3061,-2.919
CUDC-101,5IRX,3062,-2.917
YIL-781,5IRX,3063,-2.915
lafutidine,5IRX,3064,-2.914
YIL-781,5IRX,3065,-2.913
anlotinib,5IRX,3066,-2.913
azeliragon,5IRX,3067,-2.912
canertinib,5IRX,3068,-2.91
imiloxan,5IRX,3069,-2.91
L-741742,5IRX,3070,-2.908
BMS-927711,5IRX,3071,-2.908
SGC-CBP30,5IRX,3072,-2.903
urapidil,5IRX,3073,-2.901
alfuzosin,5IRX,3074,-2.895
BMY-45778,5IRX,3075,-2.895
simeprevir,5IRX,3076,-2.893
JK-184,5IRX,3077,-2.892
AMG-208,5IRX,3078,-2.891
TGR-1202,5IRX,3079,-2.891
risperidone,5IRX,3080,-2.89
puromycin,5IRX,3081,-2.886
ZK811752,5IRX,3082,-2.885
BIBN4096,5IRX,3083,-2.884
AZD8931,5IRX,3084,-2.882
MGCD-265,5IRX,3085,-2.88
WAY-100635,5IRX,3086,-2.878
YIL-781,5IRX,3087,-2.878
paliperidone,5IRX,3088,-2.877
actinomycin-d,5IRX,3089,-2.877
zafirlukast,5IRX,3090,-2.874
PF-04691502,5IRX,3091,-2.869
AZD3759,5IRX,3092,-2.869
dorsomorphin,5IRX,3093,-2.867
UNC0642,5IRX,3094,-2.866
pelitinib,5IRX,3095,-2.866
XL388,5IRX,3096,-2.866
pyrazoloacridine,5IRX,3097,-2.865
brexpiprazole,5IRX,3098,-2.865
prulifloxacin,5IRX,3099,-2.863
saracatinib,5IRX,3100,-2.862
NBI-74330-(+_-),5IRX,3101,-2.86
astemizole,5IRX,3102,-2.854
paritaprevir,5IRX,3103,-2.852
SGI-1776,5IRX,3104,-2.851
NMS-E973,5IRX,3105,-2.849
danirixin,5IRX,3106,-2.847
UNC0224,5IRX,3107,-2.841
ZK811752,5IRX,3108,-2.841
oxiperomide,5IRX,3109,-2.841
vindesine,5IRX,3110,-2.839
trovafloxacin,5IRX,3111,-2.837
UNC0737,5IRX,3112,-2.835
prulifloxacin,5IRX,3113,-2.835
TAK-285,5IRX,3114,-2.832
UNC0224,5IRX,3115,-2.83
nicergoline,5IRX,3116,-2.83
AMG-487-(+_-),5IRX,3117,-2.829
UNC0224,5IRX,3118,-2.827
tosufloxacin,5IRX,3119,-2.824
genz-644282,5IRX,3120,-2.823
nicergoline,5IRX,3121,-2.823
XL388,5IRX,3122,-2.821
pelitinib,5IRX,3123,-2.818
MGCD-265,5IRX,3124,-2.816
pacritinib,5IRX,3125,-2.814
RS-100329,5IRX,3126,-2.808
A-674563,5IRX,3127,-2.805
urapidil,5IRX,3128,-2.805
UNC0321,5IRX,3129,-2.804
GNF-5,5IRX,3130,-2.804
urapidil,5IRX,3131,-2.803
UNC0638,5IRX,3132,-2.802
UNC0737,5IRX,3133,-2.8
NBI-74330-(+_-),5IRX,3134,-2.8
G007-LK,5IRX,3135,-2.797
DSR-6434,5IRX,3136,-2.796
lorlatinib,5IRX,3137,-2.795
VE-822,5IRX,3138,-2.795
ML314,5IRX,3139,-2.793
NBI-74330-(+_-),5IRX,3140,-2.792
UNC0224,5IRX,3141,-2.792
GR125487,5IRX,3142,-2.787
BTS-72664,5IRX,3143,-2.787
DSR-6434,5IRX,3144,-2.785
paritaprevir,5IRX,3145,-2.776
UNC0737,5IRX,3146,-2.774
proglumetacin,5IRX,3147,-2.774
GSK269962,5IRX,3148,-2.773
fenofibric-acid,5IRX,3149,-2.772
vindesine,5IRX,3150,-2.77
risperidone,5IRX,3151,-2.769
barasertib-HQPA,5IRX,3152,-2.766
vindesine,5IRX,3153,-2.765
vinflunine,5IRX,3154,-2.764
PSB-603,5IRX,3155,-2.763
TCS-3035,5IRX,3156,-2.763
A-887826,5IRX,3157,-2.757
VE-822,5IRX,3158,-2.756
AZD3514,5IRX,3159,-2.756
PF-04620110,5IRX,3160,-2.753
paliperidone,5IRX,3161,-2.752
cisapride,5IRX,3162,-2.749
ONO-4059,5IRX,3163,-2.747
VU-0422288,5IRX,3164,-2.746
paliperidone,5IRX,3165,-2.746
VE-822,5IRX,3166,-2.746
UNC0224,5IRX,3167,-2.744
GR-127935,5IRX,3168,-2.742
proxodolol,5IRX,3169,-2.742
UNC0321,5IRX,3170,-2.737
warfarin,5IRX,3171,-2.733
RS-102221,5IRX,3172,-2.73
barasertib-HQPA,5IRX,3173,-2.73
trovafloxacin,5IRX,3174,-2.726
marbofloxacin,5IRX,3175,-2.723
prulifloxacin,5IRX,3176,-2.719
RS-102221,5IRX,3177,-2.717
vindesine,5IRX,3178,-2.716
EMD-1214063,5IRX,3179,-2.712
nicergoline,5IRX,3180,-2.71
NBI-74330-(+_-),5IRX,3181,-2.705
afobazole,5IRX,3182,-2.703
proxodolol,5IRX,3183,-2.701
CTEP,5IRX,3184,-2.701
telotristat,5IRX,3185,-2.699
tosufloxacin,5IRX,3186,-2.698
LY3000328,5IRX,3187,-2.694
C-021,5IRX,3188,-2.691
GSK923295,5IRX,3189,-2.689
lafutidine,5IRX,3190,-2.681
taranabant,5IRX,3191,-2.675
benzydamine,5IRX,3192,-2.672
GR125487,5IRX,3193,-2.668
vindesine,5IRX,3194,-2.666
TBA-354,5IRX,3195,-2.665
vindesine,5IRX,3196,-2.663
pyrazoloacridine,5IRX,3197,-2.663
vindesine,5IRX,3198,-2.662
actinomycin-d,5IRX,3199,-2.662
GPR120-modulator-1,5IRX,3200,-2.661
EMD-1214063,5IRX,3201,-2.66
azasetron,5IRX,3202,-2.657
proglumetacin,5IRX,3203,-2.656
marbofloxacin,5IRX,3204,-2.655
elbasvir,5IRX,3205,-2.653
oxiperomide,5IRX,3206,-2.648
UNC0638,5IRX,3207,-2.646
A-674563,5IRX,3208,-2.642
SGI-1776,5IRX,3209,-2.636
WZ-3146,5IRX,3210,-2.635
UNC0224,5IRX,3211,-2.633
C-021,5IRX,3212,-2.632
tariquidar,5IRX,3213,-2.629
lafutidine,5IRX,3214,-2.629
CC-401,5IRX,3215,-2.628
sonidegib,5IRX,3216,-2.625
AZ5104,5IRX,3217,-2.622
UNC0737,5IRX,3218,-2.617
DMH4,5IRX,3219,-2.614
RS-102221,5IRX,3220,-2.614
proxodolol,5IRX,3221,-2.613
UNC0224,5IRX,3222,-2.613
UNC0646,5IRX,3223,-2.611
AVN-944,5IRX,3224,-2.607
PF-04457845,5IRX,3225,-2.604
TGR-1202,5IRX,3226,-2.603
warfarin,5IRX,3227,-2.6
phenprocoumon,5IRX,3228,-2.592
MK2-IN-1,5IRX,3229,-2.59
golvatinib,5IRX,3230,-2.588
2-[1-(4-piperonyl)piperazinyl]benzothiazole,5IRX,3231,-2.582
GSK1904529A,5IRX,3232,-2.582
barasertib-HQPA,5IRX,3233,-2.582
A-674563,5IRX,3234,-2.581
neratinib,5IRX,3235,-2.58
mirodenafil,5IRX,3236,-2.58
UNC0224,5IRX,3237,-2.575
HER2-Inhibitor-1,5IRX,3238,-2.574
GR-127935,5IRX,3239,-2.57
C-021,5IRX,3240,-2.569
coumarin,5IRX,3241,-2.568
LX7101,5IRX,3242,-2.567
prulifloxacin,5IRX,3243,-2.565
lapatinib,5IRX,3244,-2.564
LY2874455,5IRX,3245,-2.564
sonidegib,5IRX,3246,-2.561
actinomycin-d,5IRX,3247,-2.56
GW-1929,5IRX,3248,-2.56
betrixaban,5IRX,3249,-2.559
SB-216641,5IRX,3250,-2.558
paritaprevir,5IRX,3251,-2.558
lafutidine,5IRX,3252,-2.558
UNC0646,5IRX,3253,-2.545
ML-348,5IRX,3254,-2.543
lenvatinib,5IRX,3255,-2.542
osimertinib,5IRX,3256,-2.539
sonidegib,5IRX,3257,-2.536
eact,5IRX,3258,-2.533
mepacrine,5IRX,3259,-2.532
HER2-Inhibitor-1,5IRX,3260,-2.532
KI-20227,5IRX,3261,-2.531
afobazole,5IRX,3262,-2.528
cediranib,5IRX,3263,-2.527
XL-647,5IRX,3264,-2.523
alfuzosin,5IRX,3265,-2.518
osimertinib,5IRX,3266,-2.506
JK-184,5IRX,3267,-2.498
SGI-1776,5IRX,3268,-2.498
GR-127935,5IRX,3269,-2.497
barasertib-HQPA,5IRX,3270,-2.496
proxodolol,5IRX,3271,-2.492
HER2-Inhibitor-1,5IRX,3272,-2.491
C-021,5IRX,3273,-2.489
AZD3514,5IRX,3274,-2.488
prulifloxacin,5IRX,3275,-2.486
CFM-1571,5IRX,3276,-2.485
actinomycin-d,5IRX,3277,-2.484
lorlatinib,5IRX,3278,-2.483
vinblastine,5IRX,3279,-2.482
AZD8931,5IRX,3280,-2.481
cevipabulin,5IRX,3281,-2.478
UNC0642,5IRX,3282,-2.476
fenofibric-acid,5IRX,3283,-2.475
UNC0638,5IRX,3284,-2.471
doxazosin,5IRX,3285,-2.469
dorsomorphin,5IRX,3286,-2.469
YIL-781,5IRX,3287,-2.467
UNC0638,5IRX,3288,-2.467
RP-001,5IRX,3289,-2.465
PF-04457845,5IRX,3290,-2.462
telotristat,5IRX,3291,-2.46
EMD-1214063,5IRX,3292,-2.459
cardionogen-1,5IRX,3293,-2.457
phenacaine,5IRX,3294,-2.454
vindesine,5IRX,3295,-2.45
VE-822,5IRX,3296,-2.447
APD597,5IRX,3297,-2.446
UNC0646,5IRX,3298,-2.445
liranaftate,5IRX,3299,-2.444
NBI-74330-(+_-),5IRX,3300,-2.442
droxicam,5IRX,3301,-2.44
ABT-751,5IRX,3302,-2.44
GW-803430,5IRX,3303,-2.439
tandutinib,5IRX,3304,-2.434
nor-Binaltorphimine-dihydrochloride,5IRX,3305,-2.432
paliperidone,5IRX,3306,-2.432
BMS-191095,5IRX,3307,-2.431
simeprevir,5IRX,3308,-2.43
paliperidone,5IRX,3309,-2.429
salazodine,5IRX,3310,-2.425
nicergoline,5IRX,3311,-2.422
phenprocoumon,5IRX,3312,-2.416
barasertib-HQPA,5IRX,3313,-2.416
KT-433,5IRX,3314,-2.414
spiroxatrine,5IRX,3315,-2.412
paliperidone,5IRX,3316,-2.412
UNC0224,5IRX,3317,-2.41
Rec-15_2615,5IRX,3318,-2.407
simeprevir,5IRX,3319,-2.404
nicergoline,5IRX,3320,-2.404
riociguat,5IRX,3321,-2.404
prulifloxacin,5IRX,3322,-2.403
warfarin,5IRX,3323,-2.401
BMS-191095,5IRX,3324,-2.399
cediranib,5IRX,3325,-2.399
afatinib,5IRX,3326,-2.395
erastin,5IRX,3327,-2.394
eact,5IRX,3328,-2.393
fenofibrate,5IRX,3329,-2.391
trequinsin,5IRX,3330,-2.388
simeprevir,5IRX,3331,-2.382
phenprocoumon,5IRX,3332,-2.381
pelitinib,5IRX,3333,-2.379
uprosertib,5IRX,3334,-2.379
ONO-4059,5IRX,3335,-2.375
nor-Binaltorphimine-dihydrochloride,5IRX,3336,-2.373
DMH1,5IRX,3337,-2.373
doxazosin,5IRX,3338,-2.372
osimertinib,5IRX,3339,-2.371
risperidone,5IRX,3340,-2.367
apixaban,5IRX,3341,-2.367
proglumetacin,5IRX,3342,-2.366
crenolanib,5IRX,3343,-2.365
apixaban,5IRX,3344,-2.364
AZD3514,5IRX,3345,-2.362
afatinib,5IRX,3346,-2.36
puromycin,5IRX,3347,-2.36
pyrazoloacridine,5IRX,3348,-2.359
SB-334867,5IRX,3349,-2.357
ONO-4059,5IRX,3350,-2.354
BI-224436,5IRX,3351,-2.353
saracatinib,5IRX,3352,-2.344
entrectinib,5IRX,3353,-2.344
UNC0737,5IRX,3354,-2.342
UNC0638,5IRX,3355,-2.341
VE-822,5IRX,3356,-2.338
APD597,5IRX,3357,-2.337
SB-216641,5IRX,3358,-2.335
APD597,5IRX,3359,-2.326
phenprocoumon,5IRX,3360,-2.322
pardoprunox,5IRX,3361,-2.318
AMG-487-(+_-),5IRX,3362,-2.316
NBI-74330-(+_-),5IRX,3363,-2.314
eact,5IRX,3364,-2.314
WZ-4002,5IRX,3365,-2.311
pranlukast,5IRX,3366,-2.311
UNC0631,5IRX,3367,-2.309
AZM-475271,5IRX,3368,-2.308
RS-102221,5IRX,3369,-2.303
lafutidine,5IRX,3370,-2.3
puromycin,5IRX,3371,-2.3
SB-590885,5IRX,3372,-2.298
MK2-IN-1,5IRX,3373,-2.296
lafutidine,5IRX,3374,-2.294
paliperidone,5IRX,3375,-2.294
pelitinib,5IRX,3376,-2.292
rebastinib,5IRX,3377,-2.29
EMD-1214063,5IRX,3378,-2.289
canertinib,5IRX,3379,-2.288
XL388,5IRX,3380,-2.288
APD597,5IRX,3381,-2.284
PF-04620110,5IRX,3382,-2.281
SB-590885,5IRX,3383,-2.281
XL388,5IRX,3384,-2.276
PF-04620110,5IRX,3385,-2.275
pyrazoloacridine,5IRX,3386,-2.268
elafibranor,5IRX,3387,-2.261
piboserod,5IRX,3388,-2.258
vinblastine,5IRX,3389,-2.256
balaglitazone,5IRX,3390,-2.255
UNC0642,5IRX,3391,-2.244
elbasvir,5IRX,3392,-2.241
riociguat,5IRX,3393,-2.239
vinorelbine,5IRX,3394,-2.236
actinomycin-d,5IRX,3395,-2.235
JNJ-42165279,5IRX,3396,-2.228
nicergoline,5IRX,3397,-2.223
ZK811752,5IRX,3398,-2.221
AMG-487-(+_-),5IRX,3399,-2.218
GSK2578215A,5IRX,3400,-2.217
BMS-265246,5IRX,3401,-2.216
mibefradil,5IRX,3402,-2.213
afatinib,5IRX,3403,-2.21
NBI-74330-(+_-),5IRX,3404,-2.204
decoquinate,5IRX,3405,-2.201
NMS-873,5IRX,3406,-2.2
RS-100329,5IRX,3407,-2.2
imiloxan,5IRX,3408,-2.2
UNC0224,5IRX,3409,-2.197
SB-590885,5IRX,3410,-2.192
merimepodib,5IRX,3411,-2.19
GW-803430,5IRX,3412,-2.19
UNC0321,5IRX,3413,-2.189
alfuzosin,5IRX,3414,-2.174
UNC0638,5IRX,3415,-2.173
pardoprunox,5IRX,3416,-2.168
vinblastine,5IRX,3417,-2.165
UNC0642,5IRX,3418,-2.164
proglumetacin,5IRX,3419,-2.159
AMG-487-(+_-),5IRX,3420,-2.149
TGR-1202,5IRX,3421,-2.149
marbofloxacin,5IRX,3422,-2.147
eact,5IRX,3423,-2.146
LY2603618,5IRX,3424,-2.145
APD597,5IRX,3425,-2.143
CUDC-427,5IRX,3426,-2.143
AZD8931,5IRX,3427,-2.14
LY2874455,5IRX,3428,-2.138
saracatinib,5IRX,3429,-2.138
AZD9272,5IRX,3430,-2.136
TFC-007,5IRX,3431,-2.135
GR-127935,5IRX,3432,-2.134
vindesine,5IRX,3433,-2.129
SID-7969543,5IRX,3434,-2.126
C-021,5IRX,3435,-2.124
nor-Binaltorphimine-dihydrochloride,5IRX,3436,-2.119
venetoclax,5IRX,3437,-2.117
JNJ-42165279,5IRX,3438,-2.109
DSR-6434,5IRX,3439,-2.106
LX7101,5IRX,3440,-2.105
BIX-01294,5IRX,3441,-2.1
GSK-2837808A,5IRX,3442,-2.1
TG-100801,5IRX,3443,-2.099
mibefradil,5IRX,3444,-2.096
TG-101348,5IRX,3445,-2.095
DMH1,5IRX,3446,-2.093
UNC0321,5IRX,3447,-2.091
NBI-74330-(+_-),5IRX,3448,-2.088
SRC-kinase-inhibitor-I,5IRX,3449,-2.087
LX7101,5IRX,3450,-2.081
GW-1929,5IRX,3451,-2.08
paritaprevir,5IRX,3452,-2.079
afatinib,5IRX,3453,-2.077
paliperidone,5IRX,3454,-2.077
AZD8931,5IRX,3455,-2.075
PF-04620110,5IRX,3456,-2.075
vindesine,5IRX,3457,-2.07
cediranib,5IRX,3458,-2.068
NIDA-41020,5IRX,3459,-2.068
alfuzosin,5IRX,3460,-2.064
simeprevir,5IRX,3461,-2.062
TGR-1202,5IRX,3462,-2.053
osimertinib,5IRX,3463,-2.053
fenofibric-acid,5IRX,3464,-2.051
oxiperomide,5IRX,3465,-2.044
ZM-447439,5IRX,3466,-2.042
UNC0631,5IRX,3467,-2.038
BIX-01294,5IRX,3468,-2.035
posaconazole,5IRX,3469,-2.032
oxiperomide,5IRX,3470,-2.029
CGM097,5IRX,3471,-2.025
CC-401,5IRX,3472,-2.019
teniposide,5IRX,3473,-2.018
APD597,5IRX,3474,-2.015
maytansinol-isobutyrate,5IRX,3475,-2.013
ansamitocin-p-3,5IRX,3476,-2.013
LY2874455,5IRX,3477,-2.01
UNC0642,5IRX,3478,-2
spiroxatrine,5IRX,3479,-2
TC-F-2,5IRX,3480,-1.991
AMG-487-(+_-),5IRX,3481,-1.984
osimertinib,5IRX,3482,-1.981
TMC-353121,5IRX,3483,-1.979
saracatinib,5IRX,3484,-1.977
ZK811752,5IRX,3485,-1.972
nor-Binaltorphimine-dihydrochloride,5IRX,3486,-1.971
GSK1904529A,5IRX,3487,-1.969
XL388,5IRX,3488,-1.966
UNC0737,5IRX,3489,-1.966
pelitinib,5IRX,3490,-1.965
elinogrel,5IRX,3491,-1.964
AZD8931,5IRX,3492,-1.962
pardoprunox,5IRX,3493,-1.962
RS-100329,5IRX,3494,-1.957
GW-583340,5IRX,3495,-1.955
deltarasin,5IRX,3496,-1.954
UNC0638,5IRX,3497,-1.947
crizotinib,5IRX,3498,-1.944
T-0156,5IRX,3499,-1.942
elbasvir,5IRX,3500,-1.939
paliperidone,5IRX,3501,-1.932
venetoclax,5IRX,3502,-1.932
apixaban,5IRX,3503,-1.931
ketoconazole,5IRX,3504,-1.928
brivanib-alaninate,5IRX,3505,-1.921
AZD8931,5IRX,3506,-1.91
vardenafil,5IRX,3507,-1.908
HER2-Inhibitor-1,5IRX,3508,-1.908
BMS-191095,5IRX,3509,-1.908
paritaprevir,5IRX,3510,-1.902
oxiperomide,5IRX,3511,-1.9
GW-1929,5IRX,3512,-1.895
DSR-6434,5IRX,3513,-1.894
urapidil,5IRX,3514,-1.892
amodiaquine,5IRX,3515,-1.89
GW-405833,5IRX,3516,-1.889
UNC0224,5IRX,3517,-1.886
pardoprunox,5IRX,3518,-1.884
phenacaine,5IRX,3519,-1.883
proxodolol,5IRX,3520,-1.882
BTS-72664,5IRX,3521,-1.881
efatutazone,5IRX,3522,-1.878
canertinib,5IRX,3523,-1.877
AZD8931,5IRX,3524,-1.877
UNC0321,5IRX,3525,-1.873
BCI-540,5IRX,3526,-1.872
SB-590885,5IRX,3527,-1.872
pantoprazole,5IRX,3528,-1.868
balaglitazone,5IRX,3529,-1.867
urapidil,5IRX,3530,-1.864
GW-6471,5IRX,3531,-1.863
CCT137690,5IRX,3532,-1.858
amodiaquine,5IRX,3533,-1.858
MLN0128,5IRX,3534,-1.857
MK-6096,5IRX,3535,-1.855
SID-7969543,5IRX,3536,-1.855
A-839977,5IRX,3537,-1.853
GSK1904529A,5IRX,3538,-1.85
AZD8931,5IRX,3539,-1.846
clioquinol,5IRX,3540,-1.846
vincristine,5IRX,3541,-1.839
pardoprunox,5IRX,3542,-1.838
SID-7969543,5IRX,3543,-1.835
UNC0642,5IRX,3544,-1.834
canertinib,5IRX,3545,-1.829
UNC0646,5IRX,3546,-1.828
GW-583340,5IRX,3547,-1.828
irinotecan,5IRX,3548,-1.827
AZD4547,5IRX,3549,-1.823
BI-224436,5IRX,3550,-1.822
BI-224436,5IRX,3551,-1.821
UNC0737,5IRX,3552,-1.817
UNC0737,5IRX,3553,-1.817
PD-153035,5IRX,3554,-1.814
FG-4592,5IRX,3555,-1.813
GR125487,5IRX,3556,-1.812
GSK1904529A,5IRX,3557,-1.808
preladenant,5IRX,3558,-1.807
paliperidone,5IRX,3559,-1.804
MK-5108,5IRX,3560,-1.801
saracatinib,5IRX,3561,-1.8
DSR-6434,5IRX,3562,-1.799
uprosertib,5IRX,3563,-1.797
R406,5IRX,3564,-1.793
cardionogen-1,5IRX,3565,-1.784
preladenant,5IRX,3566,-1.777
cisapride,5IRX,3567,-1.776
cevipabulin,5IRX,3568,-1.775
GR-127935,5IRX,3569,-1.774
ketoconazole,5IRX,3570,-1.769
BTS-72664,5IRX,3571,-1.761
UNC0642,5IRX,3572,-1.759
anlotinib,5IRX,3573,-1.755
TG-02,5IRX,3574,-1.751
saracatinib,5IRX,3575,-1.75
NDT-9513727,5IRX,3576,-1.75
KI-20227,5IRX,3577,-1.745
entrectinib,5IRX,3578,-1.739
AZM-475271,5IRX,3579,-1.732
UNC0638,5IRX,3580,-1.722
GW-803430,5IRX,3581,-1.722
T-0156,5IRX,3582,-1.721
pantoprazole,5IRX,3583,-1.714
afatinib,5IRX,3584,-1.713
UNC0638,5IRX,3585,-1.709
UNC0321,5IRX,3586,-1.707
UNC0646,5IRX,3587,-1.703
EMD-1214063,5IRX,3588,-1.701
SID-7969543,5IRX,3589,-1.699
ARQ-621,5IRX,3590,-1.698
simeprevir,5IRX,3591,-1.695
UNC0642,5IRX,3592,-1.695
nicergoline,5IRX,3593,-1.694
tandutinib,5IRX,3594,-1.693
UNC0321,5IRX,3595,-1.692
GR125487,5IRX,3596,-1.673
afatinib,5IRX,3597,-1.671
clioquinol,5IRX,3598,-1.67
alfuzosin,5IRX,3599,-1.669
BIX-01294,5IRX,3600,-1.667
PSB-603,5IRX,3601,-1.663
PF-04620110,5IRX,3602,-1.66
UNC0642,5IRX,3603,-1.657
NVP-BGJ398,5IRX,3604,-1.647
piboserod,5IRX,3605,-1.644
SCH-51344,5IRX,3606,-1.641
NMS-E973,5IRX,3607,-1.639
GW-803430,5IRX,3608,-1.637
CUDC-427,5IRX,3609,-1.637
CTEP,5IRX,3610,-1.636
BIX-01294,5IRX,3611,-1.634
LX7101,5IRX,3612,-1.63
NMS-E973,5IRX,3613,-1.628
venetoclax,5IRX,3614,-1.625
droxicam,5IRX,3615,-1.623
oxiperomide,5IRX,3616,-1.614
simeprevir,5IRX,3617,-1.608
cabozantinib,5IRX,3618,-1.602
4E1RCat,5IRX,3619,-1.602
SRC-kinase-inhibitor-I,5IRX,3620,-1.601
UNC0638,5IRX,3621,-1.598
actinomycin-d,5IRX,3622,-1.591
decoquinate,5IRX,3623,-1.589
ARRY-334543,5IRX,3624,-1.586
phenacaine,5IRX,3625,-1.584
oxiperomide,5IRX,3626,-1.583
risperidone,5IRX,3627,-1.582
UNC0642,5IRX,3628,-1.581
cevipabulin,5IRX,3629,-1.58
A-674563,5IRX,3630,-1.579
cediranib,5IRX,3631,-1.573
volasertib,5IRX,3632,-1.572
UNC0642,5IRX,3633,-1.571
brivanib,5IRX,3634,-1.569
phenacaine,5IRX,3635,-1.568
BMS-191095,5IRX,3636,-1.566
AZD8931,5IRX,3637,-1.566
brivanib,5IRX,3638,-1.563
proglumetacin,5IRX,3639,-1.563
salazodine,5IRX,3640,-1.561
dorsomorphin,5IRX,3641,-1.557
T-0156,5IRX,3642,-1.555
nor-Binaltorphimine-dihydrochloride,5IRX,3643,-1.552
alfuzosin,5IRX,3644,-1.551
risperidone,5IRX,3645,-1.545
warfarin,5IRX,3646,-1.537
GSK1904529A,5IRX,3647,-1.524
UNC0642,5IRX,3648,-1.519
phenacaine,5IRX,3649,-1.516
tivozanib,5IRX,3650,-1.511
MK2-IN-1,5IRX,3651,-1.51
UNC0642,5IRX,3652,-1.502
liranaftate,5IRX,3653,-1.5
brivanib-alaninate,5IRX,3654,-1.495
osimertinib,5IRX,3655,-1.493
LY2874455,5IRX,3656,-1.489
osimertinib,5IRX,3657,-1.489
oxiperomide,5IRX,3658,-1.477
elinogrel,5IRX,3659,-1.476
DSR-6434,5IRX,3660,-1.474
elbasvir,5IRX,3661,-1.473
MK2-IN-1,5IRX,3662,-1.461
brivanib,5IRX,3663,-1.46
pirodavir,5IRX,3664,-1.458
PTC-209,5IRX,3665,-1.455
taranabant,5IRX,3666,-1.455
L-741742,5IRX,3667,-1.448
GW-1929,5IRX,3668,-1.447
brivanib-alaninate,5IRX,3669,-1.447
GW-405833,5IRX,3670,-1.445
FG-4592,5IRX,3671,-1.442
GW-803430,5IRX,3672,-1.44
UNC0631,5IRX,3673,-1.424
UNC0321,5IRX,3674,-1.422
AMG-487-(+_-),5IRX,3675,-1.419
LDC1267,5IRX,3676,-1.418
pardoprunox,5IRX,3677,-1.417
GSK-2837808A,5IRX,3678,-1.412
osimertinib,5IRX,3679,-1.408
BTS-72664,5IRX,3680,-1.404
bunazosin,5IRX,3681,-1.396
nor-Binaltorphimine-dihydrochloride,5IRX,3682,-1.393
CCT137690,5IRX,3683,-1.382
A-674563,5IRX,3684,-1.376
nor-Binaltorphimine-dihydrochloride,5IRX,3685,-1.371
NMS-E973,5IRX,3686,-1.364
nor-Binaltorphimine-dihydrochloride,5IRX,3687,-1.362
LY2874455,5IRX,3688,-1.361
cediranib,5IRX,3689,-1.36
venetoclax,5IRX,3690,-1.356
sorafenib,5IRX,3691,-1.354
CGM097,5IRX,3692,-1.35
dicloxacillin,5IRX,3693,-1.345
UNC0737,5IRX,3694,-1.344
CC-401,5IRX,3695,-1.341
decoquinate,5IRX,3696,-1.339
vinblastine,5IRX,3697,-1.336
nor-Binaltorphimine-dihydrochloride,5IRX,3698,-1.335
volasertib,5IRX,3699,-1.33
amoxapine,5IRX,3700,-1.322
teniposide,5IRX,3701,-1.318
proglumetacin,5IRX,3702,-1.317
UNC0638,5IRX,3703,-1.315
JNJ-42165279,5IRX,3704,-1.315
volasertib,5IRX,3705,-1.307
zafirlukast,5IRX,3706,-1.306
UNC0642,5IRX,3707,-1.306
elbasvir,5IRX,3708,-1.297
GW-583340,5IRX,3709,-1.295
FG-4592,5IRX,3710,-1.288
AVE-0991,5IRX,3711,-1.286
mepacrine,5IRX,3712,-1.277
GSK1904529A,5IRX,3713,-1.272
vardenafil,5IRX,3714,-1.271
decoquinate,5IRX,3715,-1.268
vardenafil,5IRX,3716,-1.264
proglumetacin,5IRX,3717,-1.263
cediranib,5IRX,3718,-1.261
DMH1,5IRX,3719,-1.26
neratinib,5IRX,3720,-1.254
TC-S-7005,5IRX,3721,-1.253
elafibranor,5IRX,3722,-1.252
DSR-6434,5IRX,3723,-1.243
CCG-63802,5IRX,3724,-1.235
volasertib,5IRX,3725,-1.235
TG-02,5IRX,3726,-1.227
rifapentine,5IRX,3727,-1.218
volasertib,5IRX,3728,-1.212
brivanib,5IRX,3729,-1.205
elinogrel,5IRX,3730,-1.196
SPP301,5IRX,3731,-1.193
ML-348,5IRX,3732,-1.193
pardoprunox,5IRX,3733,-1.187
phenprocoumon,5IRX,3734,-1.18
saracatinib,5IRX,3735,-1.179
AZ5104,5IRX,3736,-1.175
AZD3514,5IRX,3737,-1.164
volasertib,5IRX,3738,-1.154
NBI-74330-(+_-),5IRX,3739,-1.149
rosmarinic-acid,5IRX,3740,-1.149
candesartan-cilextil,5IRX,3741,-1.145
proglumetacin,5IRX,3742,-1.125
CGM097,5IRX,3743,-1.124
salazodine,5IRX,3744,-1.123
NMS-E973,5IRX,3745,-1.119
MBX-2982,5IRX,3746,-1.114
UNC0642,5IRX,3747,-1.11
UNC0737,5IRX,3748,-1.109
UNC0646,5IRX,3749,-1.105
pantoprazole,5IRX,3750,-1.101
cilostazol,5IRX,3751,-1.091
ZK-93426,5IRX,3752,-1.086
2-[1-(4-piperonyl)piperazinyl]benzothiazole,5IRX,3753,-1.083
rifapentine,5IRX,3754,-1.083
nor-Binaltorphimine-dihydrochloride,5IRX,3755,-1.082
tucatinib,5IRX,3756,-1.081
volasertib,5IRX,3757,-1.078
LX7101,5IRX,3758,-1.077
TGR-1202,5IRX,3759,-1.074
HKI-357,5IRX,3760,-1.066
actinomycin-d,5IRX,3761,-1.065
BIX-01294,5IRX,3762,-1.059
rifapentine,5IRX,3763,-1.058
UNC0646,5IRX,3764,-1.057
TG-02,5IRX,3765,-1.049
piboserod,5IRX,3766,-1.047
TG-02,5IRX,3767,-1.039
warfarin,5IRX,3768,-1.038
rifapentine,5IRX,3769,-1.035
decoquinate,5IRX,3770,-1.035
mepacrine,5IRX,3771,-1.03
UNC0642,5IRX,3772,-1.027
A-674563,5IRX,3773,-1.023
phenacaine,5IRX,3774,-1.021
salazodine,5IRX,3775,-1.008
UNC0642,5IRX,3776,-0.997
TG-02,5IRX,3777,-0.994
urapidil,5IRX,3778,-0.99
salazodine,5IRX,3779,-0.989
piboserod,5IRX,3780,-0.987
VU-152100,5IRX,3781,-0.984
GW-803430,5IRX,3782,-0.981
GSK1292263,5IRX,3783,-0.978
pardoprunox,5IRX,3784,-0.968
AVE-0991,5IRX,3785,-0.967
BTS-72664,5IRX,3786,-0.967
imiloxan,5IRX,3787,-0.966
telotristat,5IRX,3788,-0.965
salazodine,5IRX,3789,-0.959
ARRY-334543,5IRX,3790,-0.956
NMS-P715,5IRX,3791,-0.955
imiloxan,5IRX,3792,-0.948
NBI-74330-(+_-),5IRX,3793,-0.947
tandutinib,5IRX,3794,-0.947
elbasvir,5IRX,3795,-0.941
rifapentine,5IRX,3796,-0.919
candesartan-cilextil,5IRX,3797,-0.916
L-741742,5IRX,3798,-0.908
venetoclax,5IRX,3799,-0.901
piboserod,5IRX,3800,-0.9
venetoclax,5IRX,3801,-0.894
danirixin,5IRX,3802,-0.888
WH-4-023,5IRX,3803,-0.885
anlotinib,5IRX,3804,-0.884
phenprocoumon,5IRX,3805,-0.86
GR125487,5IRX,3806,-0.857
cevipabulin,5IRX,3807,-0.853
SGC-CBP30,5IRX,3808,-0.848
piboserod,5IRX,3809,-0.845
piboserod,5IRX,3810,-0.843
RS-100329,5IRX,3811,-0.843
brexpiprazole,5IRX,3812,-0.832
actinomycin-d,5IRX,3813,-0.825
NBI-74330-(+_-),5IRX,3814,-0.82
betrixaban,5IRX,3815,-0.813
GW-1929,5IRX,3816,-0.806
salazodine,5IRX,3817,-0.802
afatinib,5IRX,3818,-0.802
piboserod,5IRX,3819,-0.798
brivanib,5IRX,3820,-0.794
paritaprevir,5IRX,3821,-0.794
elinogrel,5IRX,3822,-0.792
C-021,5IRX,3823,-0.792
NBI-74330-(+_-),5IRX,3824,-0.78
vardenafil,5IRX,3825,-0.778
vinblastine,5IRX,3826,-0.767
sulfasalazine,5IRX,3827,-0.76
HKI-357,5IRX,3828,-0.759
A-674563,5IRX,3829,-0.757
CGM097,5IRX,3830,-0.746
elinogrel,5IRX,3831,-0.737
TG-02,5IRX,3832,-0.732
NBI-74330-(+_-),5IRX,3833,-0.728
candesartan-cilextil,5IRX,3834,-0.724
mibefradil,5IRX,3835,-0.723
BMS-690514,5IRX,3836,-0.722
WH-4-023,5IRX,3837,-0.708
MK-8245,5IRX,3838,-0.703
volasertib,5IRX,3839,-0.699
WH-4-023,5IRX,3840,-0.689
AZ3146,5IRX,3841,-0.689
proglumetacin,5IRX,3842,-0.685
sonidegib,5IRX,3843,-0.681
GSK1292263,5IRX,3844,-0.669
tandutinib,5IRX,3845,-0.668
BMS-690514,5IRX,3846,-0.66
LY2603618,5IRX,3847,-0.649
elinogrel,5IRX,3848,-0.637
actinomycin-d,5IRX,3849,-0.635
MK2-IN-1,5IRX,3850,-0.627
MK2-IN-1,5IRX,3851,-0.619
vinblastine,5IRX,3852,-0.616
BMS-690514,5IRX,3853,-0.616
fenofibrate,5IRX,3854,-0.615
L-741742,5IRX,3855,-0.61
vinflunine,5IRX,3856,-0.6
TG-02,5IRX,3857,-0.593
TG-02,5IRX,3858,-0.591
A-887826,5IRX,3859,-0.583
saracatinib,5IRX,3860,-0.581
candesartan-cilextil,5IRX,3861,-0.574
vinblastine,5IRX,3862,-0.566
entrectinib,5IRX,3863,-0.562
A-887826,5IRX,3864,-0.562
vinblastine,5IRX,3865,-0.553
ZK-93426,5IRX,3866,-0.552
LX7101,5IRX,3867,-0.54
MK-5108,5IRX,3868,-0.528
salazodine,5IRX,3869,-0.528
WH-4-023,5IRX,3870,-0.522
tandutinib,5IRX,3871,-0.522
actinomycin-d,5IRX,3872,-0.522
azeliragon,5IRX,3873,-0.52
rifabutin,5IRX,3874,-0.513
BMS-806,5IRX,3875,-0.512
candesartan-cilextil,5IRX,3876,-0.51
A-887826,5IRX,3877,-0.509
fenofibric-acid,5IRX,3878,-0.509
astemizole,5IRX,3879,-0.508
imiloxan,5IRX,3880,-0.506
LY266097,5IRX,3881,-0.501
sonidegib,5IRX,3882,-0.496
puromycin,5IRX,3883,-0.493
neratinib,5IRX,3884,-0.492
BMS-690514,5IRX,3885,-0.487
anlotinib,5IRX,3886,-0.487
piboserod,5IRX,3887,-0.484
CGM097,5IRX,3888,-0.476
pranlukast,5IRX,3889,-0.466
vincristine,5IRX,3890,-0.461
AZD4547,5IRX,3891,-0.449
TG-101348,5IRX,3892,-0.447
spiroxatrine,5IRX,3893,-0.445
neratinib,5IRX,3894,-0.443
liranaftate,5IRX,3895,-0.44
piboserod,5IRX,3896,-0.436
afatinib,5IRX,3897,-0.431
vinflunine,5IRX,3898,-0.427
L-741742,5IRX,3899,-0.424
CYT-997,5IRX,3900,-0.416
GNF-5,5IRX,3901,-0.41
rifabutin,5IRX,3902,-0.407
BMS-690514,5IRX,3903,-0.406
fruquintinib,5IRX,3904,-0.399
UNC0642,5IRX,3905,-0.397
cevipabulin,5IRX,3906,-0.385
deltarasin,5IRX,3907,-0.383
actinomycin-d,5IRX,3908,-0.381
icotinib,5IRX,3909,-0.376
TG-02,5IRX,3910,-0.369
MK2-IN-1,5IRX,3911,-0.367
NBI-74330-(+_-),5IRX,3912,-0.365
imiloxan,5IRX,3913,-0.329
osimertinib,5IRX,3914,-0.326
imiloxan,5IRX,3915,-0.318
BIX-01294,5IRX,3916,-0.313
deltarasin,5IRX,3917,-0.289
delamanid,5IRX,3918,-0.285
AZ3146,5IRX,3919,-0.283
AMG-487-(+_-),5IRX,3920,-0.277
actinomycin-d,5IRX,3921,-0.265
A-887826,5IRX,3922,-0.25
rifabutin,5IRX,3923,-0.25
TG-101348,5IRX,3924,-0.224
candesartan-cilextil,5IRX,3925,-0.223
BTS-72664,5IRX,3926,-0.221
pantoprazole,5IRX,3927,-0.208
astemizole,5IRX,3928,-0.206
NMS-E973,5IRX,3929,-0.203
phenacaine,5IRX,3930,-0.194
LY3000328,5IRX,3931,-0.191
TG-101348,5IRX,3932,-0.179
UNC0642,5IRX,3933,-0.175
telotristat,5IRX,3934,-0.175
copanlisib,5IRX,3935,-0.174
NMS-E973,5IRX,3936,-0.171
iloperidone,5IRX,3937,-0.17
spiroxatrine,5IRX,3938,-0.165
suvorexant,5IRX,3939,-0.16
uprosertib,5IRX,3940,-0.153
ZK-93423,5IRX,3941,-0.149
sonidegib,5IRX,3942,-0.145
vinblastine,5IRX,3943,-0.14
sulfasalazine,5IRX,3944,-0.129
BIX-01294,5IRX,3945,-0.128
fenofibric-acid,5IRX,3946,-0.127
imiloxan,5IRX,3947,-0.123
astemizole,5IRX,3948,-0.113
ABT-751,5IRX,3949,-0.112
actinomycin-d,5IRX,3950,-0.112
TFC-007,5IRX,3951,-0.106
vinblastine,5IRX,3952,-0.106
simeprevir,5IRX,3953,-0.092
piboserod,5IRX,3954,-0.089
WH-4-023,5IRX,3955,-0.087
ZM-447439,5IRX,3956,-0.072
SB-590885,5IRX,3957,-0.055
elinogrel,5IRX,3958,-0.054
ZK811752,5IRX,3959,-0.05
phenacaine,5IRX,3960,-0.042
saracatinib,5IRX,3961,-0.041
sonidegib,5IRX,3962,-0.038
ABT-751,5IRX,3963,-0.032
neratinib,5IRX,3964,0.001
AVN-944,5IRX,3965,0.007
MK2-IN-1,5IRX,3966,0.011
oxiperomide,5IRX,3967,0.018
actinomycin-d,5IRX,3968,0.02
azilsartan-medoxomil,5IRX,3969,0.022
rifabutin,5IRX,3970,0.025
pantoprazole,5IRX,3971,0.026
puromycin,5IRX,3972,0.027
GNF-5,5IRX,3973,0.028
vincristine,5IRX,3974,0.028
cevipabulin,5IRX,3975,0.03
BAY-87-2243,5IRX,3976,0.04
AMG-487-(+_-),5IRX,3977,0.046
puromycin,5IRX,3978,0.06
puromycin,5IRX,3979,0.068
vilazodone,5IRX,3980,0.068
MK2-IN-1,5IRX,3981,0.073
salazodine,5IRX,3982,0.079
phenacaine,5IRX,3983,0.084
salazodine,5IRX,3984,0.094
oxiperomide,5IRX,3985,0.102
LY2874455,5IRX,3986,0.104
puromycin,5IRX,3987,0.106
neratinib,5IRX,3988,0.108
BAY-87-2243,5IRX,3989,0.108
AMG-487-(+_-),5IRX,3990,0.11
TG-101348,5IRX,3991,0.148
SPP301,5IRX,3992,0.155
BAY-87-2243,5IRX,3993,0.157
GW-1929,5IRX,3994,0.162
tariquidar,5IRX,3995,0.174
paritaprevir,5IRX,3996,0.189
NBI-74330-(+_-),5IRX,3997,0.198
BAY-87-2243,5IRX,3998,0.214
AZ3146,5IRX,3999,0.216
AVE-0991,5IRX,4000,0.217
elbasvir,5IRX,4001,0.225
BAY-87-2243,5IRX,4002,0.226
vinblastine,5IRX,4003,0.229
pantoprazole,5IRX,4004,0.256
cilostazol,5IRX,4005,0.26
piboserod,5IRX,4006,0.272
TC-NTR1-17,5IRX,4007,0.29
betrixaban,5IRX,4008,0.304
actinomycin-d,5IRX,4009,0.315
danirixin,5IRX,4010,0.318
iloperidone,5IRX,4011,0.325
rifapentine,5IRX,4012,0.326
LY2874455,5IRX,4013,0.338
actinomycin-d,5IRX,4014,0.339
vinblastine,5IRX,4015,0.341
AI-10-49,5IRX,4016,0.352
LY2603618,5IRX,4017,0.356
phenacaine,5IRX,4018,0.367
rifampin,5IRX,4019,0.369
azilsartan-medoxomil,5IRX,4020,0.372
azilsartan-medoxomil,5IRX,4021,0.378
ansamitocin-p-3,5IRX,4022,0.387
BAY-87-2243,5IRX,4023,0.401
phenacaine,5IRX,4024,0.405
pantoprazole,5IRX,4025,0.407
irinotecan,5IRX,4026,0.422
ABT-751,5IRX,4027,0.425
vinblastine,5IRX,4028,0.427
A-887826,5IRX,4029,0.446
XL388,5IRX,4030,0.472
pantoprazole,5IRX,4031,0.485
ABT-751,5IRX,4032,0.504
vincristine,5IRX,4033,0.505
PD-166285,5IRX,4034,0.506
pantoprazole,5IRX,4035,0.509
rhodamine-123,5IRX,4036,0.536
vinorelbine,5IRX,4037,0.537
GSK1292263,5IRX,4038,0.538
azilsartan-medoxomil,5IRX,4039,0.57
UNC0737,5IRX,4040,0.574
NBI-74330-(+_-),5IRX,4041,0.58
BIX-01294,5IRX,4042,0.581
AMG-487-(+_-),5IRX,4043,0.594
sorafenib,5IRX,4044,0.599
candesartan-cilextil,5IRX,4045,0.625
piboserod,5IRX,4046,0.627
GSK1292263,5IRX,4047,0.629
astemizole,5IRX,4048,0.631
A-674563,5IRX,4049,0.633
vincristine,5IRX,4050,0.637
tandutinib,5IRX,4051,0.65
BMS-806,5IRX,4052,0.664
piboserod,5IRX,4053,0.682
vincristine,5IRX,4054,0.697
A-674563,5IRX,4055,0.71
phenacaine,5IRX,4056,0.711
pantoprazole,5IRX,4057,0.712
GW-1929,5IRX,4058,0.716
SB-590885,5IRX,4059,0.726
astemizole,5IRX,4060,0.728
pantoprazole,5IRX,4061,0.736
GNF-5,5IRX,4062,0.737
cevipabulin,5IRX,4063,0.752
JNJ-42165279,5IRX,4064,0.781
phenacaine,5IRX,4065,0.792
pantoprazole,5IRX,4066,0.796
pantoprazole,5IRX,4067,0.807
irinotecan,5IRX,4068,0.816
paliperidone,5IRX,4069,0.823
proglumetacin,5IRX,4070,0.831
AZD8931,5IRX,4071,0.837
elinogrel,5IRX,4072,0.839
pantoprazole,5IRX,4073,0.843
GSK2190915,5IRX,4074,0.879
danirixin,5IRX,4075,0.88
proglumetacin,5IRX,4076,0.884
PD-166285,5IRX,4077,0.933
phenacaine,5IRX,4078,0.95
azilsartan-medoxomil,5IRX,4079,0.957
dacomitinib,5IRX,4080,0.961
SPP301,5IRX,4081,0.992
spiroxatrine,5IRX,4082,0.999
mibefradil,5IRX,4083,1.023
AI-10-49,5IRX,4084,1.065
phenacaine,5IRX,4085,1.09
mibefradil,5IRX,4086,1.106
actinomycin-d,5IRX,4087,1.106
SGI-1776,5IRX,4088,1.123
cediranib,5IRX,4089,1.139
AZD8931,5IRX,4090,1.155
MK-6096,5IRX,4091,1.171
BIX-01294,5IRX,4092,1.179
AMG-487-(+_-),5IRX,4093,1.19
AMG-487-(+_-),5IRX,4094,1.207
paliperidone,5IRX,4095,1.209
piboserod,5IRX,4096,1.21
astemizole,5IRX,4097,1.218
astemizole,5IRX,4098,1.228
AZD4547,5IRX,4099,1.237
AMG-487-(+_-),5IRX,4100,1.238
balaglitazone,5IRX,4101,1.25
liranaftate,5IRX,4102,1.263
mibefradil,5IRX,4103,1.286
saracatinib,5IRX,4104,1.343
rifaximin,5IRX,4105,1.365
osimertinib,5IRX,4106,1.377
zafirlukast,5IRX,4107,1.38
delamanid,5IRX,4108,1.389
AI-10-49,5IRX,4109,1.393
fostamatinib,5IRX,4110,1.421
piboserod,5IRX,4111,1.499
TC-NTR1-17,5IRX,4112,1.51
MK-5108,5IRX,4113,1.513
paliperidone,5IRX,4114,1.517
vinflunine,5IRX,4115,1.52
CPCCOEt,5IRX,4116,1.529
GW-1929,5IRX,4117,1.529
delamanid,5IRX,4118,1.532
candesartan-cilextil,5IRX,4119,1.534
oxiperomide,5IRX,4120,1.556
PD-166285,5IRX,4121,1.577
BMS-806,5IRX,4122,1.614
TC-S-7005,5IRX,4123,1.623
iloperidone,5IRX,4124,1.635
vinblastine,5IRX,4125,1.693
pantoprazole,5IRX,4126,1.705
venetoclax,5IRX,4127,1.706
TG-101348,5IRX,4128,1.757
lafutidine,5IRX,4129,1.827
cevipabulin,5IRX,4130,1.833
lafutidine,5IRX,4131,1.844
zafirlukast,5IRX,4132,1.857
metazosin,5IRX,4133,1.893
LX7101,5IRX,4134,1.904
isradipine,5IRX,4135,1.911
astemizole,5IRX,4136,1.913
risperidone,5IRX,4137,1.922
CW-008,5IRX,4138,2.048
delamanid,5IRX,4139,2.06
JW-74,5IRX,4140,2.069
delamanid,5IRX,4141,2.085
HA14-1,5IRX,4142,2.101
astemizole,5IRX,4143,2.106
delamanid,5IRX,4144,2.127
astemizole,5IRX,4145,2.194
delamanid,5IRX,4146,2.221
UNC0642,5IRX,4147,2.237
tandutinib,5IRX,4148,2.33
sulfasalazine,5IRX,4149,2.353
LRRK2-IN-1,5IRX,4150,2.467
simeprevir,5IRX,4151,2.475
vincristine,5IRX,4152,2.555
meclinertant,5IRX,4153,2.614
GSK1838705A,5IRX,4154,2.619
meclinertant,5IRX,4155,2.622
raltegravir,5IRX,4156,2.662
astemizole,5IRX,4157,2.678
vincristine,5IRX,4158,2.73
LY2603618,5IRX,4159,2.882
delamanid,5IRX,4160,2.904
phenacaine,5IRX,4161,2.999
AZD4547,5IRX,4162,3.045
ansamitocin-p-3,5IRX,4163,3.16
AI-10-49,5IRX,4164,3.188
GSK1838705A,5IRX,4165,3.207
TG-02,5IRX,4166,3.255
candesartan-cilextil,5IRX,4167,3.268
oxiperomide,5IRX,4168,3.347
suvorexant,5IRX,4169,3.406
vinflunine,5IRX,4170,3.425
metazosin,5IRX,4171,3.541
actinomycin-d,5IRX,4172,3.624
asunaprevir,5IRX,4173,3.64
asunaprevir,5IRX,4174,3.794
ZK811752,5IRX,4175,3.865
vincristine,5IRX,4176,3.874
tandutinib,5IRX,4177,3.888
AVE-0991,5IRX,4178,3.926
TG-101348,5IRX,4179,4.005
suvorexant,5IRX,4180,4.081
vinorelbine,5IRX,4181,4.215
vinorelbine,5IRX,4182,4.216
TG-101348,5IRX,4183,4.271
candesartan-cilextil,5IRX,4184,4.289
vinorelbine,5IRX,4185,4.381
zafirlukast,5IRX,4186,4.463
LX7101,5IRX,4187,4.505
isradipine,5IRX,4188,4.51
BMS-806,5IRX,4189,4.522
asunaprevir,5IRX,4190,4.55
asunaprevir,5IRX,4191,4.662
iloperidone,5IRX,4192,4.695
vinorelbine,5IRX,4193,4.75
LRRK2-IN-1,5IRX,4194,4.791
ZK811752,5IRX,4195,5.079
AVE-0991,5IRX,4196,5.095
vinblastine,5IRX,4197,5.134
candesartan-cilextil,5IRX,4198,5.155
vincristine,5IRX,4199,5.264
vinorelbine,5IRX,4200,5.437
eluxadoline,5IRX,4201,5.605
vinblastine,5IRX,4202,5.761
vinblastine,5IRX,4203,5.844
elbasvir,5IRX,4204,6
riodipine,5IRX,4205,6.097
candesartan-cilextil,5IRX,4206,6.176
candesartan-cilextil,5IRX,4207,6.542
vinflunine,5IRX,4208,6.602
LRRK2-IN-1,5IRX,4209,6.602
vinflunine,5IRX,4210,6.846
candesartan-cilextil,5IRX,4211,7.172
LRRK2-IN-1,5IRX,4212,7.304
proglumetacin,5IRX,4213,7.525
vinflunine,5IRX,4214,7.594
LRRK2-IN-1,5IRX,4215,7.734
salazodine,5IRX,4216,8.22
candesartan-cilextil,5IRX,4217,8.315
vinorelbine,5IRX,4218,8.665
candesartan-cilextil,5IRX,4219,9.759
candesartan-cilextil,5IRX,4220,10.614
candesartan-cilextil,5IRX,4221,11.176
candesartan-cilextil,5IRX,4222,12.719
flavin-adenine-dinucleotide,5IS0,2,-13.136
telotristat,5IS0,3,-11.976
GW-583340,5IS0,4,-11.353
LX1031,5IS0,5,-11.223
RP-001,5IS0,6,-11.22
RP-001,5IS0,7,-11.131
RS-102221,5IS0,8,-11.001
flavin-adenine-dinucleotide,5IS0,9,-10.921
flavin-adenine-dinucleotide,5IS0,10,-10.9
GW-583340,5IS0,11,-10.784
telotristat,5IS0,12,-10.782
telotristat-ethyl,5IS0,13,-10.744
EVP4593,5IS0,14,-10.71
telotristat-ethyl,5IS0,15,-10.691
GW-583340,5IS0,16,-10.655
vancomycin,5IS0,17,-10.652
vancomycin,5IS0,18,-10.365
RP-001,5IS0,19,-10.239
GW-583340,5IS0,20,-10.073
RP-001,5IS0,21,-10.03
tesaglitazar,5IS0,22,-9.967
RS-102221,5IS0,23,-9.929
Rec-15_2615,5IS0,24,-9.874
RP-001,5IS0,25,-9.867
posaconazole,5IS0,26,-9.854
flavin-adenine-dinucleotide,5IS0,27,-9.831
afatinib,5IS0,28,-9.824
afatinib,5IS0,29,-9.795
preladenant,5IS0,30,-9.78
RP-001,5IS0,31,-9.68
vancomycin,5IS0,32,-9.658
LY225910,5IS0,33,-9.594
GW-583340,5IS0,34,-9.594
RP-001,5IS0,35,-9.563
RP-001,5IS0,36,-9.528
L-694247,5IS0,37,-9.528
LX1031,5IS0,38,-9.512
terazosin,5IS0,39,-9.51
telotristat-ethyl,5IS0,40,-9.481
GW-583340,5IS0,41,-9.473
CGS-15943,5IS0,42,-9.453
posaconazole,5IS0,43,-9.444
RP-001,5IS0,44,-9.432
flavin-adenine-dinucleotide,5IS0,45,-9.39
posaconazole,5IS0,46,-9.361
eluxadoline,5IS0,47,-9.358
CYM-5442,5IS0,48,-9.341
RP-001,5IS0,49,-9.323
RP-001,5IS0,50,-9.305
tesaglitazar,5IS0,51,-9.272
RP-001,5IS0,52,-9.268
ceftaroline-fosamil,5IS0,53,-9.245
L-694247,5IS0,54,-9.156
SCH-58261,5IS0,55,-9.138
flavin-adenine-dinucleotide,5IS0,56,-9.126
RS-102221,5IS0,57,-9.082
neratinib,5IS0,58,-9.058
ZK811752,5IS0,59,-9.023
pardoprunox,5IS0,60,-8.977
flavin-adenine-dinucleotide,5IS0,61,-8.976
PH-797804,5IS0,62,-8.974
Rec-15_2615,5IS0,63,-8.954
RP-001,5IS0,64,-8.953
barasertib,5IS0,65,-8.938
SCH-58261,5IS0,66,-8.904
L-694247,5IS0,67,-8.898
CYM-5442,5IS0,68,-8.873
GW-583340,5IS0,69,-8.862
ku-0063794,5IS0,70,-8.852
vancomycin,5IS0,71,-8.844
flavin-adenine-dinucleotide,5IS0,72,-8.772
dasabuvir,5IS0,73,-8.769
metatinib,5IS0,74,-8.768
micafungin,5IS0,75,-8.767
flavin-adenine-dinucleotide,5IS0,76,-8.748
GSK2578215A,5IS0,77,-8.741
CYM-5442,5IS0,78,-8.723
metazosin,5IS0,79,-8.717
GSK2578215A,5IS0,80,-8.705
CYM-5442,5IS0,81,-8.7
OSI-420,5IS0,82,-8.695
AST-1306,5IS0,83,-8.661
erastin,5IS0,84,-8.652
barasertib,5IS0,85,-8.606
CYM-5442,5IS0,86,-8.587
micafungin,5IS0,87,-8.577
eluxadoline,5IS0,88,-8.57
posaconazole,5IS0,89,-8.552
lemborexant,5IS0,90,-8.527
CYM-5442,5IS0,91,-8.525
tesaglitazar,5IS0,92,-8.515
lapatinib,5IS0,93,-8.513
OSI-420,5IS0,94,-8.496
avatrombopag,5IS0,95,-8.481
ku-0063794,5IS0,96,-8.472
avatrombopag,5IS0,97,-8.464
posaconazole,5IS0,98,-8.455
finafloxacin,5IS0,99,-8.448
KI-8751,5IS0,100,-8.445
ITI214,5IS0,101,-8.441
RP-001,5IS0,102,-8.44
BML-284,5IS0,103,-8.439
metatinib,5IS0,104,-8.435
neratinib,5IS0,105,-8.43
ITI214,5IS0,106,-8.423
AZ-12080282,5IS0,107,-8.412
ZM-241385,5IS0,108,-8.398
lemborexant,5IS0,109,-8.395
CYM-5442,5IS0,110,-8.394
lapatinib,5IS0,111,-8.368
afatinib,5IS0,112,-8.352
micafungin,5IS0,113,-8.336
OSI-420,5IS0,114,-8.318
finafloxacin,5IS0,115,-8.314
NMS-P715,5IS0,116,-8.305
JTE-907,5IS0,117,-8.304
SB-590885,5IS0,118,-8.299
avanafil,5IS0,119,-8.284
ganetespib,5IS0,120,-8.282
LY266097,5IS0,121,-8.279
CYM-5442,5IS0,122,-8.274
L-694247,5IS0,123,-8.273
LY266097,5IS0,124,-8.273
LX1031,5IS0,125,-8.272
ganetespib,5IS0,126,-8.258
BML-284,5IS0,127,-8.254
PIM-1-Inhibitor-2,5IS0,128,-8.245
KI-8751,5IS0,129,-8.239
micafungin,5IS0,130,-8.222
GNF-2,5IS0,131,-8.221
ZM-241385,5IS0,132,-8.22
CCG-63808,5IS0,133,-8.207
danusertib,5IS0,134,-8.204
neratinib,5IS0,135,-8.191
regorafenib,5IS0,136,-8.18
ZM-323881,5IS0,137,-8.163
CYM-5442,5IS0,138,-8.162
GR-127935,5IS0,139,-8.156
posaconazole,5IS0,140,-8.154
ganetespib,5IS0,141,-8.152
vancomycin,5IS0,142,-8.147
fostamatinib,5IS0,143,-8.141
L-694247,5IS0,144,-8.125
VE-822,5IS0,145,-8.123
loxapine,5IS0,146,-8.111
AST-1306,5IS0,147,-8.11
ku-0063794,5IS0,148,-8.102
lemborexant,5IS0,149,-8.095
L-694247,5IS0,150,-8.09
TG-100572,5IS0,151,-8.086
VER-155008,5IS0,152,-8.085
L-694247,5IS0,153,-8.084
GSK2578215A,5IS0,154,-8.081
NVP-HSP990,5IS0,155,-8.076
CYM-5442,5IS0,156,-8.072
micafungin,5IS0,157,-8.07
ravoxertinib,5IS0,158,-8.066
VER-155008,5IS0,159,-8.058
micafungin,5IS0,160,-8.05
ZM-323881,5IS0,161,-8.05
pirenoxine,5IS0,162,-8.047
rosmarinic-acid,5IS0,163,-8.047
RAF265,5IS0,164,-8.035
zolantidine,5IS0,165,-8.031
LY225910,5IS0,166,-8.016
GR-127935,5IS0,167,-8.016
rosmarinic-acid,5IS0,168,-8.001
dasabuvir,5IS0,169,-8
pibenzimol,5IS0,170,-7.994
AZ5104,5IS0,171,-7.989
JTE-907,5IS0,172,-7.988
AI-10-49,5IS0,173,-7.987
CYM-5442,5IS0,174,-7.985
CUDC-907,5IS0,175,-7.98
PF-04457845,5IS0,176,-7.98
ZM-323881,5IS0,177,-7.977
PF-04620110,5IS0,178,-7.967
avanafil,5IS0,179,-7.962
PF-04620110,5IS0,180,-7.956
ceftaroline-fosamil,5IS0,181,-7.956
NVP-BGJ398,5IS0,182,-7.953
ibrutinib,5IS0,183,-7.95
AZ5104,5IS0,184,-7.945
pelitinib,5IS0,185,-7.943
puromycin,5IS0,186,-7.934
MLN1117,5IS0,187,-7.921
GSK2578215A,5IS0,188,-7.92
GSK2578215A,5IS0,189,-7.914
micafungin,5IS0,190,-7.9
CYM-5442,5IS0,191,-7.899
NVP-AUY922,5IS0,192,-7.896
vancomycin,5IS0,193,-7.895
SGI-1776,5IS0,194,-7.893
micafungin,5IS0,195,-7.886
golvatinib,5IS0,196,-7.864
NBI-74330-(+_-),5IS0,197,-7.863
avanafil,5IS0,198,-7.862
capadenoson,5IS0,199,-7.86
GW-1929,5IS0,200,-7.852
talnetant,5IS0,201,-7.849
ZK-93423,5IS0,202,-7.841
volasertib,5IS0,203,-7.841
betrixaban,5IS0,204,-7.836
crizotinib-(S),5IS0,205,-7.834
TG-100572,5IS0,206,-7.83
ku-0063794,5IS0,207,-7.826
avanafil,5IS0,208,-7.823
EVP4593,5IS0,209,-7.822
RG1530,5IS0,210,-7.818
ku-0063794,5IS0,211,-7.817
betrixaban,5IS0,212,-7.816
rosmarinic-acid,5IS0,213,-7.816
SID-7969543,5IS0,214,-7.808
RAF265,5IS0,215,-7.8
ML347,5IS0,216,-7.794
VER-155008,5IS0,217,-7.794
GNF-2,5IS0,218,-7.791
rosmarinic-acid,5IS0,219,-7.79
NBI-74330-(+_-),5IS0,220,-7.79
rociletinib,5IS0,221,-7.789
L-694247,5IS0,222,-7.78
SB-431542,5IS0,223,-7.779
GNF-5,5IS0,224,-7.779
AZD9272,5IS0,225,-7.772
LY225910,5IS0,226,-7.771
rosmarinic-acid,5IS0,227,-7.771
rosmarinic-acid,5IS0,228,-7.768
RAF265,5IS0,229,-7.766
LX1031,5IS0,230,-7.764
monastrol,5IS0,231,-7.762
ZM-323881,5IS0,232,-7.76
talnetant,5IS0,233,-7.759
talnetant,5IS0,234,-7.759
BML-284,5IS0,235,-7.752
lemborexant,5IS0,236,-7.75
KG-5,5IS0,237,-7.747
capadenoson,5IS0,238,-7.746
GSK2578215A,5IS0,239,-7.737
azeliragon,5IS0,240,-7.726
CCG-63808,5IS0,241,-7.724
SGI-1776,5IS0,242,-7.722
ZK-93423,5IS0,243,-7.72
irinotecan,5IS0,244,-7.711
BMS-806,5IS0,245,-7.71
CCT137690,5IS0,246,-7.703
SC-51089,5IS0,247,-7.699
EMD-1214063,5IS0,248,-7.698
avanafil,5IS0,249,-7.698
ZM-241385,5IS0,250,-7.693
Q-203,5IS0,251,-7.691
WIKI4,5IS0,252,-7.69
CYM-5442,5IS0,253,-7.689
rosmarinic-acid,5IS0,254,-7.685
pibenzimol,5IS0,255,-7.683
SGI-1776,5IS0,256,-7.683
BML-284,5IS0,257,-7.681
isradipine,5IS0,258,-7.677
RP-001,5IS0,259,-7.669
edaglitazone,5IS0,260,-7.667
ceftaroline-fosamil,5IS0,261,-7.655
WZ4003,5IS0,262,-7.65
rociletinib,5IS0,263,-7.644
pelitinib,5IS0,264,-7.638
rosmarinic-acid,5IS0,265,-7.636
doramapimod,5IS0,266,-7.634
betrixaban,5IS0,267,-7.631
EVP4593,5IS0,268,-7.628
pelitinib,5IS0,269,-7.619
puromycin,5IS0,270,-7.619
AZ-12080282,5IS0,271,-7.619
avanafil,5IS0,272,-7.619
CYM-5442,5IS0,273,-7.618
ZK-93423,5IS0,274,-7.613
posaconazole,5IS0,275,-7.61
foretinib,5IS0,276,-7.608
talnetant,5IS0,277,-7.606
betrixaban,5IS0,278,-7.606
pyrintegrin,5IS0,279,-7.605
monastrol,5IS0,280,-7.604
NVP-AUY922,5IS0,281,-7.603
irinotecan,5IS0,282,-7.603
bosutinib,5IS0,283,-7.602
erastin,5IS0,284,-7.602
edaglitazone,5IS0,285,-7.601
ABT-751,5IS0,286,-7.597
SB-202190,5IS0,287,-7.595
barasertib,5IS0,288,-7.59
MRS-1220,5IS0,289,-7.59
volasertib,5IS0,290,-7.587
LY266097,5IS0,291,-7.587
SB-431542,5IS0,292,-7.586
metatinib,5IS0,293,-7.583
ABT-751,5IS0,294,-7.583
TG-100572,5IS0,295,-7.579
NVP-BGJ398,5IS0,296,-7.574
LY225910,5IS0,297,-7.568
barasertib,5IS0,298,-7.567
CYM-5442,5IS0,299,-7.567
amtolmetin-guacil,5IS0,300,-7.56
AI-10-49,5IS0,301,-7.559
CYM-5442,5IS0,302,-7.554
NDT-9513727,5IS0,303,-7.554
SGI-1776,5IS0,304,-7.55
NVP-AUY922,5IS0,305,-7.55
VX-11e,5IS0,306,-7.543
olmutinib,5IS0,307,-7.54
GR-127935,5IS0,308,-7.539
SID-7969543,5IS0,309,-7.521
AZM-475271,5IS0,310,-7.519
NVP-AUY922,5IS0,311,-7.518
BI-D1870,5IS0,312,-7.512
telatinib,5IS0,313,-7.502
NVP-HSP990,5IS0,314,-7.502
danusertib,5IS0,315,-7.489
foretinib,5IS0,316,-7.487
apabetalone,5IS0,317,-7.484
capadenoson,5IS0,318,-7.483
Ro-5126766,5IS0,319,-7.478
PI-103,5IS0,320,-7.477
BMS-599626,5IS0,321,-7.474
bay-60-7550,5IS0,322,-7.472
CYM-5442,5IS0,323,-7.471
ku-0063794,5IS0,324,-7.46
monastrol,5IS0,325,-7.452
BCI-540,5IS0,326,-7.451
SC-51089,5IS0,327,-7.445
GNF-5837,5IS0,328,-7.444
CW-008,5IS0,329,-7.443
VX-11e,5IS0,330,-7.44
barasertib,5IS0,331,-7.435
SANT-2,5IS0,332,-7.431
irinotecan,5IS0,333,-7.427
AMG-517,5IS0,334,-7.427
LX1031,5IS0,335,-7.426
BIX-01294,5IS0,336,-7.424
finafloxacin,5IS0,337,-7.419
sobetirome,5IS0,338,-7.416
Ro-5126766,5IS0,339,-7.414
GDC-0994,5IS0,340,-7.414
VX-11e,5IS0,341,-7.411
bosutinib,5IS0,342,-7.411
LRRK2-IN-1,5IS0,343,-7.41
PI-103,5IS0,344,-7.41
AMG900,5IS0,345,-7.409
SC-51089,5IS0,346,-7.408
osimertinib,5IS0,347,-7.399
avanafil,5IS0,348,-7.397
edaglitazone,5IS0,349,-7.395
pelitinib,5IS0,350,-7.395
rosmarinic-acid,5IS0,351,-7.394
A-839977,5IS0,352,-7.391
BMS-536924,5IS0,353,-7.39
irinotecan,5IS0,354,-7.389
ZK-93423,5IS0,355,-7.386
SID-7969543,5IS0,356,-7.385
AZD9272,5IS0,357,-7.384
AZM-475271,5IS0,358,-7.379
irinotecan,5IS0,359,-7.377
sobetirome,5IS0,360,-7.371
TWS-119,5IS0,361,-7.368
deltarasin,5IS0,362,-7.367
BAY-61-3606,5IS0,363,-7.361
SC-51089,5IS0,364,-7.355
bay-60-7550,5IS0,365,-7.354
NBI-74330-(+_-),5IS0,366,-7.353
AMG-487-(+_-),5IS0,367,-7.352
rosmarinic-acid,5IS0,368,-7.349
SB-505124,5IS0,369,-7.349
elvitegravir,5IS0,370,-7.348
apabetalone,5IS0,371,-7.344
YC-1,5IS0,372,-7.341
TWS-119,5IS0,373,-7.341
KRN-633,5IS0,374,-7.34
edaglitazone,5IS0,375,-7.338
dasabuvir,5IS0,376,-7.333
BI-D1870,5IS0,377,-7.332
CNX-774,5IS0,378,-7.319
lenvatinib,5IS0,379,-7.317
icotinib,5IS0,380,-7.308
rociletinib,5IS0,381,-7.308
NDT-9513727,5IS0,382,-7.301
vandetanib,5IS0,383,-7.299
BI-D1870,5IS0,384,-7.294
RP-001,5IS0,385,-7.294
VX-11e,5IS0,386,-7.29
afatinib,5IS0,387,-7.29
edaglitazone,5IS0,388,-7.287
BMY-45778,5IS0,389,-7.281
SB-216641,5IS0,390,-7.278
SB-505124,5IS0,391,-7.277
edaglitazone,5IS0,392,-7.273
ceritinib,5IS0,393,-7.271
lapatinib,5IS0,394,-7.265
Ro-5126766,5IS0,395,-7.25
RAF265,5IS0,396,-7.249
ABT-751,5IS0,397,-7.244
irinotecan,5IS0,398,-7.243
XL388,5IS0,399,-7.239
PI-103,5IS0,400,-7.239
SID-7969543,5IS0,401,-7.23
VE-822,5IS0,402,-7.229
avanafil,5IS0,403,-7.227
garenoxacin,5IS0,404,-7.225
BMS-599626,5IS0,405,-7.223
CYM-5442,5IS0,406,-7.222
CCG-63808,5IS0,407,-7.222
AMG900,5IS0,408,-7.219
GDC-0994,5IS0,409,-7.213
GW-1929,5IS0,410,-7.21
barasertib,5IS0,411,-7.207
TC-F-2,5IS0,412,-7.205
monastrol,5IS0,413,-7.204
10-hydroxycamptothecin,5IS0,414,-7.199
BI-D1870,5IS0,415,-7.199
monastrol,5IS0,416,-7.198
SB-202190,5IS0,417,-7.187
edaglitazone,5IS0,418,-7.186
micafungin,5IS0,419,-7.183
KG-5,5IS0,420,-7.183
monastrol,5IS0,421,-7.181
neurodazine,5IS0,422,-7.181
vandetanib,5IS0,423,-7.178
RG1530,5IS0,424,-7.175
SB-202190,5IS0,425,-7.166
apabetalone,5IS0,426,-7.165
MLN1117,5IS0,427,-7.165
AZ-12080282,5IS0,428,-7.16
GTP-14564,5IS0,429,-7.16
GTP-14564,5IS0,430,-7.16
AMG-487-(+_-),5IS0,431,-7.158
KL-001,5IS0,432,-7.157
metatinib,5IS0,433,-7.151
sobetirome,5IS0,434,-7.15
golvatinib,5IS0,435,-7.149
monastrol,5IS0,436,-7.147
PF-04937319,5IS0,437,-7.146
SANT-2,5IS0,438,-7.144
SGI-1776,5IS0,439,-7.141
cefpiramide,5IS0,440,-7.141
apabetalone,5IS0,441,-7.133
SGI-1776,5IS0,442,-7.131
GNF-5,5IS0,443,-7.122
VX-11e,5IS0,444,-7.121
GTP-14564,5IS0,445,-7.12
SB-243213,5IS0,446,-7.119
BAY-61-3606,5IS0,447,-7.118
XL-647,5IS0,448,-7.116
BI-D1870,5IS0,449,-7.115
betrixaban,5IS0,450,-7.114
barasertib,5IS0,451,-7.109
ZK811752,5IS0,452,-7.104
genz-644282,5IS0,453,-7.102
CCG-63808,5IS0,454,-7.101
telatinib,5IS0,455,-7.1
NDT-9513727,5IS0,456,-7.1
BMS-536924,5IS0,457,-7.099
alisertib,5IS0,458,-7.097
BMS-599626,5IS0,459,-7.092
riodipine,5IS0,460,-7.081
VX-11e,5IS0,461,-7.081
AZ-12080282,5IS0,462,-7.079
osimertinib,5IS0,463,-7.076
BMY-45778,5IS0,464,-7.074
puromycin,5IS0,465,-7.071
BAY-61-3606,5IS0,466,-7.069
CITCO,5IS0,467,-7.067
10-hydroxycamptothecin,5IS0,468,-7.067
cabozantinib,5IS0,469,-7.063
KD025,5IS0,470,-7.053
Ro-5126766,5IS0,471,-7.052
vandetanib,5IS0,472,-7.048
nefazodone,5IS0,473,-7.046
GW-1929,5IS0,474,-7.044
SB-202190,5IS0,475,-7.043
lemborexant,5IS0,476,-7.042
CCG-63808,5IS0,477,-7.041
SB-202190,5IS0,478,-7.041
neurodazine,5IS0,479,-7.038
monastrol,5IS0,480,-7.036
SB-243213,5IS0,481,-7.035
barasertib,5IS0,482,-7.034
VU-152100,5IS0,483,-7.033
irinotecan,5IS0,484,-7.032
H2L-5765834,5IS0,485,-7.032
BMS-536924,5IS0,486,-7.032
CYM-5442,5IS0,487,-7.03
pranlukast,5IS0,488,-7.029
Ro-5126766,5IS0,489,-7.029
SANT-2,5IS0,490,-7.029
NVP-BGJ398,5IS0,491,-7.028
neurodazine,5IS0,492,-7.028
apabetalone,5IS0,493,-7.025
puromycin,5IS0,494,-7.019
SB-334867,5IS0,495,-7.017
2-[1-(4-piperonyl)piperazinyl]benzothiazole,5IS0,496,-7.014
sobetirome,5IS0,497,-7.013
VU-152100,5IS0,498,-7.013
oglemilast,5IS0,499,-7.013
LY225910,5IS0,500,-7.008
TGR-1202,5IS0,501,-7.007
ZK811752,5IS0,502,-7.007
elvitegravir,5IS0,503,-7.004
CCG-63802,5IS0,504,-7
AZD3514,5IS0,505,-6.999
entrectinib,5IS0,506,-6.997
WIKI4,5IS0,507,-6.997
XL-647,5IS0,508,-6.996
irinotecan,5IS0,509,-6.994
BMS-927711,5IS0,510,-6.99
alisertib,5IS0,511,-6.986
altiratinib,5IS0,512,-6.981
GSK2190915,5IS0,513,-6.981
L-168049,5IS0,514,-6.979
AVL-292,5IS0,515,-6.978
RP-001,5IS0,516,-6.973
ku-0063794,5IS0,517,-6.968
PIM-1-Inhibitor-2,5IS0,518,-6.967
BI-D1870,5IS0,519,-6.967
piboserod,5IS0,520,-6.965
2-[1-(4-piperonyl)piperazinyl]benzothiazole,5IS0,521,-6.965
lenvatinib,5IS0,522,-6.963
pibenzimol,5IS0,523,-6.963
YC-1,5IS0,524,-6.963
raltegravir,5IS0,525,-6.961
oglemilast,5IS0,526,-6.957
GPR120-modulator-1,5IS0,527,-6.954
CCG-63808,5IS0,528,-6.954
JTE-907,5IS0,529,-6.952
BI-D1870,5IS0,530,-6.943
Ro-5126766,5IS0,531,-6.942
GSK2194069,5IS0,532,-6.94
danusertib,5IS0,533,-6.937
azilsartan,5IS0,534,-6.936
D-4476,5IS0,535,-6.928
azilsartan,5IS0,536,-6.917
volasertib,5IS0,537,-6.917
cefpiramide,5IS0,538,-6.917
piboserod,5IS0,539,-6.915
altiratinib,5IS0,540,-6.913
SKI-II,5IS0,541,-6.913
efatutazone,5IS0,542,-6.908
YM-201636,5IS0,543,-6.906
L-168049,5IS0,544,-6.902
sobetirome,5IS0,545,-6.894
LY225910,5IS0,546,-6.893
nefazodone,5IS0,547,-6.892
TWS-119,5IS0,548,-6.891
L-694247,5IS0,549,-6.889
dasabuvir,5IS0,550,-6.884
lapatinib,5IS0,551,-6.884
TGR-1202,5IS0,552,-6.883
isradipine,5IS0,553,-6.883
ibrutinib,5IS0,554,-6.877
merimepodib,5IS0,555,-6.876
garenoxacin,5IS0,556,-6.876
avanafil,5IS0,557,-6.875
altiratinib,5IS0,558,-6.875
PPY-A,5IS0,559,-6.873
XMD17-109,5IS0,560,-6.87
ML167,5IS0,561,-6.869
pibenzimol,5IS0,562,-6.866
CX-4945,5IS0,563,-6.866
TC-F-2,5IS0,564,-6.866
genz-644282,5IS0,565,-6.863
isradipine,5IS0,566,-6.863
KRN-633,5IS0,567,-6.861
AZM-475271,5IS0,568,-6.859
NMS-P715,5IS0,569,-6.858
TG-100801,5IS0,570,-6.856
barasertib-HQPA,5IS0,571,-6.853
Q-203,5IS0,572,-6.853
volasertib,5IS0,573,-6.851
XL-647,5IS0,574,-6.85
PCI-29732,5IS0,575,-6.849
VX-11e,5IS0,576,-6.848
stemregenin-1,5IS0,577,-6.847
D-4476,5IS0,578,-6.846
A-887826,5IS0,579,-6.844
ketoconazole,5IS0,580,-6.843
DSR-6434,5IS0,581,-6.842
TGR-1202,5IS0,582,-6.841
CUDC-427,5IS0,583,-6.84
BI-224436,5IS0,584,-6.836
AZM-475271,5IS0,585,-6.836
AZD4547,5IS0,586,-6.828
SB-431542,5IS0,587,-6.826
raltegravir,5IS0,588,-6.826
GW-1929,5IS0,589,-6.825
napabucasin,5IS0,590,-6.824
KD025,5IS0,591,-6.822
PPY-A,5IS0,592,-6.819
loxapine,5IS0,593,-6.818
dasabuvir,5IS0,594,-6.818
vandetanib,5IS0,595,-6.817
telatinib,5IS0,596,-6.815
PF-4800567,5IS0,597,-6.811
DCC-2618,5IS0,598,-6.811
KD025,5IS0,599,-6.81
monastrol,5IS0,600,-6.81
erlotinib,5IS0,601,-6.809
AVN-944,5IS0,602,-6.809
alisertib,5IS0,603,-6.802
L-168049,5IS0,604,-6.801
XMD17-109,5IS0,605,-6.801
napabucasin,5IS0,606,-6.799
merimepodib,5IS0,607,-6.797
mepacrine,5IS0,608,-6.793
MRS-1220,5IS0,609,-6.791
purmorphamine,5IS0,610,-6.791
ZM-241385,5IS0,611,-6.79
sobetirome,5IS0,612,-6.789
cefpiramide,5IS0,613,-6.789
posaconazole,5IS0,614,-6.785
nefazodone,5IS0,615,-6.785
alisertib,5IS0,616,-6.785
ZM-323881,5IS0,617,-6.78
BI-D1870,5IS0,618,-6.78
VU-152100,5IS0,619,-6.778
loxapine,5IS0,620,-6.777
VER-155008,5IS0,621,-6.772
stemregenin-1,5IS0,622,-6.77
brivanib,5IS0,623,-6.769
CUDC-907,5IS0,624,-6.769
ibrutinib,5IS0,625,-6.766
genz-644282,5IS0,626,-6.764
NMS-P715,5IS0,627,-6.762
sofosbuvir,5IS0,628,-6.761
GSK1838705A,5IS0,629,-6.76
Q-203,5IS0,630,-6.76
BMS-536924,5IS0,631,-6.759
azasetron,5IS0,632,-6.759
TGR-1202,5IS0,633,-6.759
XL-647,5IS0,634,-6.755
betrixaban,5IS0,635,-6.754
sofosbuvir,5IS0,636,-6.753
barasertib-HQPA,5IS0,637,-6.752
SANT-2,5IS0,638,-6.746
MK-1775,5IS0,639,-6.742
TAK-285,5IS0,640,-6.742
ZM-447439,5IS0,641,-6.741
finafloxacin,5IS0,642,-6.737
alisertib,5IS0,643,-6.736
pibenzimol,5IS0,644,-6.736
monastrol,5IS0,645,-6.732
PI-103,5IS0,646,-6.728
VX-11e,5IS0,647,-6.724
SKI-II,5IS0,648,-6.722
pranlukast,5IS0,649,-6.721
GW-803430,5IS0,650,-6.721
ML167,5IS0,651,-6.72
ZM-241385,5IS0,652,-6.719
AMG-517,5IS0,653,-6.719
sorafenib,5IS0,654,-6.713
prazosin,5IS0,655,-6.71
CUDC-427,5IS0,656,-6.71
pirenoxine,5IS0,657,-6.708
TAK-285,5IS0,658,-6.706
BAY-61-3606,5IS0,659,-6.705
XL-647,5IS0,660,-6.704
merimepodib,5IS0,661,-6.703
monastrol,5IS0,662,-6.702
azeliragon,5IS0,663,-6.697
XL-647,5IS0,664,-6.697
AVN-944,5IS0,665,-6.692
CYM-5442,5IS0,666,-6.688
garenoxacin,5IS0,667,-6.687
A-674563,5IS0,668,-6.687
barasertib,5IS0,669,-6.686
apabetalone,5IS0,670,-6.685
PIM-1-Inhibitor-2,5IS0,671,-6.685
PFI-4,5IS0,672,-6.685
SC-51089,5IS0,673,-6.683
rociletinib,5IS0,674,-6.68
CUDC-907,5IS0,675,-6.679
TG-02,5IS0,676,-6.678
PCI-29732,5IS0,677,-6.677
WZ4003,5IS0,678,-6.675
ONO-4059,5IS0,679,-6.673
prazosin,5IS0,680,-6.673
L-168049,5IS0,681,-6.672
AVN-944,5IS0,682,-6.669
flavin-adenine-dinucleotide,5IS0,683,-6.669
JTE-907,5IS0,684,-6.668
vipadenant,5IS0,685,-6.667
cevipabulin,5IS0,686,-6.666
teniposide,5IS0,687,-6.661
ARQ-621,5IS0,688,-6.658
stemregenin-1,5IS0,689,-6.656
NMS-P715,5IS0,690,-6.65
warfarin,5IS0,691,-6.646
riodipine,5IS0,692,-6.645
isradipine,5IS0,693,-6.645
GSK1904529A,5IS0,694,-6.644
toltrazuril,5IS0,695,-6.644
capadenoson,5IS0,696,-6.643
icotinib,5IS0,697,-6.637
RBC8,5IS0,698,-6.637
PSI-7976,5IS0,699,-6.636
pibenzimol,5IS0,700,-6.635
TMC-353121,5IS0,701,-6.634
GDC-0623,5IS0,702,-6.633
stemregenin-1,5IS0,703,-6.631
elvitegravir,5IS0,704,-6.63
olmesartan-medoxomil,5IS0,705,-6.623
tosufloxacin,5IS0,706,-6.622
CP-724714,5IS0,707,-6.621
XL-647,5IS0,708,-6.617
warfarin,5IS0,709,-6.617
BMY-45778,5IS0,710,-6.617
SB-334867,5IS0,711,-6.614
ML167,5IS0,712,-6.613
TGR-1202,5IS0,713,-6.612
RBC8,5IS0,714,-6.612
AZD8186,5IS0,715,-6.61
TMC-353121,5IS0,716,-6.609
lapatinib,5IS0,717,-6.607
lemborexant,5IS0,718,-6.606
CX-4945,5IS0,719,-6.603
oglemilast,5IS0,720,-6.603
dasabuvir,5IS0,721,-6.602
AZD3463,5IS0,722,-6.602
neurodazine,5IS0,723,-6.599
BMS-265246,5IS0,724,-6.598
oglemilast,5IS0,725,-6.597
CUDC-101,5IS0,726,-6.595
vandetanib,5IS0,727,-6.594
AZM-475271,5IS0,728,-6.592
TAK-285,5IS0,729,-6.592
pranlukast,5IS0,730,-6.591
TC-N-1752,5IS0,731,-6.589
10-hydroxycamptothecin,5IS0,732,-6.589
sofosbuvir,5IS0,733,-6.588
goserelin-acetate,5IS0,734,-6.588
oglemilast,5IS0,735,-6.587
SANT-2,5IS0,736,-6.586
NVP-BGJ398,5IS0,737,-6.585
PFI-4,5IS0,738,-6.581
SB-431542,5IS0,739,-6.575
doramapimod,5IS0,740,-6.575
merimepodib,5IS0,741,-6.575
D-4476,5IS0,742,-6.574
Mps1-IN-1,5IS0,743,-6.573
CCG-63808,5IS0,744,-6.572
zolantidine,5IS0,745,-6.572
olmesartan-medoxomil,5IS0,746,-6.571
NMS-P715,5IS0,747,-6.568
DCC-2618,5IS0,748,-6.567
NVP-BGJ398,5IS0,749,-6.565
rebastinib,5IS0,750,-6.564
G007-LK,5IS0,751,-6.561
SKI-II,5IS0,752,-6.561
VX-11e,5IS0,753,-6.559
MLN0128,5IS0,754,-6.557
elvitegravir,5IS0,755,-6.554
avatrombopag,5IS0,756,-6.547
CUDC-101,5IS0,757,-6.545
PFI-4,5IS0,758,-6.543
GSK2194069,5IS0,759,-6.543
AZD8186,5IS0,760,-6.542
ZM-241385,5IS0,761,-6.541
NVP-HSP990,5IS0,762,-6.54
TG-100801,5IS0,763,-6.54
paliperidone,5IS0,764,-6.538
lapatinib,5IS0,765,-6.535
lapatinib,5IS0,766,-6.534
SC-51089,5IS0,767,-6.532
TAK-593,5IS0,768,-6.531
efatutazone,5IS0,769,-6.53
talnetant,5IS0,770,-6.526
piribedil,5IS0,771,-6.521
tivozanib,5IS0,772,-6.52
AVL-292,5IS0,773,-6.519
raltegravir,5IS0,774,-6.516
BI-D1870,5IS0,775,-6.516
CUDC-427,5IS0,776,-6.514
BMS-690514,5IS0,777,-6.512
RS-100329,5IS0,778,-6.511
LY266097,5IS0,779,-6.51
AZD3759,5IS0,780,-6.506
nefazodone,5IS0,781,-6.506
golvatinib,5IS0,782,-6.505
ZM-447439,5IS0,783,-6.504
NBI-74330-(+_-),5IS0,784,-6.501
CYT-997,5IS0,785,-6.501
SN-38,5IS0,786,-6.5
Ro-5126766,5IS0,787,-6.499
spiroxatrine,5IS0,788,-6.498
GSK2194069,5IS0,789,-6.496
G007-LK,5IS0,790,-6.495
PFI-4,5IS0,791,-6.493
GW-405833,5IS0,792,-6.491
garenoxacin,5IS0,793,-6.49
teniposide,5IS0,794,-6.487
crizotinib-(S),5IS0,795,-6.487
oglemilast,5IS0,796,-6.483
VU-152100,5IS0,797,-6.48
SID-7969543,5IS0,798,-6.479
CW-008,5IS0,799,-6.478
BIBN4096,5IS0,800,-6.476
GPR120-modulator-1,5IS0,801,-6.471
NKY-80,5IS0,802,-6.47
metazosin,5IS0,803,-6.469
CGP-20712A,5IS0,804,-6.467
GSK2194069,5IS0,805,-6.466
doxazosin,5IS0,806,-6.465
TG-02,5IS0,807,-6.465
10-hydroxycamptothecin,5IS0,808,-6.464
DCC-2618,5IS0,809,-6.461
PCI-29732,5IS0,810,-6.461
NBI-74330-(+_-),5IS0,811,-6.46
KT-433,5IS0,812,-6.46
2-[1-(4-piperonyl)piperazinyl]benzothiazole,5IS0,813,-6.459
pelitinib,5IS0,814,-6.459
PPY-A,5IS0,815,-6.457
PF-8380,5IS0,816,-6.456
barasertib-HQPA,5IS0,817,-6.456
vipadenant,5IS0,818,-6.455
itraconazole,5IS0,819,-6.455
XL-647,5IS0,820,-6.451
AZD3759,5IS0,821,-6.451
trametinib,5IS0,822,-6.449
olmesartan-medoxomil,5IS0,823,-6.449
TMC-353121,5IS0,824,-6.447
NMS-P715,5IS0,825,-6.444
CW-008,5IS0,826,-6.438
hemoglobin-modulators-1,5IS0,827,-6.437
EMD-1214063,5IS0,828,-6.434
balaglitazone,5IS0,829,-6.429
vandetanib,5IS0,830,-6.427
GW-1929,5IS0,831,-6.427
APD597,5IS0,832,-6.423
HA-14-1,5IS0,833,-6.422
risperidone,5IS0,834,-6.422
ceftaroline-fosamil,5IS0,835,-6.419
azeliragon,5IS0,836,-6.419
RBC8,5IS0,837,-6.418
WZ-3146,5IS0,838,-6.415
genz-644282,5IS0,839,-6.413
TAK-285,5IS0,840,-6.411
pirodavir,5IS0,841,-6.408
APD597,5IS0,842,-6.407
RS-504393,5IS0,843,-6.406
BMS-777607,5IS0,844,-6.402
PPY-A,5IS0,845,-6.4
avatrombopag,5IS0,846,-6.399
KRN-633,5IS0,847,-6.397
pibenzimol,5IS0,848,-6.397
AZD3514,5IS0,849,-6.397
barasertib-HQPA,5IS0,850,-6.396
NBI-74330-(+_-),5IS0,851,-6.396
CUDC-427,5IS0,852,-6.394
BI-D1870,5IS0,853,-6.393
nefazodone,5IS0,854,-6.391
itraconazole,5IS0,855,-6.391
Mps1-IN-1,5IS0,856,-6.389
altiratinib,5IS0,857,-6.385
barasertib-HQPA,5IS0,858,-6.382
ML167,5IS0,859,-6.382
BMS-806,5IS0,860,-6.381
canertinib,5IS0,861,-6.379
tosufloxacin,5IS0,862,-6.377
ibrutinib,5IS0,863,-6.375
AMG-337,5IS0,864,-6.375
BLU9931,5IS0,865,-6.372
TMC-353121,5IS0,866,-6.371
pibenzimol,5IS0,867,-6.369
AVN-944,5IS0,868,-6.369
APD597,5IS0,869,-6.368
SGI-1776,5IS0,870,-6.367
ONO-4059,5IS0,871,-6.366
AMG-487-(+_-),5IS0,872,-6.365
ibrutinib,5IS0,873,-6.364
LY266097,5IS0,874,-6.362
SC-51089,5IS0,875,-6.36
CUDC-907,5IS0,876,-6.359
CW-008,5IS0,877,-6.356
ZM-447439,5IS0,878,-6.354
CCG-63808,5IS0,879,-6.352
GW-803430,5IS0,880,-6.35
NDT-9513727,5IS0,881,-6.35
CYM-50260,5IS0,882,-6.349
LY266097,5IS0,883,-6.349
altiratinib,5IS0,884,-6.348
2-[1-(4-piperonyl)piperazinyl]benzothiazole,5IS0,885,-6.344
APcK-110,5IS0,886,-6.344
fruquintinib,5IS0,887,-6.343
SID-7969543,5IS0,888,-6.343
tivozanib,5IS0,889,-6.342
A-939572,5IS0,890,-6.339
PF-04620110,5IS0,891,-6.338
SB-202190,5IS0,892,-6.338
VE-822,5IS0,893,-6.337
taranabant,5IS0,894,-6.334
verubulin,5IS0,895,-6.334
trovafloxacin,5IS0,896,-6.332
tosufloxacin,5IS0,897,-6.323
KL-001,5IS0,898,-6.322
preladenant,5IS0,899,-6.32
oglemilast,5IS0,900,-6.32
posaconazole,5IS0,901,-6.318
SID-7969543,5IS0,902,-6.316
NDT-9513727,5IS0,903,-6.315
tyrphostin-AG-1478,5IS0,904,-6.315
JNJ-27141491,5IS0,905,-6.313
AZM-475271,5IS0,906,-6.312
paliperidone,5IS0,907,-6.311
volasertib,5IS0,908,-6.31
raltegravir,5IS0,909,-6.31
CCG-63808,5IS0,910,-6.308
meclinertant,5IS0,911,-6.307
danirixin,5IS0,912,-6.307
TMC-353121,5IS0,913,-6.303
10-hydroxycamptothecin,5IS0,914,-6.3
azeliragon,5IS0,915,-6.3
ibrutinib,5IS0,916,-6.3
rociletinib,5IS0,917,-6.299
sorafenib,5IS0,918,-6.299
VX-11e,5IS0,919,-6.297
LY2784544,5IS0,920,-6.297
AZM-475271,5IS0,921,-6.295
AZD3463,5IS0,922,-6.294
AV-412,5IS0,923,-6.292
PFI-4,5IS0,924,-6.292
puromycin,5IS0,925,-6.291
TAK-285,5IS0,926,-6.29
rociletinib,5IS0,927,-6.289
YC-1,5IS0,928,-6.289
SB-202190,5IS0,929,-6.288
YC-1,5IS0,930,-6.288
ceritinib,5IS0,931,-6.288
TGR-1202,5IS0,932,-6.286
raltegravir,5IS0,933,-6.286
CYM-50260,5IS0,934,-6.283
HA-14-1,5IS0,935,-6.283
doxazosin,5IS0,936,-6.278
2-[1-(4-piperonyl)piperazinyl]benzothiazole,5IS0,937,-6.276
regorafenib,5IS0,938,-6.275
saracatinib,5IS0,939,-6.275
CCT137690,5IS0,940,-6.274
raltegravir,5IS0,941,-6.272
TAK-285,5IS0,942,-6.27
raltegravir,5IS0,943,-6.27
vandetanib,5IS0,944,-6.268
A-939572,5IS0,945,-6.267
gefitinib,5IS0,946,-6.264
ML167,5IS0,947,-6.264
GTP-14564,5IS0,948,-6.26
brivanib-alaninate,5IS0,949,-6.26
SID-7969543,5IS0,950,-6.26
SGI-1776,5IS0,951,-6.259
SCH-51344,5IS0,952,-6.257
bay-60-7550,5IS0,953,-6.257
2-[1-(4-piperonyl)piperazinyl]benzothiazole,5IS0,954,-6.255
SN-38,5IS0,955,-6.255
WZ4003,5IS0,956,-6.255
nefazodone,5IS0,957,-6.254
SCH-51344,5IS0,958,-6.253
WHI-P154,5IS0,959,-6.252
YC-1,5IS0,960,-6.252
PF-04937319,5IS0,961,-6.251
PIM-1-Inhibitor-2,5IS0,962,-6.247
lapatinib,5IS0,963,-6.246
PPY-A,5IS0,964,-6.246
CP-724714,5IS0,965,-6.242
raltegravir,5IS0,966,-6.234
BMS-599626,5IS0,967,-6.231
YC-1,5IS0,968,-6.23
cardionogen-1,5IS0,969,-6.225
telatinib,5IS0,970,-6.223
isradipine,5IS0,971,-6.222
NDT-9513727,5IS0,972,-6.217
canertinib,5IS0,973,-6.217
ML347,5IS0,974,-6.213
PTC-209,5IS0,975,-6.213
TC-F-2,5IS0,976,-6.212
3-MPPI,5IS0,977,-6.211
metazosin,5IS0,978,-6.211
BMS-265246,5IS0,979,-6.211
tosufloxacin,5IS0,980,-6.205
10-hydroxycamptothecin,5IS0,981,-6.204
olmesartan-medoxomil,5IS0,982,-6.202
CYT-997,5IS0,983,-6.2
puromycin,5IS0,984,-6.199
crizotinib-(S),5IS0,985,-6.198
XMD17-109,5IS0,986,-6.196
ravoxertinib,5IS0,987,-6.195
EED226,5IS0,988,-6.194
NDT-9513727,5IS0,989,-6.193
A-839977,5IS0,990,-6.191
neratinib,5IS0,991,-6.19
NK-252,5IS0,992,-6.19
gabazine,5IS0,993,-6.189
CPCCOEt,5IS0,994,-6.182
hemoglobin-modulators-1,5IS0,995,-6.181
droxicam,5IS0,996,-6.177
AZD9272,5IS0,997,-6.176
Mps1-IN-1,5IS0,998,-6.176
SID-7969543,5IS0,999,-6.175
Mps1-IN-1,5IS0,1000,-6.171
olmesartan-medoxomil,5IS0,1001,-6.17
GNF-5837,5IS0,1002,-6.167
CUDC-427,5IS0,1003,-6.166
WZ4003,5IS0,1004,-6.166
elagolix,5IS0,1005,-6.164
ML167,5IS0,1006,-6.161
CUDC-427,5IS0,1007,-6.16
CCG-63802,5IS0,1008,-6.158
furaltadone,5IS0,1009,-6.156
ARV-825,5IS0,1010,-6.154
BQU57,5IS0,1011,-6.154
raltegravir,5IS0,1012,-6.153
trovafloxacin,5IS0,1013,-6.152
crizotinib,5IS0,1014,-6.152
triclabendazole,5IS0,1015,-6.152
PP242,5IS0,1016,-6.149
tezacaftor,5IS0,1017,-6.148
crizotinib-(S),5IS0,1018,-6.147
lenvatinib,5IS0,1019,-6.144
barasertib-HQPA,5IS0,1020,-6.144
puromycin,5IS0,1021,-6.143
piclamilast,5IS0,1022,-6.142
KG-5,5IS0,1023,-6.139
mosapride,5IS0,1024,-6.136
altiratinib,5IS0,1025,-6.134
NMS-P715,5IS0,1026,-6.129
RBC8,5IS0,1027,-6.128
CUDC-427,5IS0,1028,-6.128
NBI-74330-(+_-),5IS0,1029,-6.127
PP242,5IS0,1030,-6.127
VE-822,5IS0,1031,-6.127
elagolix,5IS0,1032,-6.124
HER2-Inhibitor-1,5IS0,1033,-6.121
prazosin,5IS0,1034,-6.12
edaglitazone,5IS0,1035,-6.12
tezacaftor,5IS0,1036,-6.12
vandetanib,5IS0,1037,-6.118
ZM-447439,5IS0,1038,-6.117
WHI-P154,5IS0,1039,-6.114
nicergoline,5IS0,1040,-6.114
AZD3759,5IS0,1041,-6.112
ZK811752,5IS0,1042,-6.11
cisapride,5IS0,1043,-6.11
GSK2194069,5IS0,1044,-6.109
elagolix,5IS0,1045,-6.109
afatinib,5IS0,1046,-6.105
TMC-353121,5IS0,1047,-6.104
XMD8-92,5IS0,1048,-6.102
NDT-9513727,5IS0,1049,-6.102
mosapride,5IS0,1050,-6.102
olmesartan-medoxomil,5IS0,1051,-6.102
prazosin,5IS0,1052,-6.101
RKI-1447,5IS0,1053,-6.1
furaltadone,5IS0,1054,-6.099
SID-7969543,5IS0,1055,-6.097
PF-04937319,5IS0,1056,-6.093
BMS-536924,5IS0,1057,-6.092
CYT-997,5IS0,1058,-6.092
barasertib,5IS0,1059,-6.092
doxazosin,5IS0,1060,-6.091
ceftaroline-fosamil,5IS0,1061,-6.091
MK-6096,5IS0,1062,-6.088
10-hydroxycamptothecin,5IS0,1063,-6.087
SB-505124,5IS0,1064,-6.087
GDC-0623,5IS0,1065,-6.085
NDT-9513727,5IS0,1066,-6.085
canertinib,5IS0,1067,-6.082
brivanib,5IS0,1068,-6.081
NVP-HSP990,5IS0,1069,-6.08
fruquintinib,5IS0,1070,-6.079
KD025,5IS0,1071,-6.079
vandetanib,5IS0,1072,-6.077
GW-1929,5IS0,1073,-6.075
pyrintegrin,5IS0,1074,-6.074
GNF-5,5IS0,1075,-6.072
CUDC-907,5IS0,1076,-6.072
triclabendazole,5IS0,1077,-6.069
GSK1838705A,5IS0,1078,-6.067
MK-1775,5IS0,1079,-6.063
SN-38,5IS0,1080,-6.062
CID-16020046,5IS0,1081,-6.062
genz-644282,5IS0,1082,-6.061
SB-334867,5IS0,1083,-6.06
lafutidine,5IS0,1084,-6.058
pexmetinib,5IS0,1085,-6.057
ZM-306416,5IS0,1086,-6.056
SB-216641,5IS0,1087,-6.055
barasertib,5IS0,1088,-6.053
nefazodone,5IS0,1089,-6.053
VER-49009,5IS0,1090,-6.05
SCH-51344,5IS0,1091,-6.05
danusertib,5IS0,1092,-6.047
BMS-536924,5IS0,1093,-6.044
T-0156,5IS0,1094,-6.044
cevipabulin,5IS0,1095,-6.043
neurodazine,5IS0,1096,-6.041
FG-4592,5IS0,1097,-6.039
APcK-110,5IS0,1098,-6.039
AI-10-49,5IS0,1099,-6.037
BMS-599626,5IS0,1100,-6.037
TAK-285,5IS0,1101,-6.036
tienilic-acid,5IS0,1102,-6.033
CW-008,5IS0,1103,-6.032
furaltadone,5IS0,1104,-6.032
prazosin,5IS0,1105,-6.03
GW-6471,5IS0,1106,-6.027
PF-04457845,5IS0,1107,-6.027
JNJ-27141491,5IS0,1108,-6.025
vandetanib,5IS0,1109,-6.021
PF-04937319,5IS0,1110,-6.02
CPI-169,5IS0,1111,-6.017
SKI-II,5IS0,1112,-6.015
talnetant,5IS0,1113,-6.012
PF-06463922,5IS0,1114,-6.009
GKA-50,5IS0,1115,-6.008
cevipabulin,5IS0,1116,-6.006
SB-590885,5IS0,1117,-6.005
neratinib,5IS0,1118,-6.005
amodiaquine,5IS0,1119,-6.004
amodiaquine,5IS0,1120,-6.001
golvatinib,5IS0,1121,-6
tariquidar,5IS0,1122,-5.998
AVN-944,5IS0,1123,-5.996
avanafil,5IS0,1124,-5.994
NMS-E973,5IS0,1125,-5.993
PPY-A,5IS0,1126,-5.992
barasertib-HQPA,5IS0,1127,-5.99
SB-202190,5IS0,1128,-5.99
efatutazone,5IS0,1129,-5.989
AZD9272,5IS0,1130,-5.989
TAK-285,5IS0,1131,-5.988
volasertib,5IS0,1132,-5.988
CUDC-427,5IS0,1133,-5.987
WZ-4002,5IS0,1134,-5.984
telatinib,5IS0,1135,-5.983
G007-LK,5IS0,1136,-5.983
CPCCOEt,5IS0,1137,-5.982
elvitegravir,5IS0,1138,-5.981
RBC8,5IS0,1139,-5.981
SCH-28080,5IS0,1140,-5.979
copanlisib,5IS0,1141,-5.977
neratinib,5IS0,1142,-5.976
KI-8751,5IS0,1143,-5.975
CID-16020046,5IS0,1144,-5.975
bitopertin,5IS0,1145,-5.972
olmesartan-medoxomil,5IS0,1146,-5.972
azilsartan,5IS0,1147,-5.972
3-MPPI,5IS0,1148,-5.971
NMS-P715,5IS0,1149,-5.971
JW-74,5IS0,1150,-5.967
AI-10-49,5IS0,1151,-5.965
droxicam,5IS0,1152,-5.964
AMG900,5IS0,1153,-5.963
azasetron,5IS0,1154,-5.963
XMD8-92,5IS0,1155,-5.956
VU-0422288,5IS0,1156,-5.955
A-839977,5IS0,1157,-5.954
bosentan,5IS0,1158,-5.952
SRC-kinase-inhibitor-I,5IS0,1159,-5.952
itraconazole,5IS0,1160,-5.951
itraconazole,5IS0,1161,-5.951
ZM-306416,5IS0,1162,-5.948
CPCCOEt,5IS0,1163,-5.948
YC-1,5IS0,1164,-5.947
A-887826,5IS0,1165,-5.946
GW-6471,5IS0,1166,-5.944
XL388,5IS0,1167,-5.944
TBA-354,5IS0,1168,-5.943
TGR-1202,5IS0,1169,-5.942
SB-334867,5IS0,1170,-5.941
CPCCOEt,5IS0,1171,-5.94
BMS-536924,5IS0,1172,-5.94
XMD17-109,5IS0,1173,-5.938
cefpiramide,5IS0,1174,-5.937
furaltadone,5IS0,1175,-5.936
AZD3759,5IS0,1176,-5.935
PD-153035,5IS0,1177,-5.934
altiratinib,5IS0,1178,-5.934
BMS-536924,5IS0,1179,-5.93
preladenant,5IS0,1180,-5.929
ONO-4059,5IS0,1181,-5.927
LY266097,5IS0,1182,-5.926
droxicam,5IS0,1183,-5.921
PSB-603,5IS0,1184,-5.919
metatinib,5IS0,1185,-5.917
gefitinib,5IS0,1186,-5.916
NDT-9513727,5IS0,1187,-5.915
ZM-241385,5IS0,1188,-5.915
efatutazone,5IS0,1189,-5.915
FR-122047,5IS0,1190,-5.914
T-0156,5IS0,1191,-5.912
terazosin,5IS0,1192,-5.91
posaconazole,5IS0,1193,-5.91
ketoconazole,5IS0,1194,-5.909
azilsartan,5IS0,1195,-5.907
irinotecan,5IS0,1196,-5.906
BMS-599626,5IS0,1197,-5.904
BMS-265246,5IS0,1198,-5.901
trequinsin,5IS0,1199,-5.898
DCC-2618,5IS0,1200,-5.897
cevipabulin,5IS0,1201,-5.894
merimepodib,5IS0,1202,-5.894
selumetinib,5IS0,1203,-5.894
BMS-817378,5IS0,1204,-5.893
tosufloxacin,5IS0,1205,-5.892
AZD4547,5IS0,1206,-5.892
olmesartan-medoxomil,5IS0,1207,-5.891
trametinib,5IS0,1208,-5.887
bay-60-7550,5IS0,1209,-5.884
XMD17-109,5IS0,1210,-5.884
metatinib,5IS0,1211,-5.882
CPI-169,5IS0,1212,-5.881
CNX-774,5IS0,1213,-5.88
GW-843682X,5IS0,1214,-5.879
BI-D1870,5IS0,1215,-5.875
sorafenib,5IS0,1216,-5.872
ARQ-621,5IS0,1217,-5.869
GW-1929,5IS0,1218,-5.866
PD-153035,5IS0,1219,-5.865
mepacrine,5IS0,1220,-5.862
ML347,5IS0,1221,-5.86
barasertib,5IS0,1222,-5.859
ZK811752,5IS0,1223,-5.859
Mps1-IN-1,5IS0,1224,-5.858
ravoxertinib,5IS0,1225,-5.855
VER-49009,5IS0,1226,-5.853
SB-202190,5IS0,1227,-5.852
NKY-80,5IS0,1228,-5.851
TMC-353121,5IS0,1229,-5.851
GSK2190915,5IS0,1230,-5.848
TGR-1202,5IS0,1231,-5.847
BQU57,5IS0,1232,-5.847
gabazine,5IS0,1233,-5.846
WHI-P154,5IS0,1234,-5.846
CCT137690,5IS0,1235,-5.846
tosufloxacin,5IS0,1236,-5.846
KG-5,5IS0,1237,-5.846
SCH-28080,5IS0,1238,-5.845
merimepodib,5IS0,1239,-5.844
PF-8380,5IS0,1240,-5.844
bitopertin,5IS0,1241,-5.843
BLU9931,5IS0,1242,-5.842
GSK2190915,5IS0,1243,-5.841
NBI-74330-(+_-),5IS0,1244,-5.841
DMH1,5IS0,1245,-5.838
ZCL-278,5IS0,1246,-5.838
canertinib,5IS0,1247,-5.838
tyrphostin-AG-1478,5IS0,1248,-5.834
Mps1-IN-1,5IS0,1249,-5.833
merimepodib,5IS0,1250,-5.832
riociguat,5IS0,1251,-5.831
LY2874455,5IS0,1252,-5.829
CCT137690,5IS0,1253,-5.828
GSK2801,5IS0,1254,-5.825
bitopertin,5IS0,1255,-5.825
CPCCOEt,5IS0,1256,-5.824
JNJ-27141491,5IS0,1257,-5.823
LY2784544,5IS0,1258,-5.82
GW-843682X,5IS0,1259,-5.818
10-hydroxycamptothecin,5IS0,1260,-5.818
irinotecan,5IS0,1261,-5.817
BLU9931,5IS0,1262,-5.816
RG1530,5IS0,1263,-5.815
NIDA-41020,5IS0,1264,-5.813
cefpiramide,5IS0,1265,-5.812
CUDC-101,5IS0,1266,-5.812
phenprocoumon,5IS0,1267,-5.808
GW-405833,5IS0,1268,-5.806
JW-74,5IS0,1269,-5.802
CTEP,5IS0,1270,-5.801
SCH-28080,5IS0,1271,-5.798
NIDA-41020,5IS0,1272,-5.794
PF-04691502,5IS0,1273,-5.792
NKY-80,5IS0,1274,-5.784
BMS-536924,5IS0,1275,-5.783
isradipine,5IS0,1276,-5.783
tyrphostin-AG-1478,5IS0,1277,-5.781
fenofibrate,5IS0,1278,-5.776
G007-LK,5IS0,1279,-5.773
GW-6471,5IS0,1280,-5.772
CID-16020046,5IS0,1281,-5.77
BMS-265246,5IS0,1282,-5.77
CCT137690,5IS0,1283,-5.77
JNJ-27141491,5IS0,1284,-5.769
SID-7969543,5IS0,1285,-5.768
isradipine,5IS0,1286,-5.762
TFC-007,5IS0,1287,-5.761
ZM-306416,5IS0,1288,-5.76
AV-412,5IS0,1289,-5.76
UNC0638,5IS0,1290,-5.758
GW-405833,5IS0,1291,-5.757
trequinsin,5IS0,1292,-5.757
tyrphostin-AG-1478,5IS0,1293,-5.757
brivanib-alaninate,5IS0,1294,-5.756
olmesartan-medoxomil,5IS0,1295,-5.755
amuvatinib,5IS0,1296,-5.754
AZD4547,5IS0,1297,-5.748
deltarasin,5IS0,1298,-5.748
eact,5IS0,1299,-5.747
trequinsin,5IS0,1300,-5.745
amtolmetin-guacil,5IS0,1301,-5.744
PF-8380,5IS0,1302,-5.741
piboserod,5IS0,1303,-5.738
G007-LK,5IS0,1304,-5.736
CTEP,5IS0,1305,-5.736
taranabant,5IS0,1306,-5.736
fenofibric-acid,5IS0,1307,-5.735
lenvatinib,5IS0,1308,-5.735
bay-60-7550,5IS0,1309,-5.735
GW-1929,5IS0,1310,-5.734
nicergoline,5IS0,1311,-5.733
TFC-007,5IS0,1312,-5.733
afatinib,5IS0,1313,-5.731
mosapride,5IS0,1314,-5.731
CW-008,5IS0,1315,-5.73
talnetant,5IS0,1316,-5.73
NU-1025,5IS0,1317,-5.727
ZK811752,5IS0,1318,-5.726
GW-6471,5IS0,1319,-5.724
CID-16020046,5IS0,1320,-5.72
crizotinib-(S),5IS0,1321,-5.72
TAK-593,5IS0,1322,-5.719
GSK269962,5IS0,1323,-5.719
GSK269962,5IS0,1324,-5.719
crizotinib-(S),5IS0,1325,-5.718
piclamilast,5IS0,1326,-5.718
ZK811752,5IS0,1327,-5.717
AZD4547,5IS0,1328,-5.715
AI-10-49,5IS0,1329,-5.714
CCG-63808,5IS0,1330,-5.711
ZM-306416,5IS0,1331,-5.711
SCH-28080,5IS0,1332,-5.708
balaglitazone,5IS0,1333,-5.706
barasertib-HQPA,5IS0,1334,-5.706
cardiogenol-c,5IS0,1335,-5.704
VU-152100,5IS0,1336,-5.703
raltegravir,5IS0,1337,-5.701
BMS-806,5IS0,1338,-5.701
SB-505124,5IS0,1339,-5.697
OTS167,5IS0,1340,-5.693
XMD17-109,5IS0,1341,-5.686
RBC8,5IS0,1342,-5.686
CX-4945,5IS0,1343,-5.685
triclabendazole,5IS0,1344,-5.683
G007-LK,5IS0,1345,-5.683
vilazodone,5IS0,1346,-5.682
ZM-306416,5IS0,1347,-5.681
TAK-593,5IS0,1348,-5.681
edaglitazone,5IS0,1349,-5.68
SCH-28080,5IS0,1350,-5.679
bitopertin,5IS0,1351,-5.678
OTX015,5IS0,1352,-5.674
GW-1929,5IS0,1353,-5.674
BCI-540,5IS0,1354,-5.672
azasetron,5IS0,1355,-5.671
donitriptan,5IS0,1356,-5.67
fruquintinib,5IS0,1357,-5.67
CPCCOEt,5IS0,1358,-5.67
droxicam,5IS0,1359,-5.668
astemizole,5IS0,1360,-5.666
RS-504393,5IS0,1361,-5.666
YM-201636,5IS0,1362,-5.664
fruquintinib,5IS0,1363,-5.663
furaltadone,5IS0,1364,-5.663
XMD8-92,5IS0,1365,-5.663
flucloxacillin,5IS0,1366,-5.662
bay-60-7550,5IS0,1367,-5.661
BIX-01294,5IS0,1368,-5.66
neurodazine,5IS0,1369,-5.66
BMS-265246,5IS0,1370,-5.659
TMC-353121,5IS0,1371,-5.658
brivanib,5IS0,1372,-5.658
flavin-adenine-dinucleotide,5IS0,1373,-5.655
cardiogenol-c,5IS0,1374,-5.654
brivanib,5IS0,1375,-5.654
GW-405833,5IS0,1376,-5.647
bay-60-7550,5IS0,1377,-5.644
poziotinib,5IS0,1378,-5.644
ZK811752,5IS0,1379,-5.642
cevipabulin,5IS0,1380,-5.638
DCC-2618,5IS0,1381,-5.637
efatutazone,5IS0,1382,-5.635
BMS-536924,5IS0,1383,-5.635
LY2603618,5IS0,1384,-5.635
crizotinib-(S),5IS0,1385,-5.634
tozadenant,5IS0,1386,-5.633
HA-14-1,5IS0,1387,-5.63
danirixin,5IS0,1388,-5.629
WZ4003,5IS0,1389,-5.628
GSK2190915,5IS0,1390,-5.628
AVN-944,5IS0,1391,-5.626
ONO-4059,5IS0,1392,-5.626
zolantidine,5IS0,1393,-5.623
itraconazole,5IS0,1394,-5.622
brivanib,5IS0,1395,-5.622
trametinib,5IS0,1396,-5.622
imiloxan,5IS0,1397,-5.618
TAK-285,5IS0,1398,-5.618
barasertib-HQPA,5IS0,1399,-5.616
WHI-P154,5IS0,1400,-5.616
tozadenant,5IS0,1401,-5.616
XL-647,5IS0,1402,-5.614
bosentan,5IS0,1403,-5.61
MK-5108,5IS0,1404,-5.608
SCH-51344,5IS0,1405,-5.607
GW-1100,5IS0,1406,-5.604
uprosertib,5IS0,1407,-5.602
PF-8380,5IS0,1408,-5.602
AZ5104,5IS0,1409,-5.601
pyrintegrin,5IS0,1410,-5.594
pyrintegrin,5IS0,1411,-5.594
brivanib,5IS0,1412,-5.592
GW-405833,5IS0,1413,-5.591
NK-252,5IS0,1414,-5.589
PTC-209,5IS0,1415,-5.587
amuvatinib,5IS0,1416,-5.583
brivanib-alaninate,5IS0,1417,-5.583
rebastinib,5IS0,1418,-5.58
DMH4,5IS0,1419,-5.579
KU-60019,5IS0,1420,-5.576
MK-2048,5IS0,1421,-5.573
amuvatinib,5IS0,1422,-5.573
GW-1929,5IS0,1423,-5.573
trovafloxacin,5IS0,1424,-5.572
piclamilast,5IS0,1425,-5.572
AI-10-49,5IS0,1426,-5.568
RKI-1447,5IS0,1427,-5.564
NKY-80,5IS0,1428,-5.564
DCC-2618,5IS0,1429,-5.563
maytansinol-isobutyrate,5IS0,1430,-5.562
ZM-306416,5IS0,1431,-5.56
ZM-323881,5IS0,1432,-5.56
isradipine,5IS0,1433,-5.557
HA-14-1,5IS0,1434,-5.555
JW-74,5IS0,1435,-5.554
VU-0422288,5IS0,1436,-5.549
GW-1929,5IS0,1437,-5.547
OSI-027,5IS0,1438,-5.544
dicloxacillin,5IS0,1439,-5.542
PIM-1-Inhibitor-2,5IS0,1440,-5.542
metatinib,5IS0,1441,-5.541
NU-1025,5IS0,1442,-5.539
gabazine,5IS0,1443,-5.538
cilostazol,5IS0,1444,-5.537
AZ3146,5IS0,1445,-5.536
simeprevir,5IS0,1446,-5.535
verubulin,5IS0,1447,-5.535
TFC-007,5IS0,1448,-5.533
tivozanib,5IS0,1449,-5.532
CPCCOEt,5IS0,1450,-5.53
SRC-kinase-inhibitor-I,5IS0,1451,-5.529
CID-16020046,5IS0,1452,-5.525
BMS-777607,5IS0,1453,-5.524
danirixin,5IS0,1454,-5.521
gilteritinib,5IS0,1455,-5.519
bitopertin,5IS0,1456,-5.516
amuvatinib,5IS0,1457,-5.514
hemoglobin-modulators-1,5IS0,1458,-5.512
RS-100329,5IS0,1459,-5.509
SID-7969543,5IS0,1460,-5.506
olmutinib,5IS0,1461,-5.505
PF-8380,5IS0,1462,-5.505
PF-04457845,5IS0,1463,-5.505
TAK-285,5IS0,1464,-5.501
elvitegravir,5IS0,1465,-5.499
OSI-027,5IS0,1466,-5.492
cevipabulin,5IS0,1467,-5.49
H2L-5765834,5IS0,1468,-5.49
isradipine,5IS0,1469,-5.489
YM-201636,5IS0,1470,-5.488
NMS-E973,5IS0,1471,-5.487
cevipabulin,5IS0,1472,-5.485
SID-7969543,5IS0,1473,-5.485
VU-0422288,5IS0,1474,-5.485
nicergoline,5IS0,1475,-5.482
brivanib,5IS0,1476,-5.482
apixaban,5IS0,1477,-5.481
ML314,5IS0,1478,-5.481
KD025,5IS0,1479,-5.48
brivanib,5IS0,1480,-5.476
SCH-28080,5IS0,1481,-5.475
JNJ-42041935,5IS0,1482,-5.474
paliperidone,5IS0,1483,-5.473
gilteritinib,5IS0,1484,-5.472
dorsomorphin,5IS0,1485,-5.471
H2L-5765834,5IS0,1486,-5.471
CTEP,5IS0,1487,-5.469
SCH-28080,5IS0,1488,-5.468
cediranib,5IS0,1489,-5.466
SB-334867,5IS0,1490,-5.465
OSI-027,5IS0,1491,-5.462
cefpiramide,5IS0,1492,-5.46
SB-216641,5IS0,1493,-5.458
PSI-7976,5IS0,1494,-5.457
simeprevir,5IS0,1495,-5.457
NMS-E973,5IS0,1496,-5.456
brivanib,5IS0,1497,-5.454
MK-6096,5IS0,1498,-5.452
LY2784544,5IS0,1499,-5.449
TWS-119,5IS0,1500,-5.449
selumetinib,5IS0,1501,-5.449
crizotinib,5IS0,1502,-5.448
AZM-475271,5IS0,1503,-5.448
LY2874455,5IS0,1504,-5.447
anlotinib,5IS0,1505,-5.447
merimepodib,5IS0,1506,-5.444
YM-90709,5IS0,1507,-5.444
flucloxacillin,5IS0,1508,-5.435
grazoprevir,5IS0,1509,-5.432
GDC-0623,5IS0,1510,-5.43
efatutazone,5IS0,1511,-5.429
PSB-603,5IS0,1512,-5.427
MK-5108,5IS0,1513,-5.427
MK-5108,5IS0,1514,-5.423
TWS-119,5IS0,1515,-5.42
pyrintegrin,5IS0,1516,-5.419
tienilic-acid,5IS0,1517,-5.414
mosapride,5IS0,1518,-5.412
coumarin,5IS0,1519,-5.412
dorsomorphin,5IS0,1520,-5.411
CITCO,5IS0,1521,-5.409
CCT137690,5IS0,1522,-5.409
WHI-P154,5IS0,1523,-5.408
CID-16020046,5IS0,1524,-5.408
BMS-817378,5IS0,1525,-5.407
vinflunine,5IS0,1526,-5.407
RS-504393,5IS0,1527,-5.406
VER-49009,5IS0,1528,-5.404
GW-803430,5IS0,1529,-5.403
RS-102221,5IS0,1530,-5.403
azilsartan,5IS0,1531,-5.403
A-887826,5IS0,1532,-5.402
A-939572,5IS0,1533,-5.401
BML-190,5IS0,1534,-5.401
XL388,5IS0,1535,-5.401
ARV-825,5IS0,1536,-5.4
XMD8-92,5IS0,1537,-5.399
clioquinol,5IS0,1538,-5.397
candesartan-cilextil,5IS0,1539,-5.392
riociguat,5IS0,1540,-5.39
MLN0128,5IS0,1541,-5.388
sonidegib,5IS0,1542,-5.384
poziotinib,5IS0,1543,-5.384
TG-100572,5IS0,1544,-5.381
NK-252,5IS0,1545,-5.38
JW-74,5IS0,1546,-5.379
oxiperomide,5IS0,1547,-5.379
BMS-265246,5IS0,1548,-5.378
3-MPPI,5IS0,1549,-5.377
salazodine,5IS0,1550,-5.377
LRRK2-IN-1,5IS0,1551,-5.375
LY266097,5IS0,1552,-5.372
azeliragon,5IS0,1553,-5.371
CITCO,5IS0,1554,-5.369
barasertib-HQPA,5IS0,1555,-5.367
balaglitazone,5IS0,1556,-5.366
riociguat,5IS0,1557,-5.365
EMD-1214063,5IS0,1558,-5.363
AV-412,5IS0,1559,-5.363
prazosin,5IS0,1560,-5.362
PD-153035,5IS0,1561,-5.359
XMD8-92,5IS0,1562,-5.359
gefitinib,5IS0,1563,-5.358
NU-1025,5IS0,1564,-5.357
CP-724714,5IS0,1565,-5.357
osimertinib,5IS0,1566,-5.357
purmorphamine,5IS0,1567,-5.356
piribedil,5IS0,1568,-5.347
VER-49009,5IS0,1569,-5.342
CTEP,5IS0,1570,-5.34
cefpiramide,5IS0,1571,-5.34
nefazodone,5IS0,1572,-5.336
KL-001,5IS0,1573,-5.336
vandetanib,5IS0,1574,-5.334
ONO-4059,5IS0,1575,-5.334
LY2784544,5IS0,1576,-5.334
eact,5IS0,1577,-5.331
CGP-20712A,5IS0,1578,-5.33
GNF-5,5IS0,1579,-5.33
Mps1-IN-1,5IS0,1580,-5.33
LY2784544,5IS0,1581,-5.329
amoxapine,5IS0,1582,-5.328
HA-14-1,5IS0,1583,-5.326
TAK-593,5IS0,1584,-5.325
olmesartan-medoxomil,5IS0,1585,-5.324
BMS-599626,5IS0,1586,-5.324
XL-647,5IS0,1587,-5.324
JW-74,5IS0,1588,-5.323
OTX015,5IS0,1589,-5.323
golvatinib,5IS0,1590,-5.321
pexmetinib,5IS0,1591,-5.319
tozadenant,5IS0,1592,-5.316
CID-16020046,5IS0,1593,-5.316
afatinib,5IS0,1594,-5.314
KI-20227,5IS0,1595,-5.311
PD-102807,5IS0,1596,-5.308
AS-2444697,5IS0,1597,-5.306
LY2874455,5IS0,1598,-5.306
prazosin,5IS0,1599,-5.305
paliperidone,5IS0,1600,-5.304
3-MPPI,5IS0,1601,-5.301
TAK-593,5IS0,1602,-5.301
cediranib,5IS0,1603,-5.298
I-BET151,5IS0,1604,-5.296
H2L-5765834,5IS0,1605,-5.294
MK-1775,5IS0,1606,-5.294
clioquinol,5IS0,1607,-5.293
HKI-357,5IS0,1608,-5.293
grazoprevir,5IS0,1609,-5.293
AVL-292,5IS0,1610,-5.293
poziotinib,5IS0,1611,-5.292
HA-14-1,5IS0,1612,-5.292
isradipine,5IS0,1613,-5.29
ONO-4059,5IS0,1614,-5.289
telatinib,5IS0,1615,-5.288
GSK2194069,5IS0,1616,-5.288
cloxacillin,5IS0,1617,-5.287
bay-60-7550,5IS0,1618,-5.286
selumetinib,5IS0,1619,-5.285
tandutinib,5IS0,1620,-5.284
bitopertin,5IS0,1621,-5.284
ZK811752,5IS0,1622,-5.281
WIKI4,5IS0,1623,-5.281
CP-724714,5IS0,1624,-5.28
KI-20227,5IS0,1625,-5.278
GSK2801,5IS0,1626,-5.278
GW-803430,5IS0,1627,-5.276
tandutinib,5IS0,1628,-5.273
VER-49009,5IS0,1629,-5.27
BI-D1870,5IS0,1630,-5.27
TFC-007,5IS0,1631,-5.264
JW-74,5IS0,1632,-5.262
barasertib,5IS0,1633,-5.26
maytansinol-isobutyrate,5IS0,1634,-5.26
anlotinib,5IS0,1635,-5.257
riociguat,5IS0,1636,-5.257
GW-1929,5IS0,1637,-5.257
L-741742,5IS0,1638,-5.256
proglumetacin,5IS0,1639,-5.255
cevipabulin,5IS0,1640,-5.253
neurodazine,5IS0,1641,-5.253
NMS-E973,5IS0,1642,-5.252
cilostazol,5IS0,1643,-5.251
WHI-P154,5IS0,1644,-5.249
JW-74,5IS0,1645,-5.247
cevipabulin,5IS0,1646,-5.245
YIL-781,5IS0,1647,-5.243
TGR-1202,5IS0,1648,-5.241
WIKI4,5IS0,1649,-5.24
AZD8931,5IS0,1650,-5.24
AZD4547,5IS0,1651,-5.239
CTEP,5IS0,1652,-5.239
EMD-1214063,5IS0,1653,-5.237
FG-4592,5IS0,1654,-5.236
GR125487,5IS0,1655,-5.234
NKY-80,5IS0,1656,-5.233
azilsartan-medoxomil,5IS0,1657,-5.228
R406,5IS0,1658,-5.226
GTS21,5IS0,1659,-5.226
paliperidone,5IS0,1660,-5.224
bay-60-7550,5IS0,1661,-5.224
volasertib,5IS0,1662,-5.224
neratinib,5IS0,1663,-5.224
cevipabulin,5IS0,1664,-5.218
astemizole,5IS0,1665,-5.217
BMS-777607,5IS0,1666,-5.216
PF-3274167,5IS0,1667,-5.216
LY2801653,5IS0,1668,-5.216
mosapride,5IS0,1669,-5.214
teniposide,5IS0,1670,-5.214
NMS-E973,5IS0,1671,-5.213
AVN-944,5IS0,1672,-5.212
VER-49009,5IS0,1673,-5.211
SB-590885,5IS0,1674,-5.21
BMS-191095,5IS0,1675,-5.21
tivozanib,5IS0,1676,-5.21
TC-S-7005,5IS0,1677,-5.208
KL-001,5IS0,1678,-5.208
SRC-kinase-inhibitor-I,5IS0,1679,-5.207
SGC-CBP30,5IS0,1680,-5.207
mirodenafil,5IS0,1681,-5.207
selumetinib,5IS0,1682,-5.204
XL388,5IS0,1683,-5.204
vinflunine,5IS0,1684,-5.201
RS-102221,5IS0,1685,-5.201
teniposide,5IS0,1686,-5.2
teniposide,5IS0,1687,-5.198
AMG-517,5IS0,1688,-5.196
CYM-50260,5IS0,1689,-5.194
CID-16020046,5IS0,1690,-5.193
BMS-265246,5IS0,1691,-5.191
itraconazole,5IS0,1692,-5.19
CPCCOEt,5IS0,1693,-5.189
CCT137690,5IS0,1694,-5.189
KL-001,5IS0,1695,-5.185
BMS-817378,5IS0,1696,-5.185
terazosin,5IS0,1697,-5.181
taranabant,5IS0,1698,-5.18
I-BET-762,5IS0,1699,-5.179
PF-3274167,5IS0,1700,-5.177
eact,5IS0,1701,-5.176
JW-74,5IS0,1702,-5.176
candesartan,5IS0,1703,-5.176
PF-8380,5IS0,1704,-5.174
FG-2216,5IS0,1705,-5.173
EMD-1214063,5IS0,1706,-5.169
EMD-1214063,5IS0,1707,-5.166
WZ-4002,5IS0,1708,-5.164
YM-90709,5IS0,1709,-5.162
nicergoline,5IS0,1710,-5.161
teniposide,5IS0,1711,-5.16
MK-5108,5IS0,1712,-5.159
CPCCOEt,5IS0,1713,-5.153
4E1RCat,5IS0,1714,-5.152
SRC-kinase-inhibitor-I,5IS0,1715,-5.152
PF-06463922,5IS0,1716,-5.151
BIBN4096,5IS0,1717,-5.149
LY2801653,5IS0,1718,-5.148
teniposide,5IS0,1719,-5.147
tezacaftor,5IS0,1720,-5.146
CTEP,5IS0,1721,-5.146
neratinib,5IS0,1722,-5.146
NMS-E973,5IS0,1723,-5.144
GSK-2837808A,5IS0,1724,-5.142
nicergoline,5IS0,1725,-5.139
salazodine,5IS0,1726,-5.138
pelitinib,5IS0,1727,-5.138
NVP-AUY922,5IS0,1728,-5.135
XL388,5IS0,1729,-5.135
NMS-E973,5IS0,1730,-5.134
cardionogen-1,5IS0,1731,-5.134
vinflunine,5IS0,1732,-5.131
LY2784544,5IS0,1733,-5.13
teniposide,5IS0,1734,-5.124
tezacaftor,5IS0,1735,-5.122
mirodenafil,5IS0,1736,-5.121
afatinib,5IS0,1737,-5.113
afatinib,5IS0,1738,-5.113
DCC-2618,5IS0,1739,-5.112
idelalisib,5IS0,1740,-5.107
triclabendazole,5IS0,1741,-5.105
fenofibrate,5IS0,1742,-5.105
pexmetinib,5IS0,1743,-5.105
I-BET151,5IS0,1744,-5.103
toltrazuril,5IS0,1745,-5.101
puromycin,5IS0,1746,-5.101
KU-60019,5IS0,1747,-5.1
preladenant,5IS0,1748,-5.099
SRC-kinase-inhibitor-I,5IS0,1749,-5.098
YM-201636,5IS0,1750,-5.094
CPI-360,5IS0,1751,-5.091
ZM-447439,5IS0,1752,-5.091
GDC-0994,5IS0,1753,-5.09
HA-14-1,5IS0,1754,-5.089
BCI-540,5IS0,1755,-5.088
golvatinib,5IS0,1756,-5.087
VER-49009,5IS0,1757,-5.087
JW-74,5IS0,1758,-5.086
bosentan,5IS0,1759,-5.086
teniposide,5IS0,1760,-5.084
selumetinib,5IS0,1761,-5.083
itraconazole,5IS0,1762,-5.082
TCS-3035,5IS0,1763,-5.081
efatutazone,5IS0,1764,-5.079
SCH-51344,5IS0,1765,-5.075
HA-14-1,5IS0,1766,-5.075
grazoprevir,5IS0,1767,-5.075
KI-8751,5IS0,1768,-5.075
I-BET151,5IS0,1769,-5.074
BAY-61-3606,5IS0,1770,-5.073
bosentan,5IS0,1771,-5.073
CPCCOEt,5IS0,1772,-5.072
dicloxacillin,5IS0,1773,-5.071
KD025,5IS0,1774,-5.071
SGI-1776,5IS0,1775,-5.071
I-BET151,5IS0,1776,-5.069
crizotinib,5IS0,1777,-5.067
lafutidine,5IS0,1778,-5.065
NVP-AUY922,5IS0,1779,-5.065
elacridar,5IS0,1780,-5.065
GW-1929,5IS0,1781,-5.064
tesaglitazar,5IS0,1782,-5.061
paliperidone,5IS0,1783,-5.06
GKA-50,5IS0,1784,-5.059
BCI-540,5IS0,1785,-5.059
LY2801653,5IS0,1786,-5.057
decoquinate,5IS0,1787,-5.057
LY2801653,5IS0,1788,-5.056
brivanib-alaninate,5IS0,1789,-5.053
paliperidone,5IS0,1790,-5.051
toltrazuril,5IS0,1791,-5.05
dacomitinib,5IS0,1792,-5.05
BML-190,5IS0,1793,-5.049
brivanib-alaninate,5IS0,1794,-5.049
AZD4547,5IS0,1795,-5.049
MK-5108,5IS0,1796,-5.048
merimepodib,5IS0,1797,-5.046
JW-74,5IS0,1798,-5.046
TC-S-7005,5IS0,1799,-5.045
MK-8245,5IS0,1800,-5.041
tezacaftor,5IS0,1801,-5.04
prazosin,5IS0,1802,-5.04
dicloxacillin,5IS0,1803,-5.04
teniposide,5IS0,1804,-5.04
I-BET151,5IS0,1805,-5.039
SB-334867,5IS0,1806,-5.038
A-839977,5IS0,1807,-5.037
uprosertib,5IS0,1808,-5.035
brivanib-alaninate,5IS0,1809,-5.034
CPCCOEt,5IS0,1810,-5.032
cardiogenol-c,5IS0,1811,-5.032
GSK1292263,5IS0,1812,-5.029
gilteritinib,5IS0,1813,-5.028
dorsomorphin,5IS0,1814,-5.027
PD-153035,5IS0,1815,-5.027
AMG-487-(+_-),5IS0,1816,-5.025
BMY-45778,5IS0,1817,-5.024
candesartan,5IS0,1818,-5.024
BMS-599626,5IS0,1819,-5.023
PD-102807,5IS0,1820,-5.019
KI-20227,5IS0,1821,-5.019
cardiogenol-c,5IS0,1822,-5.018
FG-2216,5IS0,1823,-5.016
teniposide,5IS0,1824,-5.013
CPCCOEt,5IS0,1825,-5.013
tezacaftor,5IS0,1826,-5.011
ravoxertinib,5IS0,1827,-5.008
ML-348,5IS0,1828,-5.007
LY266097,5IS0,1829,-5.007
NBI-74330-(+_-),5IS0,1830,-5.004
grazoprevir,5IS0,1831,-5.001
amodiaquine,5IS0,1832,-5
fruquintinib,5IS0,1833,-5
WH-4-023,5IS0,1834,-4.999
BCI-540,5IS0,1835,-4.999
candesartan-cilextil,5IS0,1836,-4.994
doxazosin,5IS0,1837,-4.994
rhodamine-123,5IS0,1838,-4.994
KI-20227,5IS0,1839,-4.993
riociguat,5IS0,1840,-4.992
WZ-4002,5IS0,1841,-4.992
oxiperomide,5IS0,1842,-4.99
crizotinib,5IS0,1843,-4.987
simeprevir,5IS0,1844,-4.986
KL-001,5IS0,1845,-4.985
SID-7969543,5IS0,1846,-4.985
piribedil,5IS0,1847,-4.983
KT-433,5IS0,1848,-4.982
ansamitocin-p-3,5IS0,1849,-4.977
SRC-kinase-inhibitor-I,5IS0,1850,-4.976
GKA-50,5IS0,1851,-4.97
BMS-191095,5IS0,1852,-4.97
NMS-873,5IS0,1853,-4.966
phenprocoumon,5IS0,1854,-4.964
warfarin,5IS0,1855,-4.963
cevipabulin,5IS0,1856,-4.962
amtolmetin-guacil,5IS0,1857,-4.96
pantoprazole,5IS0,1858,-4.96
tariquidar,5IS0,1859,-4.96
saracatinib,5IS0,1860,-4.955
MRK-016,5IS0,1861,-4.954
cediranib,5IS0,1862,-4.952
SPP301,5IS0,1863,-4.95
BMS-191095,5IS0,1864,-4.949
Ro-5126766,5IS0,1865,-4.948
LY2784544,5IS0,1866,-4.946
bay-60-7550,5IS0,1867,-4.945
BI-224436,5IS0,1868,-4.943
puromycin,5IS0,1869,-4.942
ZK811752,5IS0,1870,-4.942
paliperidone,5IS0,1871,-4.941
toltrazuril,5IS0,1872,-4.938
NMS-1286937,5IS0,1873,-4.936
SB-243213,5IS0,1874,-4.936
candesartan,5IS0,1875,-4.934
I-BET151,5IS0,1876,-4.933
fenofibric-acid,5IS0,1877,-4.924
GSK1292263,5IS0,1878,-4.923
candesartan-cilextil,5IS0,1879,-4.92
AZD8931,5IS0,1880,-4.918
cilostazol,5IS0,1881,-4.918
SPP301,5IS0,1882,-4.916
MK-5108,5IS0,1883,-4.913
GW-1929,5IS0,1884,-4.909
lafutidine,5IS0,1885,-4.907
afatinib,5IS0,1886,-4.907
CUDC-101,5IS0,1887,-4.905
tezacaftor,5IS0,1888,-4.905
pexmetinib,5IS0,1889,-4.905
LDC1267,5IS0,1890,-4.903
WH-4-023,5IS0,1891,-4.899
TMC-353121,5IS0,1892,-4.899
GSK2194069,5IS0,1893,-4.896
KL-001,5IS0,1894,-4.895
XMD17-109,5IS0,1895,-4.891
dicloxacillin,5IS0,1896,-4.89
BAY-87-2243,5IS0,1897,-4.886
neratinib,5IS0,1898,-4.885
vinflunine,5IS0,1899,-4.884
BMS-191095,5IS0,1900,-4.884
BMS-777607,5IS0,1901,-4.883
WH-4-023,5IS0,1902,-4.881
NMS-P715,5IS0,1903,-4.881
MBX-2982,5IS0,1904,-4.878
BI-224436,5IS0,1905,-4.875
CPI-360,5IS0,1906,-4.873
grazoprevir,5IS0,1907,-4.872
flucloxacillin,5IS0,1908,-4.872
AS-2444697,5IS0,1909,-4.872
mosapride,5IS0,1910,-4.871
pranlukast,5IS0,1911,-4.87
BMS-191095,5IS0,1912,-4.869
pexmetinib,5IS0,1913,-4.869
vinorelbine,5IS0,1914,-4.868
MRK-016,5IS0,1915,-4.867
metazosin,5IS0,1916,-4.865
clioquinol,5IS0,1917,-4.864
HER2-Inhibitor-1,5IS0,1918,-4.861
fostamatinib,5IS0,1919,-4.861
KL-001,5IS0,1920,-4.86
cevipabulin,5IS0,1921,-4.859
GW-803430,5IS0,1922,-4.859
azeliragon,5IS0,1923,-4.857
tezacaftor,5IS0,1924,-4.856
grazoprevir,5IS0,1925,-4.856
paliperidone,5IS0,1926,-4.854
NIDA-41020,5IS0,1927,-4.848
amoxapine,5IS0,1928,-4.846
rhodamine-123,5IS0,1929,-4.846
CYM-50260,5IS0,1930,-4.843
cinoxacin,5IS0,1931,-4.839
I-BET151,5IS0,1932,-4.833
erlotinib,5IS0,1933,-4.833
crizotinib,5IS0,1934,-4.833
azilsartan,5IS0,1935,-4.828
amtolmetin-guacil,5IS0,1936,-4.826
candesartan,5IS0,1937,-4.825
fostamatinib,5IS0,1938,-4.823
DCC-2618,5IS0,1939,-4.822
BMS-927711,5IS0,1940,-4.822
JNJ-27141491,5IS0,1941,-4.821
brivanib,5IS0,1942,-4.82
mibefradil,5IS0,1943,-4.82
AZD3463,5IS0,1944,-4.819
SID-7969543,5IS0,1945,-4.817
uprosertib,5IS0,1946,-4.816
4E1RCat,5IS0,1947,-4.816
NBI-74330-(+_-),5IS0,1948,-4.816
asunaprevir,5IS0,1949,-4.815
cloxacillin,5IS0,1950,-4.812
dorsomorphin,5IS0,1951,-4.811
PSB-603,5IS0,1952,-4.81
CUDC-101,5IS0,1953,-4.81
cediranib,5IS0,1954,-4.804
bosentan,5IS0,1955,-4.803
CID-16020046,5IS0,1956,-4.797
CP-673451,5IS0,1957,-4.795
afobazole,5IS0,1958,-4.795
ravoxertinib,5IS0,1959,-4.792
NMS-P715,5IS0,1960,-4.788
AVN-944,5IS0,1961,-4.787
pexmetinib,5IS0,1962,-4.784
AS-2444697,5IS0,1963,-4.784
proxodolol,5IS0,1964,-4.783
HKI-357,5IS0,1965,-4.781
RKI-1447,5IS0,1966,-4.779
icotinib,5IS0,1967,-4.778
candesartan-cilextil,5IS0,1968,-4.778
MK-5108,5IS0,1969,-4.778
tesaglitazar,5IS0,1970,-4.777
TCS-3035,5IS0,1971,-4.775
3-MPPI,5IS0,1972,-4.775
CP-673451,5IS0,1973,-4.774
AZD8186,5IS0,1974,-4.77
tienilic-acid,5IS0,1975,-4.769
vinflunine,5IS0,1976,-4.767
candesartan,5IS0,1977,-4.765
YM-90709,5IS0,1978,-4.76
VU-0422288,5IS0,1979,-4.76
SB-334867,5IS0,1980,-4.76
decoquinate,5IS0,1981,-4.758
PD-102807,5IS0,1982,-4.757
PD-102807,5IS0,1983,-4.755
BIBN4096,5IS0,1984,-4.754
I-BET151,5IS0,1985,-4.753
pexmetinib,5IS0,1986,-4.748
MGCD-265,5IS0,1987,-4.743
BQU57,5IS0,1988,-4.742
simeprevir,5IS0,1989,-4.74
BMS-817378,5IS0,1990,-4.738
erlotinib,5IS0,1991,-4.738
GDC-0994,5IS0,1992,-4.737
doxazosin,5IS0,1993,-4.734
fenofibrate,5IS0,1994,-4.733
AZD3514,5IS0,1995,-4.732
LY2874455,5IS0,1996,-4.732
PD-102807,5IS0,1997,-4.729
YM-90709,5IS0,1998,-4.729
SID-7969543,5IS0,1999,-4.727
MLN1117,5IS0,2000,-4.726
tozadenant,5IS0,2001,-4.724
barasertib,5IS0,2002,-4.723
BQU57,5IS0,2003,-4.722
HKI-357,5IS0,2004,-4.721
CID-16020046,5IS0,2005,-4.718
lafutidine,5IS0,2006,-4.71
purmorphamine,5IS0,2007,-4.71
3-MPPI,5IS0,2008,-4.706
mirodenafil,5IS0,2009,-4.706
CP-673451,5IS0,2010,-4.706
tadalafil,5IS0,2011,-4.706
DCC-2618,5IS0,2012,-4.7
CP-673451,5IS0,2013,-4.697
grazoprevir,5IS0,2014,-4.696
cevipabulin,5IS0,2015,-4.694
XMD17-109,5IS0,2016,-4.691
3-MPPI,5IS0,2017,-4.684
cilostazol,5IS0,2018,-4.684
merimepodib,5IS0,2019,-4.682
I-BET-762,5IS0,2020,-4.682
GDC-0994,5IS0,2021,-4.68
3-MPPI,5IS0,2022,-4.679
elacridar,5IS0,2023,-4.677
BMS-191095,5IS0,2024,-4.677
apixaban,5IS0,2025,-4.675
ARV-825,5IS0,2026,-4.673
proxodolol,5IS0,2027,-4.67
candesartan-cilextil,5IS0,2028,-4.668
NMS-E973,5IS0,2029,-4.667
ARV-825,5IS0,2030,-4.664
ARRY-334543,5IS0,2031,-4.662
CYM-50260,5IS0,2032,-4.662
GSK269962,5IS0,2033,-4.662
AS-2444697,5IS0,2034,-4.661
vinflunine,5IS0,2035,-4.66
KL-001,5IS0,2036,-4.659
GW-405833,5IS0,2037,-4.659
ravoxertinib,5IS0,2038,-4.658
pyrazoloacridine,5IS0,2039,-4.655
ARRY-334543,5IS0,2040,-4.652
asunaprevir,5IS0,2041,-4.651
SPP301,5IS0,2042,-4.651
vinflunine,5IS0,2043,-4.65
elbasvir,5IS0,2044,-4.649
gefitinib,5IS0,2045,-4.649
crizotinib-(S),5IS0,2046,-4.649
TG-101348,5IS0,2047,-4.646
XMD8-92,5IS0,2048,-4.645
TFC-007,5IS0,2049,-4.644
BMS-806,5IS0,2050,-4.643
TG-101348,5IS0,2051,-4.642
amtolmetin-guacil,5IS0,2052,-4.64
AZD3463,5IS0,2053,-4.639
candesartan,5IS0,2054,-4.638
azeliragon,5IS0,2055,-4.636
BMS-927711,5IS0,2056,-4.635
AZ3146,5IS0,2057,-4.629
GSK1292263,5IS0,2058,-4.628
NKY-80,5IS0,2059,-4.627
LDC1267,5IS0,2060,-4.624
3-MPPI,5IS0,2061,-4.624
A-839977,5IS0,2062,-4.623
AMG-337,5IS0,2063,-4.621
PF-04691502,5IS0,2064,-4.619
LY266097,5IS0,2065,-4.618
cevipabulin,5IS0,2066,-4.616
teniposide,5IS0,2067,-4.615
cardionogen-1,5IS0,2068,-4.61
NBI-74330-(+_-),5IS0,2069,-4.61
tezacaftor,5IS0,2070,-4.608
FG-2216,5IS0,2071,-4.606
warfarin,5IS0,2072,-4.606
neratinib,5IS0,2073,-4.606
TC-S-7005,5IS0,2074,-4.605
SPP301,5IS0,2075,-4.603
MK-8245,5IS0,2076,-4.601
doxazosin,5IS0,2077,-4.6
LY2784544,5IS0,2078,-4.599
paritaprevir,5IS0,2079,-4.598
ZK811752,5IS0,2080,-4.596
BCI-540,5IS0,2081,-4.596
TGR-1202,5IS0,2082,-4.596
pirodavir,5IS0,2083,-4.596
eact,5IS0,2084,-4.595
vinflunine,5IS0,2085,-4.59
crizotinib-(S),5IS0,2086,-4.586
BTS-72664,5IS0,2087,-4.585
candesartan-cilextil,5IS0,2088,-4.585
riodipine,5IS0,2089,-4.584
KL-001,5IS0,2090,-4.582
danirixin,5IS0,2091,-4.582
NIDA-41020,5IS0,2092,-4.579
SB-216641,5IS0,2093,-4.579
PD-102807,5IS0,2094,-4.579
EMD-1214063,5IS0,2095,-4.573
canertinib,5IS0,2096,-4.571
RKI-1447,5IS0,2097,-4.568
NMS-P715,5IS0,2098,-4.563
GW-843682X,5IS0,2099,-4.561
NK-252,5IS0,2100,-4.558
GW-1100,5IS0,2101,-4.549
efatutazone,5IS0,2102,-4.548
efatutazone,5IS0,2103,-4.548
purmorphamine,5IS0,2104,-4.546
NBI-74330-(+_-),5IS0,2105,-4.546
AVE-0991,5IS0,2106,-4.545
BMS-265246,5IS0,2107,-4.545
SB-216641,5IS0,2108,-4.545
HKI-357,5IS0,2109,-4.545
HA-14-1,5IS0,2110,-4.544
erastin,5IS0,2111,-4.544
CP-673451,5IS0,2112,-4.544
fostamatinib,5IS0,2113,-4.537
GTS21,5IS0,2114,-4.533
EMD-1214063,5IS0,2115,-4.533
GDC-0623,5IS0,2116,-4.529
GSK2194069,5IS0,2117,-4.524
MRK-016,5IS0,2118,-4.524
afobazole,5IS0,2119,-4.523
metazosin,5IS0,2120,-4.52
4E1RCat,5IS0,2121,-4.52
balaglitazone,5IS0,2122,-4.52
pibenzimol,5IS0,2123,-4.517
pexmetinib,5IS0,2124,-4.516
AV-412,5IS0,2125,-4.515
pranlukast,5IS0,2126,-4.515
CYM-50260,5IS0,2127,-4.514
BTS-72664,5IS0,2128,-4.513
CYM-50260,5IS0,2129,-4.513
NBI-74330-(+_-),5IS0,2130,-4.512
purmorphamine,5IS0,2131,-4.51
PF-4800567,5IS0,2132,-4.51
4E1RCat,5IS0,2133,-4.508
pelitinib,5IS0,2134,-4.508
ZK811752,5IS0,2135,-4.507
pranlukast,5IS0,2136,-4.507
dacomitinib,5IS0,2137,-4.507
itraconazole,5IS0,2138,-4.507
mosapride,5IS0,2139,-4.507
fenofibric-acid,5IS0,2140,-4.502
decoquinate,5IS0,2141,-4.502
piribedil,5IS0,2142,-4.501
ARQ-621,5IS0,2143,-4.5
SID-7969543,5IS0,2144,-4.497
piribedil,5IS0,2145,-4.495
metazosin,5IS0,2146,-4.492
edaglitazone,5IS0,2147,-4.492
spiroxatrine,5IS0,2148,-4.492
CITCO,5IS0,2149,-4.491
PF-4800567,5IS0,2150,-4.49
vilazodone,5IS0,2151,-4.489
tucatinib,5IS0,2152,-4.489
ZM-447439,5IS0,2153,-4.487
A-674563,5IS0,2154,-4.487
sorafenib,5IS0,2155,-4.486
pibenzimol,5IS0,2156,-4.486
GW-405833,5IS0,2157,-4.484
zafirlukast,5IS0,2158,-4.483
decoquinate,5IS0,2159,-4.478
LDC1267,5IS0,2160,-4.475
EMD-1214063,5IS0,2161,-4.474
GW-405833,5IS0,2162,-4.474
OTX015,5IS0,2163,-4.469
FG-2216,5IS0,2164,-4.467
uprosertib,5IS0,2165,-4.466
YIL-781,5IS0,2166,-4.466
saracatinib,5IS0,2167,-4.464
GDC-0994,5IS0,2168,-4.463
CITCO,5IS0,2169,-4.462
A-674563,5IS0,2170,-4.458
tezacaftor,5IS0,2171,-4.457
erastin,5IS0,2172,-4.456
NBI-74330-(+_-),5IS0,2173,-4.454
GW-1929,5IS0,2174,-4.452
crenolanib,5IS0,2175,-4.449
isradipine,5IS0,2176,-4.448
CITCO,5IS0,2177,-4.447
CGM097,5IS0,2178,-4.446
CPI-169,5IS0,2179,-4.442
idelalisib,5IS0,2180,-4.441
MK-5108,5IS0,2181,-4.441
erastin,5IS0,2182,-4.438
CITCO,5IS0,2183,-4.435
metazosin,5IS0,2184,-4.435
fenofibrate,5IS0,2185,-4.435
acalisib,5IS0,2186,-4.433
CUDC-101,5IS0,2187,-4.428
MK-2048,5IS0,2188,-4.428
mosapride,5IS0,2189,-4.427
Mps1-IN-1,5IS0,2190,-4.427
NIDA-41020,5IS0,2191,-4.426
oxiperomide,5IS0,2192,-4.425
CPI-360,5IS0,2193,-4.424
asunaprevir,5IS0,2194,-4.423
SGC-CBP30,5IS0,2195,-4.422
CFM-1571,5IS0,2196,-4.419
CP-673451,5IS0,2197,-4.417
donitriptan,5IS0,2198,-4.416
GDC-0994,5IS0,2199,-4.415
CUDC-101,5IS0,2200,-4.415
CPI-360,5IS0,2201,-4.414
ARV-825,5IS0,2202,-4.414
metazosin,5IS0,2203,-4.414
asunaprevir,5IS0,2204,-4.413
salazodine,5IS0,2205,-4.409
TCS-3035,5IS0,2206,-4.409
EMD-1214063,5IS0,2207,-4.408
cardionogen-1,5IS0,2208,-4.408
coumarin,5IS0,2209,-4.407
BMS-599626,5IS0,2210,-4.403
KRN-633,5IS0,2211,-4.399
puromycin,5IS0,2212,-4.398
MK-1775,5IS0,2213,-4.394
ZK811752,5IS0,2214,-4.389
TFC-007,5IS0,2215,-4.386
EED226,5IS0,2216,-4.385
nor-Binaltorphimine-dihydrochloride,5IS0,2217,-4.384
TC-S-7005,5IS0,2218,-4.384
clioquinol,5IS0,2219,-4.383
KU-60019,5IS0,2220,-4.383
LX7101,5IS0,2221,-4.382
GR125487,5IS0,2222,-4.38
lafutidine,5IS0,2223,-4.379
I-BET-762,5IS0,2224,-4.379
TWS-119,5IS0,2225,-4.378
GDC-0994,5IS0,2226,-4.376
BMS-817378,5IS0,2227,-4.374
CP-673451,5IS0,2228,-4.373
marbofloxacin,5IS0,2229,-4.372
MK-2048,5IS0,2230,-4.371
eact,5IS0,2231,-4.37
danirixin,5IS0,2232,-4.368
nor-Binaltorphimine-dihydrochloride,5IS0,2233,-4.366
metazosin,5IS0,2234,-4.365
TC-N-1752,5IS0,2235,-4.364
astemizole,5IS0,2236,-4.363
toltrazuril,5IS0,2237,-4.362
VE-822,5IS0,2238,-4.362
PF-4800567,5IS0,2239,-4.36
barasertib-HQPA,5IS0,2240,-4.358
oxiperomide,5IS0,2241,-4.357
AMG458,5IS0,2242,-4.356
NVP-AUY922,5IS0,2243,-4.356
taselisib,5IS0,2244,-4.355
decoquinate,5IS0,2245,-4.355
WIKI4,5IS0,2246,-4.346
CPI-360,5IS0,2247,-4.346
BMS-817378,5IS0,2248,-4.345
PF-3274167,5IS0,2249,-4.344
pirodavir,5IS0,2250,-4.341
poziotinib,5IS0,2251,-4.341
HER2-Inhibitor-1,5IS0,2252,-4.336
NKY-80,5IS0,2253,-4.336
proxodolol,5IS0,2254,-4.334
metazosin,5IS0,2255,-4.333
acalisib,5IS0,2256,-4.333
triclabendazole,5IS0,2257,-4.331
metazosin,5IS0,2258,-4.331
SB-505124,5IS0,2259,-4.328
erlotinib,5IS0,2260,-4.326
puromycin,5IS0,2261,-4.322
AZD3463,5IS0,2262,-4.317
BTS-72664,5IS0,2263,-4.317
GW-405833,5IS0,2264,-4.316
regorafenib,5IS0,2265,-4.315
I-BET-762,5IS0,2266,-4.314
PF-4800567,5IS0,2267,-4.314
fenofibrate,5IS0,2268,-4.312
NKY-80,5IS0,2269,-4.31
nor-Binaltorphimine-dihydrochloride,5IS0,2270,-4.309
GW-843682X,5IS0,2271,-4.308
GSK923295,5IS0,2272,-4.308
LY3000328,5IS0,2273,-4.306
uprosertib,5IS0,2274,-4.306
GDC-0994,5IS0,2275,-4.305
TG-100801,5IS0,2276,-4.305
pyronaridine,5IS0,2277,-4.299
azilsartan-medoxomil,5IS0,2278,-4.297
pranlukast,5IS0,2279,-4.296
CPI-360,5IS0,2280,-4.293
acalisib,5IS0,2281,-4.291
apixaban,5IS0,2282,-4.29
PD-166285,5IS0,2283,-4.284
GDC-0994,5IS0,2284,-4.278
tucatinib,5IS0,2285,-4.277
vinflunine,5IS0,2286,-4.277
anlotinib,5IS0,2287,-4.273
clioquinol,5IS0,2288,-4.271
NKY-80,5IS0,2289,-4.271
NMS-P715,5IS0,2290,-4.271
balaglitazone,5IS0,2291,-4.269
PSB-603,5IS0,2292,-4.265
GSK-2837808A,5IS0,2293,-4.263
NVP-AUY922,5IS0,2294,-4.261
CITCO,5IS0,2295,-4.26
GDC-0994,5IS0,2296,-4.257
dasabuvir,5IS0,2297,-4.251
metazosin,5IS0,2298,-4.251
prulifloxacin,5IS0,2299,-4.249
R406,5IS0,2300,-4.249
elagolix,5IS0,2301,-4.248
pranlukast,5IS0,2302,-4.247
GDC-0994,5IS0,2303,-4.246
SKI-II,5IS0,2304,-4.245
ZCL-278,5IS0,2305,-4.245
icotinib,5IS0,2306,-4.244
decoquinate,5IS0,2307,-4.243
vinflunine,5IS0,2308,-4.241
R406,5IS0,2309,-4.241
mosapride,5IS0,2310,-4.238
copanlisib,5IS0,2311,-4.237
NVP-AUY922,5IS0,2312,-4.236
NVP-AUY922,5IS0,2313,-4.233
CPI-360,5IS0,2314,-4.231
BMS-690514,5IS0,2315,-4.23
ARV-825,5IS0,2316,-4.229
ARQ-621,5IS0,2317,-4.228
pyrintegrin,5IS0,2318,-4.228
anlotinib,5IS0,2319,-4.225
sildenafil,5IS0,2320,-4.221
crizotinib,5IS0,2321,-4.221
AZD8931,5IS0,2322,-4.209
UNC0321,5IS0,2323,-4.207
OTX015,5IS0,2324,-4.207
PSB-603,5IS0,2325,-4.207
AVN-944,5IS0,2326,-4.207
lafutidine,5IS0,2327,-4.206
itraconazole,5IS0,2328,-4.206
OTX015,5IS0,2329,-4.206
cardionogen-1,5IS0,2330,-4.205
pyrazoloacridine,5IS0,2331,-4.203
CEP-32496,5IS0,2332,-4.2
GDC-0994,5IS0,2333,-4.199
RAF265,5IS0,2334,-4.199
BQU57,5IS0,2335,-4.192
TG-101348,5IS0,2336,-4.191
pyrazoloacridine,5IS0,2337,-4.188
DSR-6434,5IS0,2338,-4.186
GDC-0994,5IS0,2339,-4.186
H2L-5765834,5IS0,2340,-4.185
efatutazone,5IS0,2341,-4.185
pantoprazole,5IS0,2342,-4.181
HER2-Inhibitor-1,5IS0,2343,-4.177
TG-101348,5IS0,2344,-4.174
pantoprazole,5IS0,2345,-4.174
OSI-027,5IS0,2346,-4.171
brivanib-alaninate,5IS0,2347,-4.168
GSK-2837808A,5IS0,2348,-4.166
RS-504393,5IS0,2349,-4.165
DMH4,5IS0,2350,-4.162
verubulin,5IS0,2351,-4.161
TCS-3035,5IS0,2352,-4.154
proxodolol,5IS0,2353,-4.153
pexmetinib,5IS0,2354,-4.151
pelitinib,5IS0,2355,-4.151
GSK1292263,5IS0,2356,-4.151
GW-803430,5IS0,2357,-4.151
AM679,5IS0,2358,-4.149
decoquinate,5IS0,2359,-4.148
Q-203,5IS0,2360,-4.146
pyronaridine,5IS0,2361,-4.144
amoxapine,5IS0,2362,-4.144
riodipine,5IS0,2363,-4.136
MLN0128,5IS0,2364,-4.135
GDC-0994,5IS0,2365,-4.135
iloperidone,5IS0,2366,-4.132
brexpiprazole,5IS0,2367,-4.132
AZD8931,5IS0,2368,-4.131
tandutinib,5IS0,2369,-4.129
cabozantinib,5IS0,2370,-4.126
piclamilast,5IS0,2371,-4.124
GDC-0994,5IS0,2372,-4.123
AI-10-49,5IS0,2373,-4.122
RS-102221,5IS0,2374,-4.117
pelitinib,5IS0,2375,-4.116
mepacrine,5IS0,2376,-4.116
pexmetinib,5IS0,2377,-4.11
elacridar,5IS0,2378,-4.109
LRRK2-IN-1,5IS0,2379,-4.109
mirodenafil,5IS0,2380,-4.106
puromycin,5IS0,2381,-4.106
cevipabulin,5IS0,2382,-4.105
nefazodone,5IS0,2383,-4.101
isradipine,5IS0,2384,-4.097
paliperidone,5IS0,2385,-4.096
pyronaridine,5IS0,2386,-4.092
doramapimod,5IS0,2387,-4.089
venetoclax,5IS0,2388,-4.088
canertinib,5IS0,2389,-4.081
L-741742,5IS0,2390,-4.081
ravoxertinib,5IS0,2391,-4.078
LY2606368,5IS0,2392,-4.077
NKY-80,5IS0,2393,-4.074
amoxapine,5IS0,2394,-4.074
tandutinib,5IS0,2395,-4.073
taranabant,5IS0,2396,-4.073
liranaftate,5IS0,2397,-4.072
AZ3146,5IS0,2398,-4.071
altiratinib,5IS0,2399,-4.07
GSK2801,5IS0,2400,-4.07
cevipabulin,5IS0,2401,-4.064
quinine-ethyl-carbonate,5IS0,2402,-4.064
riodipine,5IS0,2403,-4.064
deltarasin,5IS0,2404,-4.06
LDC1267,5IS0,2405,-4.059
afobazole,5IS0,2406,-4.058
CGP-20712A,5IS0,2407,-4.056
clioquinol,5IS0,2408,-4.054
alfuzosin,5IS0,2409,-4.049
GKA-50,5IS0,2410,-4.044
SID-7969543,5IS0,2411,-4.043
SC-51089,5IS0,2412,-4.039
brexpiprazole,5IS0,2413,-4.035
decoquinate,5IS0,2414,-4.035
eact,5IS0,2415,-4.034
HKI-357,5IS0,2416,-4.033
copanlisib,5IS0,2417,-4.032
GSK923295,5IS0,2418,-4.032
JTE-907,5IS0,2419,-4.032
nefazodone,5IS0,2420,-4.031
GSK-2837808A,5IS0,2421,-4.031
CPI-360,5IS0,2422,-4.029
BIBN4096,5IS0,2423,-4.028
TC-N-1752,5IS0,2424,-4.028
UNC0646,5IS0,2425,-4.026
AZ3146,5IS0,2426,-4.024
WIKI4,5IS0,2427,-4.018
GW-1100,5IS0,2428,-4.018
mepacrine,5IS0,2429,-4.018
donitriptan,5IS0,2430,-4.012
CP-673451,5IS0,2431,-4.011
TWS-119,5IS0,2432,-4.009
amtolmetin-guacil,5IS0,2433,-4.004
oxolinic-acid,5IS0,2434,-4.004
candesartan-cilextil,5IS0,2435,-4.002
brivanib-alaninate,5IS0,2436,-3.999
metazosin,5IS0,2437,-3.998
TC-NTR1-17,5IS0,2438,-3.997
PF-06463922,5IS0,2439,-3.996
piribedil,5IS0,2440,-3.993
AI-10-49,5IS0,2441,-3.988
TC-N-1752,5IS0,2442,-3.987
cardionogen-1,5IS0,2443,-3.986
XL-647,5IS0,2444,-3.977
ansamitocin-p-3,5IS0,2445,-3.977
alfuzosin,5IS0,2446,-3.975
suvorexant,5IS0,2447,-3.974
BTS-72664,5IS0,2448,-3.973
alfuzosin,5IS0,2449,-3.968
mosapride,5IS0,2450,-3.967
SGC-CBP30,5IS0,2451,-3.96
LY2874455,5IS0,2452,-3.958
fenofibrate,5IS0,2453,-3.958
UNC0631,5IS0,2454,-3.958
SBE-13,5IS0,2455,-3.957
SPP301,5IS0,2456,-3.957
barasertib,5IS0,2457,-3.953
CGP-20712A,5IS0,2458,-3.952
canertinib,5IS0,2459,-3.951
ceritinib,5IS0,2460,-3.951
HER2-Inhibitor-1,5IS0,2461,-3.95
A-887826,5IS0,2462,-3.949
UNC0321,5IS0,2463,-3.944
selumetinib,5IS0,2464,-3.942
amtolmetin-guacil,5IS0,2465,-3.942
CC-401,5IS0,2466,-3.938
nor-Binaltorphimine-dihydrochloride,5IS0,2467,-3.937
edaglitazone,5IS0,2468,-3.936
AZ3146,5IS0,2469,-3.934
copanlisib,5IS0,2470,-3.933
mosapride,5IS0,2471,-3.933
mosapride,5IS0,2472,-3.933
elinogrel,5IS0,2473,-3.932
ZCL-278,5IS0,2474,-3.93
meclinertant,5IS0,2475,-3.928
oxiperomide,5IS0,2476,-3.927
GSK923295,5IS0,2477,-3.926
BMS-927711,5IS0,2478,-3.926
TG-101348,5IS0,2479,-3.925
TC-F-2,5IS0,2480,-3.925
proxodolol,5IS0,2481,-3.925
4E1RCat,5IS0,2482,-3.918
tariquidar,5IS0,2483,-3.918
GSK923295,5IS0,2484,-3.918
crizotinib,5IS0,2485,-3.917
mosapride,5IS0,2486,-3.917
GSK923295,5IS0,2487,-3.914
LX7101,5IS0,2488,-3.914
barasertib-HQPA,5IS0,2489,-3.912
SBE-13,5IS0,2490,-3.909
GSK923295,5IS0,2491,-3.907
EMD-1214063,5IS0,2492,-3.901
quinine-ethyl-carbonate,5IS0,2493,-3.9
WAY-100635,5IS0,2494,-3.898
altiratinib,5IS0,2495,-3.898
RS-100329,5IS0,2496,-3.894
warfarin,5IS0,2497,-3.894
alfuzosin,5IS0,2498,-3.893
pranlukast,5IS0,2499,-3.892
loxapine,5IS0,2500,-3.884
lorlatinib,5IS0,2501,-3.88
DCC-2618,5IS0,2502,-3.878
balaglitazone,5IS0,2503,-3.877
mosapride,5IS0,2504,-3.871
RKI-1447,5IS0,2505,-3.87
lafutidine,5IS0,2506,-3.866
alfuzosin,5IS0,2507,-3.862
EMD-1214063,5IS0,2508,-3.861
GTS21,5IS0,2509,-3.859
UNC0646,5IS0,2510,-3.859
GR125487,5IS0,2511,-3.853
CC-401,5IS0,2512,-3.853
GDC-0994,5IS0,2513,-3.853
LX7101,5IS0,2514,-3.851
BMS-777607,5IS0,2515,-3.85
BTS-72664,5IS0,2516,-3.849
I-BET-762,5IS0,2517,-3.848
Mps1-IN-1,5IS0,2518,-3.848
AZ-12080282,5IS0,2519,-3.848
A-674563,5IS0,2520,-3.847
CUDC-101,5IS0,2521,-3.844
3-MPPI,5IS0,2522,-3.84
mosapride,5IS0,2523,-3.833
BAY-61-3606,5IS0,2524,-3.832
XL-647,5IS0,2525,-3.831
brexpiprazole,5IS0,2526,-3.829
deltarasin,5IS0,2527,-3.828
proglumetacin,5IS0,2528,-3.827
SCH-51344,5IS0,2529,-3.826
phenprocoumon,5IS0,2530,-3.825
azasetron,5IS0,2531,-3.823
EMD-1214063,5IS0,2532,-3.823
LDC1267,5IS0,2533,-3.822
Q-203,5IS0,2534,-3.817
YIL-781,5IS0,2535,-3.817
astemizole,5IS0,2536,-3.814
XL-647,5IS0,2537,-3.814
mibefradil,5IS0,2538,-3.81
4E1RCat,5IS0,2539,-3.808
PF-3274167,5IS0,2540,-3.807
NBI-74330-(+_-),5IS0,2541,-3.805
cilostazol,5IS0,2542,-3.801
Ro-5126766,5IS0,2543,-3.801
lafutidine,5IS0,2544,-3.799
teniposide,5IS0,2545,-3.791
I-BET-762,5IS0,2546,-3.79
phenprocoumon,5IS0,2547,-3.788
WZ-4002,5IS0,2548,-3.783
PFI-4,5IS0,2549,-3.781
isradipine,5IS0,2550,-3.779
GSK269962,5IS0,2551,-3.778
brivanib-alaninate,5IS0,2552,-3.777
GKA-50,5IS0,2553,-3.774
GW-405833,5IS0,2554,-3.773
cinoxacin,5IS0,2555,-3.77
LY3000328,5IS0,2556,-3.767
ansamitocin-p-3,5IS0,2557,-3.766
donitriptan,5IS0,2558,-3.763
A-839977,5IS0,2559,-3.763
GSK2801,5IS0,2560,-3.761
simeprevir,5IS0,2561,-3.76
mosapride,5IS0,2562,-3.757
nor-Binaltorphimine-dihydrochloride,5IS0,2563,-3.757
barasertib,5IS0,2564,-3.756
GSK923295,5IS0,2565,-3.754
GDC-0994,5IS0,2566,-3.754
gilteritinib,5IS0,2567,-3.754
H2L-5765834,5IS0,2568,-3.752
bosentan,5IS0,2569,-3.749
R406,5IS0,2570,-3.745
AMG-208,5IS0,2571,-3.744
SCH-51344,5IS0,2572,-3.74
copanlisib,5IS0,2573,-3.74
vindesine,5IS0,2574,-3.739
NKY-80,5IS0,2575,-3.734
UNC0646,5IS0,2576,-3.732
CGM097,5IS0,2577,-3.732
BTS-72664,5IS0,2578,-3.731
I-BET151,5IS0,2579,-3.731
GSK923295,5IS0,2580,-3.731
altiratinib,5IS0,2581,-3.73
cefpiramide,5IS0,2582,-3.728
BMS-927711,5IS0,2583,-3.727
L-741742,5IS0,2584,-3.725
zibotentan,5IS0,2585,-3.723
betrixaban,5IS0,2586,-3.722
ARQ-621,5IS0,2587,-3.721
KL-001,5IS0,2588,-3.719
dacomitinib,5IS0,2589,-3.717
PF-06463922,5IS0,2590,-3.713
sildenafil,5IS0,2591,-3.711
metatinib,5IS0,2592,-3.709
actinomycin-d,5IS0,2593,-3.706
nor-Binaltorphimine-dihydrochloride,5IS0,2594,-3.706
actinomycin-d,5IS0,2595,-3.702
MK2-IN-1,5IS0,2596,-3.7
Rec-15_2615,5IS0,2597,-3.699
AVE-0991,5IS0,2598,-3.698
GW-803430,5IS0,2599,-3.696
risperidone,5IS0,2600,-3.695
proxodolol,5IS0,2601,-3.694
copanlisib,5IS0,2602,-3.693
FG-2216,5IS0,2603,-3.69
AMG-208,5IS0,2604,-3.688
cefpiramide,5IS0,2605,-3.686
AMG-487-(+_-),5IS0,2606,-3.686
pranlukast,5IS0,2607,-3.684
actinomycin-d,5IS0,2608,-3.684
oxiperomide,5IS0,2609,-3.682
sulfasalazine,5IS0,2610,-3.676
BTS-72664,5IS0,2611,-3.668
afobazole,5IS0,2612,-3.663
lafutidine,5IS0,2613,-3.663
nor-Binaltorphimine-dihydrochloride,5IS0,2614,-3.663
DMH4,5IS0,2615,-3.662
GSK1904529A,5IS0,2616,-3.661
meclinertant,5IS0,2617,-3.661
BTS-72664,5IS0,2618,-3.661
FR-122047,5IS0,2619,-3.66
GPR120-modulator-1,5IS0,2620,-3.655
AM679,5IS0,2621,-3.652
CGP-20712A,5IS0,2622,-3.652
YIL-781,5IS0,2623,-3.652
alfuzosin,5IS0,2624,-3.649
CID-16020046,5IS0,2625,-3.648
teniposide,5IS0,2626,-3.644
AZD4547,5IS0,2627,-3.637
BAY-61-3606,5IS0,2628,-3.636
GSK461364,5IS0,2629,-3.635
EMD-1214063,5IS0,2630,-3.635
benzydamine,5IS0,2631,-3.635
vindesine,5IS0,2632,-3.63
quinine-ethyl-carbonate,5IS0,2633,-3.628
GR125487,5IS0,2634,-3.628
MK2-IN-1,5IS0,2635,-3.627
MK2-IN-1,5IS0,2636,-3.627
alfuzosin,5IS0,2637,-3.627
RKI-1447,5IS0,2638,-3.627
puromycin,5IS0,2639,-3.627
elbasvir,5IS0,2640,-3.623
icotinib,5IS0,2641,-3.622
JNJ-42165279,5IS0,2642,-3.619
rifaximin,5IS0,2643,-3.618
elagolix,5IS0,2644,-3.617
UNC0321,5IS0,2645,-3.608
XL388,5IS0,2646,-3.606
MGCD-265,5IS0,2647,-3.604
SPP301,5IS0,2648,-3.601
salazodine,5IS0,2649,-3.599
AZD8931,5IS0,2650,-3.597
pyronaridine,5IS0,2651,-3.595
GKA-50,5IS0,2652,-3.593
TC-NTR1-17,5IS0,2653,-3.589
PF-06463922,5IS0,2654,-3.587
KL-001,5IS0,2655,-3.585
GSK923295,5IS0,2656,-3.584
quinine-ethyl-carbonate,5IS0,2657,-3.583
dicloxacillin,5IS0,2658,-3.582
warfarin,5IS0,2659,-3.582
CGP-20712A,5IS0,2660,-3.581
PF-06463922,5IS0,2661,-3.58
afobazole,5IS0,2662,-3.58
RS-504393,5IS0,2663,-3.58
AM679,5IS0,2664,-3.579
SGI-1776,5IS0,2665,-3.579
rifabutin,5IS0,2666,-3.577
tandutinib,5IS0,2667,-3.575
alfuzosin,5IS0,2668,-3.575
gilteritinib,5IS0,2669,-3.574
tariquidar,5IS0,2670,-3.559
FG-2216,5IS0,2671,-3.556
meclinertant,5IS0,2672,-3.554
AMG-487-(+_-),5IS0,2673,-3.55
lapatinib,5IS0,2674,-3.548
L-741742,5IS0,2675,-3.548
KL-001,5IS0,2676,-3.546
fenofibric-acid,5IS0,2677,-3.54
JNJ-42165279,5IS0,2678,-3.539
pirodavir,5IS0,2679,-3.538
WIKI4,5IS0,2680,-3.535
cilostazol,5IS0,2681,-3.535
brexpiprazole,5IS0,2682,-3.534
sildenafil,5IS0,2683,-3.532
CGS-15943,5IS0,2684,-3.531
mepacrine,5IS0,2685,-3.529
astemizole,5IS0,2686,-3.529
grazoprevir,5IS0,2687,-3.527
NMS-E973,5IS0,2688,-3.526
MK-8245,5IS0,2689,-3.524
WZ4003,5IS0,2690,-3.524
regorafenib,5IS0,2691,-3.522
LY3000328,5IS0,2692,-3.521
imiloxan,5IS0,2693,-3.521
teniposide,5IS0,2694,-3.521
CGP-20712A,5IS0,2695,-3.52
rifabutin,5IS0,2696,-3.519
WZ-3146,5IS0,2697,-3.518
lapatinib,5IS0,2698,-3.517
L-741742,5IS0,2699,-3.516
mepacrine,5IS0,2700,-3.514
gefitinib,5IS0,2701,-3.512
liranaftate,5IS0,2702,-3.512
BMS-863233,5IS0,2703,-3.512
GSK1292263,5IS0,2704,-3.51
CPI-169,5IS0,2705,-3.509
elagolix,5IS0,2706,-3.507
MGCD-265,5IS0,2707,-3.507
rifabutin,5IS0,2708,-3.505
mirodenafil,5IS0,2709,-3.505
GW-843682X,5IS0,2710,-3.499
PSB-603,5IS0,2711,-3.498
ku-0063794,5IS0,2712,-3.497
ku-0063794,5IS0,2713,-3.495
proxodolol,5IS0,2714,-3.493
nor-Binaltorphimine-dihydrochloride,5IS0,2715,-3.49
teniposide,5IS0,2716,-3.485
metazosin,5IS0,2717,-3.483
NK-252,5IS0,2718,-3.483
canertinib,5IS0,2719,-3.481
AMG-487-(+_-),5IS0,2720,-3.477
gilteritinib,5IS0,2721,-3.477
deltarasin,5IS0,2722,-3.476
rifabutin,5IS0,2723,-3.474
azeliragon,5IS0,2724,-3.471
rhodamine-123,5IS0,2725,-3.47
GSK2190915,5IS0,2726,-3.466
UNC0646,5IS0,2727,-3.463
mibefradil,5IS0,2728,-3.462
SGI-1776,5IS0,2729,-3.461
JNJ-42165279,5IS0,2730,-3.46
AZ-12080282,5IS0,2731,-3.456
salazodine,5IS0,2732,-3.456
PD-102807,5IS0,2733,-3.449
salazodine,5IS0,2734,-3.447
mepacrine,5IS0,2735,-3.447
astemizole,5IS0,2736,-3.445
ansamitocin-p-3,5IS0,2737,-3.444
danirixin,5IS0,2738,-3.443
PF-04691502,5IS0,2739,-3.443
CP-724714,5IS0,2740,-3.443
CUDC-427,5IS0,2741,-3.437
rhodamine-123,5IS0,2742,-3.436
spiroxatrine,5IS0,2743,-3.435
canertinib,5IS0,2744,-3.435
A-674563,5IS0,2745,-3.433
doramapimod,5IS0,2746,-3.431
SBE-13,5IS0,2747,-3.43
GW-1100,5IS0,2748,-3.425
YIL-781,5IS0,2749,-3.424
BMS-817378,5IS0,2750,-3.422
mibefradil,5IS0,2751,-3.419
MLN0128,5IS0,2752,-3.419
ARQ-621,5IS0,2753,-3.418
PF-04691502,5IS0,2754,-3.417
HER2-Inhibitor-1,5IS0,2755,-3.416
spiroxatrine,5IS0,2756,-3.415
TMC-353121,5IS0,2757,-3.411
urapidil,5IS0,2758,-3.411
lafutidine,5IS0,2759,-3.411
edaglitazone,5IS0,2760,-3.41
WZ4003,5IS0,2761,-3.408
CP-724714,5IS0,2762,-3.403
olmutinib,5IS0,2763,-3.4
ansamitocin-p-3,5IS0,2764,-3.397
SB-590885,5IS0,2765,-3.395
terazosin,5IS0,2766,-3.394
GSK269962,5IS0,2767,-3.393
phenprocoumon,5IS0,2768,-3.393
amodiaquine,5IS0,2769,-3.392
betrixaban,5IS0,2770,-3.39
BIX-01294,5IS0,2771,-3.389
cevipabulin,5IS0,2772,-3.387
PF-06463922,5IS0,2773,-3.386
sildenafil,5IS0,2774,-3.385
AMG-208,5IS0,2775,-3.383
balaglitazone,5IS0,2776,-3.379
lorlatinib,5IS0,2777,-3.376
mosapride,5IS0,2778,-3.37
FG-2216,5IS0,2779,-3.37
pyronaridine,5IS0,2780,-3.369
MGCD-265,5IS0,2781,-3.367
MBX-2982,5IS0,2782,-3.362
AZD8931,5IS0,2783,-3.362
KI-20227,5IS0,2784,-3.359
teniposide,5IS0,2785,-3.354
ML314,5IS0,2786,-3.354
RS-504393,5IS0,2787,-3.35
MBX-2982,5IS0,2788,-3.349
lorlatinib,5IS0,2789,-3.346
BIX-01294,5IS0,2790,-3.344
copanlisib,5IS0,2791,-3.343
trovafloxacin,5IS0,2792,-3.342
copanlisib,5IS0,2793,-3.34
verubulin,5IS0,2794,-3.338
vilazodone,5IS0,2795,-3.333
lorlatinib,5IS0,2796,-3.33
brexpiprazole,5IS0,2797,-3.328
gefitinib,5IS0,2798,-3.327
cilostazol,5IS0,2799,-3.327
brexpiprazole,5IS0,2800,-3.324
betrixaban,5IS0,2801,-3.322
KI-8751,5IS0,2802,-3.319
GSK1838705A,5IS0,2803,-3.318
AVE-0991,5IS0,2804,-3.315
mepacrine,5IS0,2805,-3.313
CC-401,5IS0,2806,-3.31
AMG-487-(+_-),5IS0,2807,-3.31
PF-04620110,5IS0,2808,-3.309
elbasvir,5IS0,2809,-3.305
balaglitazone,5IS0,2810,-3.304
UNC0321,5IS0,2811,-3.299
dacomitinib,5IS0,2812,-3.296
ketoconazole,5IS0,2813,-3.295
BQU57,5IS0,2814,-3.294
proxodolol,5IS0,2815,-3.293
CTEP,5IS0,2816,-3.292
doramapimod,5IS0,2817,-3.287
PF-06463922,5IS0,2818,-3.287
itraconazole,5IS0,2819,-3.285
L-741742,5IS0,2820,-3.282
donitriptan,5IS0,2821,-3.282
SCH-51344,5IS0,2822,-3.28
MK-1775,5IS0,2823,-3.276
astemizole,5IS0,2824,-3.275
BMS-863233,5IS0,2825,-3.273
mibefradil,5IS0,2826,-3.272
GW-803430,5IS0,2827,-3.261
rifaximin,5IS0,2828,-3.26
GKA-50,5IS0,2829,-3.259
ZK-93426,5IS0,2830,-3.256
PF-06463922,5IS0,2831,-3.256
VE-822,5IS0,2832,-3.254
ML-348,5IS0,2833,-3.251
BQU57,5IS0,2834,-3.249
ZK-93426,5IS0,2835,-3.248
olmutinib,5IS0,2836,-3.247
pelitinib,5IS0,2837,-3.247
SBE-13,5IS0,2838,-3.242
GKA-50,5IS0,2839,-3.236
AMG-337,5IS0,2840,-3.236
BIX-01294,5IS0,2841,-3.235
GKA-50,5IS0,2842,-3.231
YIL-781,5IS0,2843,-3.231
CGM097,5IS0,2844,-3.231
SCH-51344,5IS0,2845,-3.231
sonidegib,5IS0,2846,-3.229
GSK1904529A,5IS0,2847,-3.228
MK-8245,5IS0,2848,-3.225
EED226,5IS0,2849,-3.221
lafutidine,5IS0,2850,-3.219
GNF-5837,5IS0,2851,-3.219
ML-348,5IS0,2852,-3.218
quizartinib,5IS0,2853,-3.214
piboserod,5IS0,2854,-3.21
SB-334867,5IS0,2855,-3.208
CFM-1571,5IS0,2856,-3.205
AV-412,5IS0,2857,-3.203
A-887826,5IS0,2858,-3.201
CITCO,5IS0,2859,-3.201
proxodolol,5IS0,2860,-3.201
coumarin,5IS0,2861,-3.2
alfuzosin,5IS0,2862,-3.199
GR125487,5IS0,2863,-3.197
AZD8931,5IS0,2864,-3.194
MGCD-265,5IS0,2865,-3.193
KI-20227,5IS0,2866,-3.192
paliperidone,5IS0,2867,-3.191
AZD3759,5IS0,2868,-3.187
golvatinib,5IS0,2869,-3.187
BIX-01294,5IS0,2870,-3.185
KI-20227,5IS0,2871,-3.18
MGCD-265,5IS0,2872,-3.178
rhodamine-123,5IS0,2873,-3.177
benzydamine,5IS0,2874,-3.175
GW-843682X,5IS0,2875,-3.174
ZK-93426,5IS0,2876,-3.173
KU-60019,5IS0,2877,-3.169
DSR-6434,5IS0,2878,-3.169
fenofibrate,5IS0,2879,-3.168
cabozantinib,5IS0,2880,-3.162
PF-06463922,5IS0,2881,-3.161
olmutinib,5IS0,2882,-3.16
KRN-633,5IS0,2883,-3.154
GW-803430,5IS0,2884,-3.154
eluxadoline,5IS0,2885,-3.152
mepacrine,5IS0,2886,-3.151
JNJ-42041935,5IS0,2887,-3.149
L-741742,5IS0,2888,-3.147
AMG-337,5IS0,2889,-3.143
sildenafil,5IS0,2890,-3.141
erastin,5IS0,2891,-3.137
proxodolol,5IS0,2892,-3.135
terazosin,5IS0,2893,-3.134
WZ-3146,5IS0,2894,-3.134
prulifloxacin,5IS0,2895,-3.132
PF-06463922,5IS0,2896,-3.132
imiloxan,5IS0,2897,-3.132
UNC0321,5IS0,2898,-3.131
UNC0737,5IS0,2899,-3.131
GSK461364,5IS0,2900,-3.13
proxodolol,5IS0,2901,-3.13
CGP-20712A,5IS0,2902,-3.127
barasertib,5IS0,2903,-3.127
azasetron,5IS0,2904,-3.126
mepacrine,5IS0,2905,-3.125
EMD-1214063,5IS0,2906,-3.123
ceritinib,5IS0,2907,-3.122
paliperidone,5IS0,2908,-3.119
AZD4547,5IS0,2909,-3.115
GSK2801,5IS0,2910,-3.11
SGI-1776,5IS0,2911,-3.11
dacomitinib,5IS0,2912,-3.108
balaglitazone,5IS0,2913,-3.106
CGP-20712A,5IS0,2914,-3.106
doramapimod,5IS0,2915,-3.105
EMD-1214063,5IS0,2916,-3.101
rhodamine-123,5IS0,2917,-3.101
brexpiprazole,5IS0,2918,-3.1
UNC0642,5IS0,2919,-3.098
AV-412,5IS0,2920,-3.097
actinomycin-d,5IS0,2921,-3.093
GR125487,5IS0,2922,-3.093
PSI-7976,5IS0,2923,-3.091
crenolanib,5IS0,2924,-3.09
OTS167,5IS0,2925,-3.088
PSB-603,5IS0,2926,-3.085
KU-60019,5IS0,2927,-3.085
cisapride,5IS0,2928,-3.084
PF-06463922,5IS0,2929,-3.084
LY3000328,5IS0,2930,-3.082
ZCL-278,5IS0,2931,-3.078
MK2-IN-1,5IS0,2932,-3.073
FG-2216,5IS0,2933,-3.065
CC-401,5IS0,2934,-3.064
RS-504393,5IS0,2935,-3.059
piboserod,5IS0,2936,-3.054
itraconazole,5IS0,2937,-3.053
CGP-20712A,5IS0,2938,-3.046
YM-90709,5IS0,2939,-3.046
CC-401,5IS0,2940,-3.045
spiroxatrine,5IS0,2941,-3.041
PF-06463922,5IS0,2942,-3.039
MK2-IN-1,5IS0,2943,-3.036
prulifloxacin,5IS0,2944,-3.033
tariquidar,5IS0,2945,-3.033
pyronaridine,5IS0,2946,-3.032
CEP-32496,5IS0,2947,-3.031
SBE-13,5IS0,2948,-3.03
donitriptan,5IS0,2949,-3.029
iloperidone,5IS0,2950,-3.028
cisapride,5IS0,2951,-3.023
deltarasin,5IS0,2952,-3.023
ML314,5IS0,2953,-3.023
SJ-172550,5IS0,2954,-3.021
CPI-360,5IS0,2955,-3.018
vinflunine,5IS0,2956,-3.017
GR125487,5IS0,2957,-3.017
SBE-13,5IS0,2958,-3.017
CC-401,5IS0,2959,-3.012
ZK-93426,5IS0,2960,-3.009
doramapimod,5IS0,2961,-3.002
tandutinib,5IS0,2962,-3.001
marbofloxacin,5IS0,2963,-2.999
DSR-6434,5IS0,2964,-2.998
BIX-01294,5IS0,2965,-2.997
ZK-93426,5IS0,2966,-2.997
ZK-93426,5IS0,2967,-2.996
MK-1775,5IS0,2968,-2.995
ML314,5IS0,2969,-2.995
AZD8931,5IS0,2970,-2.994
deltarasin,5IS0,2971,-2.993
AMG-487-(+_-),5IS0,2972,-2.99
vandetanib,5IS0,2973,-2.989
deltarasin,5IS0,2974,-2.988
EMD-1214063,5IS0,2975,-2.987
rifaximin,5IS0,2976,-2.986
LY2606368,5IS0,2977,-2.985
cardiogenol-c,5IS0,2978,-2.985
mepacrine,5IS0,2979,-2.978
NK-252,5IS0,2980,-2.977
WZ4003,5IS0,2981,-2.974
MGCD-265,5IS0,2982,-2.974
RS-504393,5IS0,2983,-2.971
UNC0642,5IS0,2984,-2.969
pantoprazole,5IS0,2985,-2.969
BCI-540,5IS0,2986,-2.967
olmutinib,5IS0,2987,-2.959
piboserod,5IS0,2988,-2.952
astemizole,5IS0,2989,-2.947
UNC0737,5IS0,2990,-2.945
UNC0646,5IS0,2991,-2.941
ketoconazole,5IS0,2992,-2.939
mibefradil,5IS0,2993,-2.939
HA14-1,5IS0,2994,-2.938
pyronaridine,5IS0,2995,-2.935
elafibranor,5IS0,2996,-2.932
BMS-817378,5IS0,2997,-2.932
BCI-540,5IS0,2998,-2.93
WAY-100635,5IS0,2999,-2.925
YIL-781,5IS0,3000,-2.923
erastin,5IS0,3001,-2.923
pantoprazole,5IS0,3002,-2.921
SBE-13,5IS0,3003,-2.919
WZ-4002,5IS0,3004,-2.918
UNC0646,5IS0,3005,-2.918
TC-NTR1-17,5IS0,3006,-2.915
AZD8931,5IS0,3007,-2.914
TC-NTR1-17,5IS0,3008,-2.909
pantoprazole,5IS0,3009,-2.909
KI-20227,5IS0,3010,-2.907
SBE-13,5IS0,3011,-2.903
salazodine,5IS0,3012,-2.9
copanlisib,5IS0,3013,-2.9
GW-1929,5IS0,3014,-2.899
PF-06463922,5IS0,3015,-2.897
pantoprazole,5IS0,3016,-2.896
pantoprazole,5IS0,3017,-2.895
nor-Binaltorphimine-dihydrochloride,5IS0,3018,-2.895
pantoprazole,5IS0,3019,-2.888
DMH1,5IS0,3020,-2.888
olmutinib,5IS0,3021,-2.886
LRRK2-IN-1,5IS0,3022,-2.885
DMH4,5IS0,3023,-2.884
BIX-01294,5IS0,3024,-2.883
doramapimod,5IS0,3025,-2.878
elafibranor,5IS0,3026,-2.876
AMG458,5IS0,3027,-2.875
cisapride,5IS0,3028,-2.871
zibotentan,5IS0,3029,-2.868
MK-8245,5IS0,3030,-2.866
cisapride,5IS0,3031,-2.865
GKA-50,5IS0,3032,-2.862
AMG458,5IS0,3033,-2.862
suvorexant,5IS0,3034,-2.861
azasetron,5IS0,3035,-2.86
phenprocoumon,5IS0,3036,-2.858
meclinertant,5IS0,3037,-2.857
ML347,5IS0,3038,-2.854
gabazine,5IS0,3039,-2.852
itraconazole,5IS0,3040,-2.849
elbasvir,5IS0,3041,-2.847
azilsartan-medoxomil,5IS0,3042,-2.84
GR125487,5IS0,3043,-2.84
ARQ-621,5IS0,3044,-2.835
TBA-354,5IS0,3045,-2.834
NMS-1286937,5IS0,3046,-2.826
paliperidone,5IS0,3047,-2.825
elacridar,5IS0,3048,-2.824
cisapride,5IS0,3049,-2.822
AMG458,5IS0,3050,-2.819
taselisib,5IS0,3051,-2.819
BMS-777607,5IS0,3052,-2.816
mibefradil,5IS0,3053,-2.816
UNC0737,5IS0,3054,-2.815
NMS-873,5IS0,3055,-2.814
vandetanib,5IS0,3056,-2.811
NBI-74330-(+_-),5IS0,3057,-2.811
PF-06463922,5IS0,3058,-2.81
LDC1267,5IS0,3059,-2.806
vinorelbine,5IS0,3060,-2.798
SBE-13,5IS0,3061,-2.798
MK2-IN-1,5IS0,3062,-2.797
bunazosin,5IS0,3063,-2.794
coumarin,5IS0,3064,-2.793
pyrazoloacridine,5IS0,3065,-2.792
BIX-01294,5IS0,3066,-2.782
FPL-62064,5IS0,3067,-2.781
MK-8245,5IS0,3068,-2.778
UNC0638,5IS0,3069,-2.776
UNC0646,5IS0,3070,-2.775
vilazodone,5IS0,3071,-2.775
elafibranor,5IS0,3072,-2.773
barasertib,5IS0,3073,-2.773
elafibranor,5IS0,3074,-2.767
donitriptan,5IS0,3075,-2.766
Q-203,5IS0,3076,-2.765
piboserod,5IS0,3077,-2.76
zolantidine,5IS0,3078,-2.757
phenacaine,5IS0,3079,-2.754
UNC0646,5IS0,3080,-2.75
MK-1775,5IS0,3081,-2.749
GSK923295,5IS0,3082,-2.746
MGCD-265,5IS0,3083,-2.74
tosufloxacin,5IS0,3084,-2.735
dacomitinib,5IS0,3085,-2.734
acalisib,5IS0,3086,-2.733
pyronaridine,5IS0,3087,-2.731
furaltadone,5IS0,3088,-2.731
brexpiprazole,5IS0,3089,-2.727
prulifloxacin,5IS0,3090,-2.724
astemizole,5IS0,3091,-2.722
itraconazole,5IS0,3092,-2.721
UNC0737,5IS0,3093,-2.719
cediranib,5IS0,3094,-2.719
iloperidone,5IS0,3095,-2.717
SJ-172550,5IS0,3096,-2.715
quinine-ethyl-carbonate,5IS0,3097,-2.71
rifaximin,5IS0,3098,-2.707
tariquidar,5IS0,3099,-2.704
TC-NTR1-17,5IS0,3100,-2.702
pacritinib,5IS0,3101,-2.7
pyrazoloacridine,5IS0,3102,-2.698
NMS-P715,5IS0,3103,-2.696
sofosbuvir,5IS0,3104,-2.696
AI-10-49,5IS0,3105,-2.691
TC-NTR1-17,5IS0,3106,-2.688
AMG458,5IS0,3107,-2.688
CEP-32496,5IS0,3108,-2.687
CFM-1571,5IS0,3109,-2.687
pyrazoloacridine,5IS0,3110,-2.683
cisapride,5IS0,3111,-2.682
cisapride,5IS0,3112,-2.681
coumarin,5IS0,3113,-2.681
LDC1267,5IS0,3114,-2.68
elacridar,5IS0,3115,-2.679
vilazodone,5IS0,3116,-2.675
imiloxan,5IS0,3117,-2.674
brexpiprazole,5IS0,3118,-2.671
NMS-E973,5IS0,3119,-2.669
elagolix,5IS0,3120,-2.668
ketoconazole,5IS0,3121,-2.668
imiloxan,5IS0,3122,-2.662
pacritinib,5IS0,3123,-2.66
PSI-7976,5IS0,3124,-2.66
urapidil,5IS0,3125,-2.659
MK2-IN-1,5IS0,3126,-2.658
vilazodone,5IS0,3127,-2.658
ketoconazole,5IS0,3128,-2.652
fenofibric-acid,5IS0,3129,-2.65
dorsomorphin,5IS0,3130,-2.647
BIX-01294,5IS0,3131,-2.643
MRK-016,5IS0,3132,-2.642
telithromycin,5IS0,3133,-2.64
balaglitazone,5IS0,3134,-2.636
edaglitazone,5IS0,3135,-2.635
UNC0646,5IS0,3136,-2.635
AI-10-49,5IS0,3137,-2.634
elbasvir,5IS0,3138,-2.632
KU-60019,5IS0,3139,-2.63
ZK-93426,5IS0,3140,-2.629
iloperidone,5IS0,3141,-2.628
UNC0737,5IS0,3142,-2.625
A-887826,5IS0,3143,-2.618
MK-6096,5IS0,3144,-2.616
GW-1929,5IS0,3145,-2.611
EMD-1214063,5IS0,3146,-2.608
proxodolol,5IS0,3147,-2.605
A-887826,5IS0,3148,-2.603
NMS-P715,5IS0,3149,-2.603
cisapride,5IS0,3150,-2.594
phenprocoumon,5IS0,3151,-2.594
deltarasin,5IS0,3152,-2.593
proxodolol,5IS0,3153,-2.591
A-887826,5IS0,3154,-2.585
GW-1929,5IS0,3155,-2.584
barasertib-HQPA,5IS0,3156,-2.583
BAY-87-2243,5IS0,3157,-2.582
KL-001,5IS0,3158,-2.581
azeliragon,5IS0,3159,-2.58
WZ-3146,5IS0,3160,-2.58
AVE-0991,5IS0,3161,-2.575
TCS-3035,5IS0,3162,-2.575
SB-216641,5IS0,3163,-2.575
RS-100329,5IS0,3164,-2.575
sulfasalazine,5IS0,3165,-2.574
ARRY-334543,5IS0,3166,-2.57
CGM097,5IS0,3167,-2.567
cisapride,5IS0,3168,-2.565
copanlisib,5IS0,3169,-2.563
pacritinib,5IS0,3170,-2.563
MBX-2982,5IS0,3171,-2.561
liranaftate,5IS0,3172,-2.56
cediranib,5IS0,3173,-2.56
actinomycin-d,5IS0,3174,-2.559
LX7101,5IS0,3175,-2.557
liranaftate,5IS0,3176,-2.554
XL388,5IS0,3177,-2.55
GSK461364,5IS0,3178,-2.537
elafibranor,5IS0,3179,-2.535
GSK269962,5IS0,3180,-2.535
zafirlukast,5IS0,3181,-2.531
vilazodone,5IS0,3182,-2.527
venetoclax,5IS0,3183,-2.527
PSI-7976,5IS0,3184,-2.526
GSK269962,5IS0,3185,-2.523
ML314,5IS0,3186,-2.522
AMG-337,5IS0,3187,-2.521
L-741742,5IS0,3188,-2.519
PF-04457845,5IS0,3189,-2.515
taselisib,5IS0,3190,-2.512
decoquinate,5IS0,3191,-2.511
WZ-3146,5IS0,3192,-2.503
ravoxertinib,5IS0,3193,-2.503
alfuzosin,5IS0,3194,-2.502
ML314,5IS0,3195,-2.502
WAY-100635,5IS0,3196,-2.499
olmutinib,5IS0,3197,-2.496
NMS-1286937,5IS0,3198,-2.495
AZD8186,5IS0,3199,-2.493
GPR120-modulator-1,5IS0,3200,-2.486
C-021,5IS0,3201,-2.485
urapidil,5IS0,3202,-2.485
delamanid,5IS0,3203,-2.485
ARQ-621,5IS0,3204,-2.482
UNC0642,5IS0,3205,-2.478
piboserod,5IS0,3206,-2.477
PD-166285,5IS0,3207,-2.477
UNC0224,5IS0,3208,-2.477
cediranib,5IS0,3209,-2.476
sonidegib,5IS0,3210,-2.475
UNC0321,5IS0,3211,-2.466
AMG-487-(+_-),5IS0,3212,-2.466
MK2-IN-1,5IS0,3213,-2.455
iloperidone,5IS0,3214,-2.453
CFM-1571,5IS0,3215,-2.452
fenofibric-acid,5IS0,3216,-2.451
iloperidone,5IS0,3217,-2.448
BMS-265246,5IS0,3218,-2.446
itraconazole,5IS0,3219,-2.444
AZD8931,5IS0,3220,-2.443
CP-724714,5IS0,3221,-2.44
UNC0321,5IS0,3222,-2.438
tariquidar,5IS0,3223,-2.436
telithromycin,5IS0,3224,-2.434
WZ-3146,5IS0,3225,-2.434
GR125487,5IS0,3226,-2.433
elacridar,5IS0,3227,-2.432
A-887826,5IS0,3228,-2.426
salazodine,5IS0,3229,-2.426
asunaprevir,5IS0,3230,-2.426
erastin,5IS0,3231,-2.421
vardenafil,5IS0,3232,-2.416
C-021,5IS0,3233,-2.413
tesaglitazar,5IS0,3234,-2.41
pacritinib,5IS0,3235,-2.408
elafibranor,5IS0,3236,-2.399
cisapride,5IS0,3237,-2.396
vardenafil,5IS0,3238,-2.394
GSK461364,5IS0,3239,-2.392
afobazole,5IS0,3240,-2.391
BIX-01294,5IS0,3241,-2.389
itraconazole,5IS0,3242,-2.387
cevipabulin,5IS0,3243,-2.385
CPI-169,5IS0,3244,-2.382
mibefradil,5IS0,3245,-2.382
vindesine,5IS0,3246,-2.377
CGM097,5IS0,3247,-2.375
ravoxertinib,5IS0,3248,-2.375
trovafloxacin,5IS0,3249,-2.373
imiloxan,5IS0,3250,-2.371
liranaftate,5IS0,3251,-2.369
dacomitinib,5IS0,3252,-2.358
AVN-944,5IS0,3253,-2.358
elbasvir,5IS0,3254,-2.356
saracatinib,5IS0,3255,-2.351
PD-166285,5IS0,3256,-2.349
cilostazol,5IS0,3257,-2.347
vandetanib,5IS0,3258,-2.344
CGP-20712A,5IS0,3259,-2.343
MK2-IN-1,5IS0,3260,-2.333
rifaximin,5IS0,3261,-2.332
vindesine,5IS0,3262,-2.318
saracatinib,5IS0,3263,-2.313
cisapride,5IS0,3264,-2.311
WZ4003,5IS0,3265,-2.311
A-674563,5IS0,3266,-2.307
proxodolol,5IS0,3267,-2.306
LDC1267,5IS0,3268,-2.304
C-021,5IS0,3269,-2.301
piribedil,5IS0,3270,-2.297
DMH1,5IS0,3271,-2.297
amtolmetin-guacil,5IS0,3272,-2.293
pantoprazole,5IS0,3273,-2.288
tariquidar,5IS0,3274,-2.285
WZ-3146,5IS0,3275,-2.279
BMS-817378,5IS0,3276,-2.278
vindesine,5IS0,3277,-2.272
CGP-20712A,5IS0,3278,-2.269
BIX-01294,5IS0,3279,-2.263
dorsomorphin,5IS0,3280,-2.261
UNC0646,5IS0,3281,-2.26
BIX-01294,5IS0,3282,-2.256
lafutidine,5IS0,3283,-2.252
vindesine,5IS0,3284,-2.249
cediranib,5IS0,3285,-2.247
efatutazone,5IS0,3286,-2.244
HA-14-1,5IS0,3287,-2.241
iloperidone,5IS0,3288,-2.241
elbasvir,5IS0,3289,-2.24
CFM-1571,5IS0,3290,-2.237
GSK-2837808A,5IS0,3291,-2.236
elagolix,5IS0,3292,-2.231
UNC0642,5IS0,3293,-2.228
UNC0638,5IS0,3294,-2.227
prulifloxacin,5IS0,3295,-2.223
bunazosin,5IS0,3296,-2.222
elafibranor,5IS0,3297,-2.217
proxodolol,5IS0,3298,-2.215
imiloxan,5IS0,3299,-2.214
rhodamine-123,5IS0,3300,-2.213
CGP-20712A,5IS0,3301,-2.213
vindesine,5IS0,3302,-2.212
marbofloxacin,5IS0,3303,-2.208
A-887826,5IS0,3304,-2.201
lafutidine,5IS0,3305,-2.198
astemizole,5IS0,3306,-2.196
mosapride,5IS0,3307,-2.193
UNC0638,5IS0,3308,-2.192
barasertib-HQPA,5IS0,3309,-2.187
C-021,5IS0,3310,-2.187
UNC0642,5IS0,3311,-2.184
urapidil,5IS0,3312,-2.182
vardenafil,5IS0,3313,-2.181
BIX-01294,5IS0,3314,-2.176
cabozantinib,5IS0,3315,-2.175
elinogrel,5IS0,3316,-2.175
elagolix,5IS0,3317,-2.171
UNC0638,5IS0,3318,-2.17
CGP-20712A,5IS0,3319,-2.161
suvorexant,5IS0,3320,-2.161
UNC0737,5IS0,3321,-2.158
elafibranor,5IS0,3322,-2.158
cisapride,5IS0,3323,-2.157
RS-504393,5IS0,3324,-2.156
imiloxan,5IS0,3325,-2.151
suvorexant,5IS0,3326,-2.151
PSI-7976,5IS0,3327,-2.151
barasertib-HQPA,5IS0,3328,-2.15
RS-100329,5IS0,3329,-2.15
vinorelbine,5IS0,3330,-2.148
suvorexant,5IS0,3331,-2.146
BTS-72664,5IS0,3332,-2.145
UNC0638,5IS0,3333,-2.139
JNJ-42165279,5IS0,3334,-2.135
maytansinol-isobutyrate,5IS0,3335,-2.13
ansamitocin-p-3,5IS0,3336,-2.13
ML347,5IS0,3337,-2.128
balaglitazone,5IS0,3338,-2.126
AM679,5IS0,3339,-2.126
pyronaridine,5IS0,3340,-2.125
imiloxan,5IS0,3341,-2.124
vindesine,5IS0,3342,-2.123
AM679,5IS0,3343,-2.122
azasetron,5IS0,3344,-2.113
oxiperomide,5IS0,3345,-2.112
L-741742,5IS0,3346,-2.109
azilsartan-medoxomil,5IS0,3347,-2.108
UNC0631,5IS0,3348,-2.106
C-021,5IS0,3349,-2.099
proglumetacin,5IS0,3350,-2.099
UNC0321,5IS0,3351,-2.093
vilazodone,5IS0,3352,-2.092
barasertib-HQPA,5IS0,3353,-2.092
zibotentan,5IS0,3354,-2.091
barasertib-HQPA,5IS0,3355,-2.09
UNC0642,5IS0,3356,-2.088
UNC0638,5IS0,3357,-2.087
DSR-6434,5IS0,3358,-2.086
LRRK2-IN-1,5IS0,3359,-2.085
vilazodone,5IS0,3360,-2.084
UNC0224,5IS0,3361,-2.08
YIL-781,5IS0,3362,-2.08
mibefradil,5IS0,3363,-2.076
UNC0642,5IS0,3364,-2.073
UNC0638,5IS0,3365,-2.065
cediranib,5IS0,3366,-2.062
azeliragon,5IS0,3367,-2.058
delamanid,5IS0,3368,-2.058
CGP-20712A,5IS0,3369,-2.05
UNC0642,5IS0,3370,-2.048
suvorexant,5IS0,3371,-2.047
cevipabulin,5IS0,3372,-2.046
UNC0638,5IS0,3373,-2.039
DSR-6434,5IS0,3374,-2.031
rifabutin,5IS0,3375,-2.03
LY2606368,5IS0,3376,-2.03
pacritinib,5IS0,3377,-2.029
imiloxan,5IS0,3378,-2.029
UNC0631,5IS0,3379,-2.027
TG-100572,5IS0,3380,-2.026
BIX-01294,5IS0,3381,-2.019
CUDC-101,5IS0,3382,-2.008
urapidil,5IS0,3383,-2.004
GSK269962,5IS0,3384,-2.004
oxiperomide,5IS0,3385,-2
barasertib-HQPA,5IS0,3386,-1.998
MK-1775,5IS0,3387,-1.995
elafibranor,5IS0,3388,-1.994
mibefradil,5IS0,3389,-1.989
UNC0638,5IS0,3390,-1.988
TC-F-2,5IS0,3391,-1.981
DSR-6434,5IS0,3392,-1.981
ARV-825,5IS0,3393,-1.981
CFM-1571,5IS0,3394,-1.98
SBE-13,5IS0,3395,-1.975
donitriptan,5IS0,3396,-1.97
UNC0642,5IS0,3397,-1.968
vardenafil,5IS0,3398,-1.967
zolantidine,5IS0,3399,-1.959
UNC0642,5IS0,3400,-1.958
UNC0646,5IS0,3401,-1.956
vardenafil,5IS0,3402,-1.955
LY3000328,5IS0,3403,-1.954
elinogrel,5IS0,3404,-1.952
GSK269962,5IS0,3405,-1.951
MK-8245,5IS0,3406,-1.947
pantoprazole,5IS0,3407,-1.946
GW-1929,5IS0,3408,-1.944
rifabutin,5IS0,3409,-1.944
DMH1,5IS0,3410,-1.941
KI-20227,5IS0,3411,-1.937
pyronaridine,5IS0,3412,-1.936
nicergoline,5IS0,3413,-1.934
PD-166285,5IS0,3414,-1.934
CC-401,5IS0,3415,-1.93
ARRY-334543,5IS0,3416,-1.926
TG-100572,5IS0,3417,-1.926
imiloxan,5IS0,3418,-1.925
WZ-3146,5IS0,3419,-1.924
LY2606368,5IS0,3420,-1.923
UNC0321,5IS0,3421,-1.921
pantoprazole,5IS0,3422,-1.917
L-741742,5IS0,3423,-1.911
BMS-690514,5IS0,3424,-1.906
JNJ-42165279,5IS0,3425,-1.905
CTEP,5IS0,3426,-1.903
UNC0642,5IS0,3427,-1.901
urapidil,5IS0,3428,-1.895
RS-504393,5IS0,3429,-1.89
erastin,5IS0,3430,-1.885
PSI-7976,5IS0,3431,-1.882
candesartan-cilextil,5IS0,3432,-1.88
prulifloxacin,5IS0,3433,-1.877
marbofloxacin,5IS0,3434,-1.876
fenofibric-acid,5IS0,3435,-1.872
mirodenafil,5IS0,3436,-1.865
cisapride,5IS0,3437,-1.862
AMG-487,5IS0,3438,-1.851
YIL-781,5IS0,3439,-1.85
prulifloxacin,5IS0,3440,-1.849
LY2606368,5IS0,3441,-1.848
cisapride,5IS0,3442,-1.847
SB-334867,5IS0,3443,-1.843
cisapride,5IS0,3444,-1.841
ARQ-621,5IS0,3445,-1.839
erastin,5IS0,3446,-1.839
bunazosin,5IS0,3447,-1.836
vinflunine,5IS0,3448,-1.834
WZ-3146,5IS0,3449,-1.833
doramapimod,5IS0,3450,-1.822
UNC0321,5IS0,3451,-1.821
elbasvir,5IS0,3452,-1.81
UNC0737,5IS0,3453,-1.809
C-021,5IS0,3454,-1.809
L-741742,5IS0,3455,-1.808
TG-100572,5IS0,3456,-1.807
suvorexant,5IS0,3457,-1.805
I-BET-762,5IS0,3458,-1.801
urapidil,5IS0,3459,-1.795
UNC0321,5IS0,3460,-1.792
PD-166285,5IS0,3461,-1.783
ARRY-334543,5IS0,3462,-1.783
UNC0646,5IS0,3463,-1.782
UNC0321,5IS0,3464,-1.782
venetoclax,5IS0,3465,-1.779
prulifloxacin,5IS0,3466,-1.762
UNC0737,5IS0,3467,-1.756
AM679,5IS0,3468,-1.752
AM679,5IS0,3469,-1.745
UNC0631,5IS0,3470,-1.745
imiloxan,5IS0,3471,-1.744
RAF265,5IS0,3472,-1.744
oxiperomide,5IS0,3473,-1.742
BAY-87-2243,5IS0,3474,-1.742
UNC0638,5IS0,3475,-1.742
rifabutin,5IS0,3476,-1.742
canertinib,5IS0,3477,-1.74
urapidil,5IS0,3478,-1.736
YIL-781,5IS0,3479,-1.734
AMG-487-(+_-),5IS0,3480,-1.726
TG-101348,5IS0,3481,-1.726
tandutinib,5IS0,3482,-1.721
LY2606368,5IS0,3483,-1.72
UNC0224,5IS0,3484,-1.72
AM679,5IS0,3485,-1.718
ARV-825,5IS0,3486,-1.718
efatutazone,5IS0,3487,-1.716
vinorelbine,5IS0,3488,-1.714
taranabant,5IS0,3489,-1.698
RS-100329,5IS0,3490,-1.695
piribedil,5IS0,3491,-1.694
elacridar,5IS0,3492,-1.694
rifampin,5IS0,3493,-1.693
MK-8245,5IS0,3494,-1.691
CGM097,5IS0,3495,-1.691
C-021,5IS0,3496,-1.689
erlotinib,5IS0,3497,-1.687
C-021,5IS0,3498,-1.685
BIX-01294,5IS0,3499,-1.673
UNC0638,5IS0,3500,-1.665
phenacaine,5IS0,3501,-1.656
WH-4-023,5IS0,3502,-1.656
cabozantinib,5IS0,3503,-1.649
JNJ-42165279,5IS0,3504,-1.646
CP-673451,5IS0,3505,-1.643
zibotentan,5IS0,3506,-1.639
elinogrel,5IS0,3507,-1.632
dacomitinib,5IS0,3508,-1.631
PSI-7976,5IS0,3509,-1.63
elbasvir,5IS0,3510,-1.63
phenacaine,5IS0,3511,-1.622
AMG-487,5IS0,3512,-1.621
UNC0321,5IS0,3513,-1.621
UNC0321,5IS0,3514,-1.619
UNC0642,5IS0,3515,-1.618
C-021,5IS0,3516,-1.609
rifabutin,5IS0,3517,-1.607
vilazodone,5IS0,3518,-1.604
TG-100572,5IS0,3519,-1.598
AM679,5IS0,3520,-1.595
CITCO,5IS0,3521,-1.594
NMS-1286937,5IS0,3522,-1.589
GPR120-modulator-1,5IS0,3523,-1.585
phenacaine,5IS0,3524,-1.581
saracatinib,5IS0,3525,-1.578
TC-N-1752,5IS0,3526,-1.577
CGM097,5IS0,3527,-1.574
ARV-825,5IS0,3528,-1.573
UNC0642,5IS0,3529,-1.572
YIL-781,5IS0,3530,-1.565
WH-4-023,5IS0,3531,-1.564
gilteritinib,5IS0,3532,-1.558
LX7101,5IS0,3533,-1.558
prulifloxacin,5IS0,3534,-1.554
GSK1292263,5IS0,3535,-1.554
UNC0638,5IS0,3536,-1.549
astemizole,5IS0,3537,-1.548
HER2-Inhibitor-1,5IS0,3538,-1.539
elbasvir,5IS0,3539,-1.533
azilsartan-medoxomil,5IS0,3540,-1.527
ZCL-278,5IS0,3541,-1.526
quinine-ethyl-carbonate,5IS0,3542,-1.524
TC-F-2,5IS0,3543,-1.517
XMD17-109,5IS0,3544,-1.51
cabozantinib,5IS0,3545,-1.506
itraconazole,5IS0,3546,-1.506
cabozantinib,5IS0,3547,-1.5
rebastinib,5IS0,3548,-1.497
WAY-100635,5IS0,3549,-1.493
UNC0224,5IS0,3550,-1.49
BMS-191095,5IS0,3551,-1.489
YIL-781,5IS0,3552,-1.48
pyrazoloacridine,5IS0,3553,-1.48
oxiperomide,5IS0,3554,-1.477
UNC0631,5IS0,3555,-1.473
venetoclax,5IS0,3556,-1.467
prulifloxacin,5IS0,3557,-1.461
UNC0224,5IS0,3558,-1.46
deltarasin,5IS0,3559,-1.458
ML314,5IS0,3560,-1.458
vinblastine,5IS0,3561,-1.452
tandutinib,5IS0,3562,-1.45
UNC0642,5IS0,3563,-1.448
CGP-20712A,5IS0,3564,-1.447
lorlatinib,5IS0,3565,-1.445
azilsartan,5IS0,3566,-1.438
UNC0224,5IS0,3567,-1.435
DMH1,5IS0,3568,-1.419
UNC0646,5IS0,3569,-1.417
OTS167,5IS0,3570,-1.403
PF-06463922,5IS0,3571,-1.4
ML-348,5IS0,3572,-1.4
WH-4-023,5IS0,3573,-1.396
GSK269962,5IS0,3574,-1.395
PD-166285,5IS0,3575,-1.39
AZ3146,5IS0,3576,-1.387
pyrazoloacridine,5IS0,3577,-1.384
YIL-781,5IS0,3578,-1.376
tandutinib,5IS0,3579,-1.364
cefpiramide,5IS0,3580,-1.359
foretinib,5IS0,3581,-1.358
GTS21,5IS0,3582,-1.353
AV-412,5IS0,3583,-1.352
UNC0224,5IS0,3584,-1.342
UNC0321,5IS0,3585,-1.342
saracatinib,5IS0,3586,-1.338
NMS-1286937,5IS0,3587,-1.333
TG-100572,5IS0,3588,-1.329
BAY-87-2243,5IS0,3589,-1.322
MBX-2982,5IS0,3590,-1.32
UNC0737,5IS0,3591,-1.313
UNC0321,5IS0,3592,-1.306
GSK1904529A,5IS0,3593,-1.3
UNC0321,5IS0,3594,-1.297
UNC0224,5IS0,3595,-1.296
NMS-1286937,5IS0,3596,-1.294
tariquidar,5IS0,3597,-1.294
JNJ-42165279,5IS0,3598,-1.291
vindesine,5IS0,3599,-1.29
vinblastine,5IS0,3600,-1.289
telithromycin,5IS0,3601,-1.284
UNC0224,5IS0,3602,-1.283
lafutidine,5IS0,3603,-1.283
delamanid,5IS0,3604,-1.282
PD-166285,5IS0,3605,-1.28
SCH-51344,5IS0,3606,-1.279
ML-348,5IS0,3607,-1.276
mibefradil,5IS0,3608,-1.271
clioquinol,5IS0,3609,-1.268
tivozanib,5IS0,3610,-1.267
mosapride,5IS0,3611,-1.265
pyrazoloacridine,5IS0,3612,-1.264
ML-348,5IS0,3613,-1.264
liranaftate,5IS0,3614,-1.261
erlotinib,5IS0,3615,-1.261
UNC0638,5IS0,3616,-1.259
idelalisib,5IS0,3617,-1.259
AZD8931,5IS0,3618,-1.255
UNC0642,5IS0,3619,-1.254
rifabutin,5IS0,3620,-1.24
azilsartan-medoxomil,5IS0,3621,-1.238
ML314,5IS0,3622,-1.237
AMG-487,5IS0,3623,-1.232
vindesine,5IS0,3624,-1.221
goserelin-acetate,5IS0,3625,-1.213
AMG-487-(+_-),5IS0,3626,-1.212
L-741742,5IS0,3627,-1.211
vindesine,5IS0,3628,-1.208
ZCL-278,5IS0,3629,-1.208
vincristine,5IS0,3630,-1.204
prulifloxacin,5IS0,3631,-1.201
vardenafil,5IS0,3632,-1.199
UNC0646,5IS0,3633,-1.195
NMS-1286937,5IS0,3634,-1.191
C-021,5IS0,3635,-1.178
oxiperomide,5IS0,3636,-1.172
ML-348,5IS0,3637,-1.17
SID-7969543,5IS0,3638,-1.168
CGM097,5IS0,3639,-1.167
L-741742,5IS0,3640,-1.155
vardenafil,5IS0,3641,-1.152
UNC0737,5IS0,3642,-1.147
L-741742,5IS0,3643,-1.147
L-741742,5IS0,3644,-1.143
oxolinic-acid,5IS0,3645,-1.143
liranaftate,5IS0,3646,-1.141
UNC0638,5IS0,3647,-1.128
AMG-487,5IS0,3648,-1.126
CFM-1571,5IS0,3649,-1.124
astemizole,5IS0,3650,-1.121
vardenafil,5IS0,3651,-1.116
vindesine,5IS0,3652,-1.104
SGI-1776,5IS0,3653,-1.084
trequinsin,5IS0,3654,-1.081
YIL-781,5IS0,3655,-1.066
vindesine,5IS0,3656,-1.056
AV-412,5IS0,3657,-1.055
spiroxatrine,5IS0,3658,-1.051
astemizole,5IS0,3659,-1.036
afobazole,5IS0,3660,-1.032
simeprevir,5IS0,3661,-1.032
UNC0642,5IS0,3662,-1.026
UNC0321,5IS0,3663,-1.024
CGM097,5IS0,3664,-1.023
prulifloxacin,5IS0,3665,-1.02
balaglitazone,5IS0,3666,-1.017
vindesine,5IS0,3667,-1.015
LX7101,5IS0,3668,-1.004
UNC0224,5IS0,3669,-0.994
AC-710,5IS0,3670,-0.986
elacridar,5IS0,3671,-0.979
UNC0737,5IS0,3672,-0.979
GPR120-modulator-1,5IS0,3673,-0.975
nor-Binaltorphimine-dihydrochloride,5IS0,3674,-0.959
elinogrel,5IS0,3675,-0.955
vindesine,5IS0,3676,-0.954
nor-Binaltorphimine-dihydrochloride,5IS0,3677,-0.951
UNC0638,5IS0,3678,-0.937
nicergoline,5IS0,3679,-0.922
CGP-20712A,5IS0,3680,-0.921
PD-166285,5IS0,3681,-0.91
RS-504393,5IS0,3682,-0.909
gefitinib,5IS0,3683,-0.901
UNC0646,5IS0,3684,-0.888
UNC0642,5IS0,3685,-0.887
UNC0321,5IS0,3686,-0.886
AZD8931,5IS0,3687,-0.884
nor-Binaltorphimine-dihydrochloride,5IS0,3688,-0.872
RS-504393,5IS0,3689,-0.866
vindesine,5IS0,3690,-0.865
GSK1292263,5IS0,3691,-0.832
bunazosin,5IS0,3692,-0.826
ARQ-621,5IS0,3693,-0.825
UNC0631,5IS0,3694,-0.817
UNC0224,5IS0,3695,-0.813
tariquidar,5IS0,3696,-0.81
GSK1292263,5IS0,3697,-0.808
paritaprevir,5IS0,3698,-0.806
ansamitocin-p-3,5IS0,3699,-0.8
lafutidine,5IS0,3700,-0.797
CGP-20712A,5IS0,3701,-0.792
CC-401,5IS0,3702,-0.792
PD-166285,5IS0,3703,-0.79
UNC0321,5IS0,3704,-0.783
GW-1100,5IS0,3705,-0.783
NMS-P715,5IS0,3706,-0.779
ansamitocin-p-3,5IS0,3707,-0.778
spiroxatrine,5IS0,3708,-0.777
GW-803430,5IS0,3709,-0.775
grazoprevir,5IS0,3710,-0.77
NMS-P715,5IS0,3711,-0.769
FCE-22250,5IS0,3712,-0.764
vindesine,5IS0,3713,-0.758
oxiperomide,5IS0,3714,-0.755
UNC0642,5IS0,3715,-0.754
GSK1292263,5IS0,3716,-0.751
LX7101,5IS0,3717,-0.749
UNC0631,5IS0,3718,-0.748
EMD-1214063,5IS0,3719,-0.747
UNC0737,5IS0,3720,-0.747
doramapimod,5IS0,3721,-0.745
decoquinate,5IS0,3722,-0.742
UNC0646,5IS0,3723,-0.73
UNC0638,5IS0,3724,-0.722
UNC0638,5IS0,3725,-0.721
TBA-354,5IS0,3726,-0.718
spiroxatrine,5IS0,3727,-0.713
ansamitocin-p-3,5IS0,3728,-0.712
SGI-1776,5IS0,3729,-0.699
telithromycin,5IS0,3730,-0.697
UNC0224,5IS0,3731,-0.694
rifaximin,5IS0,3732,-0.692
UNC0631,5IS0,3733,-0.691
rifaximin,5IS0,3734,-0.678
UNC0224,5IS0,3735,-0.677
NK-252,5IS0,3736,-0.648
zafirlukast,5IS0,3737,-0.645
MBX-2982,5IS0,3738,-0.643
WAY-100635,5IS0,3739,-0.641
spiroxatrine,5IS0,3740,-0.638
uprosertib,5IS0,3741,-0.632
WAY-100635,5IS0,3742,-0.632
rifaximin,5IS0,3743,-0.624
BML-190,5IS0,3744,-0.622
zafirlukast,5IS0,3745,-0.618
rifaximin,5IS0,3746,-0.606
spiroxatrine,5IS0,3747,-0.6
cabozantinib,5IS0,3748,-0.594
taranabant,5IS0,3749,-0.577
UNC0631,5IS0,3750,-0.575
UNC0646,5IS0,3751,-0.574
ZCL-278,5IS0,3752,-0.568
saracatinib,5IS0,3753,-0.562
LY2603618,5IS0,3754,-0.556
DSR-6434,5IS0,3755,-0.546
donitriptan,5IS0,3756,-0.537
proglumetacin,5IS0,3757,-0.536
UNC0224,5IS0,3758,-0.536
paritaprevir,5IS0,3759,-0.529
GSK1292263,5IS0,3760,-0.529
elagolix,5IS0,3761,-0.506
UNC0631,5IS0,3762,-0.504
UNC0646,5IS0,3763,-0.5
ZK-93426,5IS0,3764,-0.494
CUDC-427,5IS0,3765,-0.476
telithromycin,5IS0,3766,-0.473
UNC0631,5IS0,3767,-0.47
LY2603618,5IS0,3768,-0.465
telithromycin,5IS0,3769,-0.457
BMS-599626,5IS0,3770,-0.457
DMH1,5IS0,3771,-0.45
UNC0737,5IS0,3772,-0.446
amodiaquine,5IS0,3773,-0.441
cisapride,5IS0,3774,-0.438
azilsartan-medoxomil,5IS0,3775,-0.43
MGCD-265,5IS0,3776,-0.409
asunaprevir,5IS0,3777,-0.402
vinflunine,5IS0,3778,-0.396
UNC0631,5IS0,3779,-0.395
pantoprazole,5IS0,3780,-0.395
UNC0737,5IS0,3781,-0.392
LX7101,5IS0,3782,-0.374
AVE-0991,5IS0,3783,-0.373
GPR120-modulator-1,5IS0,3784,-0.368
vincristine,5IS0,3785,-0.367
2-[1-(4-piperonyl)piperazinyl]benzothiazole,5IS0,3786,-0.366
elinogrel,5IS0,3787,-0.353
CGM097,5IS0,3788,-0.352
ansamitocin-p-3,5IS0,3789,-0.349
dacomitinib,5IS0,3790,-0.347
BIX-01294,5IS0,3791,-0.346
SID-7969543,5IS0,3792,-0.34
UNC0737,5IS0,3793,-0.34
ZCL-278,5IS0,3794,-0.34
barasertib,5IS0,3795,-0.331
WAY-100635,5IS0,3796,-0.329
vinflunine,5IS0,3797,-0.318
UNC0631,5IS0,3798,-0.317
ML314,5IS0,3799,-0.315
cabozantinib,5IS0,3800,-0.314
candesartan-cilextil,5IS0,3801,-0.31
UNC0646,5IS0,3802,-0.303
UNC0224,5IS0,3803,-0.293
UNC0631,5IS0,3804,-0.291
spiroxatrine,5IS0,3805,-0.275
PSI-7976,5IS0,3806,-0.274
CGP-20712A,5IS0,3807,-0.257
UNC0737,5IS0,3808,-0.254
GSK461364,5IS0,3809,-0.247
terazosin,5IS0,3810,-0.239
elacridar,5IS0,3811,-0.232
NMS-P715,5IS0,3812,-0.232
UNC0737,5IS0,3813,-0.231
venetoclax,5IS0,3814,-0.224
elacridar,5IS0,3815,-0.213
MBX-2982,5IS0,3816,-0.21
terconazole,5IS0,3817,-0.207
iloperidone,5IS0,3818,-0.205
CC-401,5IS0,3819,-0.197
MBX-2982,5IS0,3820,-0.179
BMS-806,5IS0,3821,-0.154
EMD-1214063,5IS0,3822,-0.136
WAY-100635,5IS0,3823,-0.126
UNC0646,5IS0,3824,-0.123
vinblastine,5IS0,3825,-0.119
erastin,5IS0,3826,-0.108
WAY-100635,5IS0,3827,-0.108
mirodenafil,5IS0,3828,-0.104
ansamitocin-p-3,5IS0,3829,-0.103
vincristine,5IS0,3830,-0.101
UNC0737,5IS0,3831,-0.1
afobazole,5IS0,3832,-0.099
astemizole,5IS0,3833,-0.076
astemizole,5IS0,3834,-0.073
phenacaine,5IS0,3835,-0.073
pantoprazole,5IS0,3836,-0.056
azilsartan-medoxomil,5IS0,3837,-0.055
phenacaine,5IS0,3838,-0.052
iloperidone,5IS0,3839,-0.047
quizartinib,5IS0,3840,-0.036
afobazole,5IS0,3841,-0.034
PD-166285,5IS0,3842,-0.026
UNC0631,5IS0,3843,-0.024
ansamitocin-p-3,5IS0,3844,-0.014
RS-504393,5IS0,3845,-0.003
tariquidar,5IS0,3846,0.007
NMS-873,5IS0,3847,0.009
barasertib-HQPA,5IS0,3848,0.01
rifabutin,5IS0,3849,0.011
zafirlukast,5IS0,3850,0.012
proglumetacin,5IS0,3851,0.02
GW-1929,5IS0,3852,0.023
WAY-100635,5IS0,3853,0.026
vinflunine,5IS0,3854,0.029
tariquidar,5IS0,3855,0.036
donitriptan,5IS0,3856,0.037
elacridar,5IS0,3857,0.039
proxodolol,5IS0,3858,0.043
CGP-20712A,5IS0,3859,0.051
rifabutin,5IS0,3860,0.051
rifaximin,5IS0,3861,0.066
vinflunine,5IS0,3862,0.067
ZK-93426,5IS0,3863,0.094
vincristine,5IS0,3864,0.096
WH-4-023,5IS0,3865,0.096
CGM097,5IS0,3866,0.106
MBX-2982,5IS0,3867,0.11
dacomitinib,5IS0,3868,0.138
saracatinib,5IS0,3869,0.145
afobazole,5IS0,3870,0.163
paritaprevir,5IS0,3871,0.183
AZ3146,5IS0,3872,0.193
tariquidar,5IS0,3873,0.194
KT-433,5IS0,3874,0.201
ceritinib,5IS0,3875,0.213
maytansinol-isobutyrate,5IS0,3876,0.221
vinblastine,5IS0,3877,0.239
cisapride,5IS0,3878,0.286
efatutazone,5IS0,3879,0.289
vinflunine,5IS0,3880,0.298
WH-4-023,5IS0,3881,0.311
barasertib,5IS0,3882,0.322
bunazosin,5IS0,3883,0.322
vinblastine,5IS0,3884,0.346
taranabant,5IS0,3885,0.353
vinblastine,5IS0,3886,0.359
dorsomorphin,5IS0,3887,0.374
UNC0631,5IS0,3888,0.378
vinblastine,5IS0,3889,0.403
APD668,5IS0,3890,0.406
RS-504393,5IS0,3891,0.409
AZD3759,5IS0,3892,0.417
APD668,5IS0,3893,0.417
rifapentine,5IS0,3894,0.419
LY2603618,5IS0,3895,0.423
nor-Binaltorphimine-dihydrochloride,5IS0,3896,0.442
phenacaine,5IS0,3897,0.456
vinblastine,5IS0,3898,0.462
ZCL-278,5IS0,3899,0.476
iloperidone,5IS0,3900,0.485
pyrazoloacridine,5IS0,3901,0.489
WH-4-023,5IS0,3902,0.493
proglumetacin,5IS0,3903,0.51
AMG-487,5IS0,3904,0.514
paritaprevir,5IS0,3905,0.516
vinblastine,5IS0,3906,0.544
GSK-2837808A,5IS0,3907,0.547
salazodine,5IS0,3908,0.554
amtolmetin-guacil,5IS0,3909,0.556
BAY-87-2243,5IS0,3910,0.577
uprosertib,5IS0,3911,0.602
astemizole,5IS0,3912,0.67
proglumetacin,5IS0,3913,0.678
GSK-2837808A,5IS0,3914,0.682
terconazole,5IS0,3915,0.685
CC-401,5IS0,3916,0.697
APD668,5IS0,3917,0.712
WZ4003,5IS0,3918,0.72
sulfasalazine,5IS0,3919,0.721
LY3000328,5IS0,3920,0.74
vinblastine,5IS0,3921,0.744
ZK-93426,5IS0,3922,0.769
phenacaine,5IS0,3923,0.771
elafibranor,5IS0,3924,0.778
bunazosin,5IS0,3925,0.785
oxiperomide,5IS0,3926,0.789
TCS-3035,5IS0,3927,0.793
vinflunine,5IS0,3928,0.828
APD668,5IS0,3929,0.83
pirodavir,5IS0,3930,0.838
nor-Binaltorphimine-dihydrochloride,5IS0,3931,0.847
astemizole,5IS0,3932,0.85
terconazole,5IS0,3933,0.867
APD668,5IS0,3934,0.873
rifaximin,5IS0,3935,0.875
nor-Binaltorphimine-dihydrochloride,5IS0,3936,0.886
candesartan-cilextil,5IS0,3937,0.889
vinflunine,5IS0,3938,0.897
JK-184,5IS0,3939,0.903
OTS167,5IS0,3940,0.932
AMG-487-(+_-),5IS0,3941,0.952
AMG-487,5IS0,3942,0.956
PSI-7976,5IS0,3943,0.965
venetoclax,5IS0,3944,0.996
crizotinib-(S),5IS0,3945,1.008
proglumetacin,5IS0,3946,1.031
UNC0224,5IS0,3947,1.044
paritaprevir,5IS0,3948,1.047
ARV-825,5IS0,3949,1.05
TG-100572,5IS0,3950,1.051
rifapentine,5IS0,3951,1.06
bunazosin,5IS0,3952,1.085
ceftaroline-fosamil,5IS0,3953,1.102
zafirlukast,5IS0,3954,1.112
ansamitocin-p-3,5IS0,3955,1.126
UNC0224,5IS0,3956,1.135
UNC0224,5IS0,3957,1.136
sulfasalazine,5IS0,3958,1.141
bunazosin,5IS0,3959,1.143
iloperidone,5IS0,3960,1.145
salazodine,5IS0,3961,1.148
elacridar,5IS0,3962,1.151
BAY-87-2243,5IS0,3963,1.162
elinogrel,5IS0,3964,1.167
elacridar,5IS0,3965,1.191
nor-Binaltorphimine-dihydrochloride,5IS0,3966,1.193
GSK-2837808A,5IS0,3967,1.202
saracatinib,5IS0,3968,1.207
paritaprevir,5IS0,3969,1.209
UNC0224,5IS0,3970,1.234
delamanid,5IS0,3971,1.244
venetoclax,5IS0,3972,1.248
UNC0642,5IS0,3973,1.251
bunazosin,5IS0,3974,1.272
rifaximin,5IS0,3975,1.28
bunazosin,5IS0,3976,1.285
T-0156,5IS0,3977,1.289
nor-Binaltorphimine-dihydrochloride,5IS0,3978,1.318
proglumetacin,5IS0,3979,1.321
BAY-87-2243,5IS0,3980,1.331
UNC0224,5IS0,3981,1.333
elacridar,5IS0,3982,1.386
vincristine,5IS0,3983,1.408
suvorexant,5IS0,3984,1.408
BMS-817378,5IS0,3985,1.414
GSK-2837808A,5IS0,3986,1.416
BAY-87-2243,5IS0,3987,1.434
lafutidine,5IS0,3988,1.447
TG-100801,5IS0,3989,1.447
phenacaine,5IS0,3990,1.447
UNC0642,5IS0,3991,1.451
candesartan-cilextil,5IS0,3992,1.456
sofosbuvir,5IS0,3993,1.462
APD668,5IS0,3994,1.466
dactinomycin,5IS0,3995,1.473
UNC0631,5IS0,3996,1.493
candesartan,5IS0,3997,1.501
NMS-P715,5IS0,3998,1.582
elinogrel,5IS0,3999,1.592
phenacaine,5IS0,4000,1.6
AVE-0991,5IS0,4001,1.606
sulfasalazine,5IS0,4002,1.626
iloperidone,5IS0,4003,1.645
rifapentine,5IS0,4004,1.652
UNC0737,5IS0,4005,1.653
BAY-87-2243,5IS0,4006,1.655
venetoclax,5IS0,4007,1.691
UNC0737,5IS0,4008,1.701
RS-504393,5IS0,4009,1.724
barasertib-HQPA,5IS0,4010,1.742
APD668,5IS0,4011,1.746
terconazole,5IS0,4012,1.763
TG-100801,5IS0,4013,1.764
UNC0631,5IS0,4014,1.785
telithromycin,5IS0,4015,1.786
phenacaine,5IS0,4016,1.839
tesaglitazar,5IS0,4017,1.877
vincristine,5IS0,4018,1.885
vincristine,5IS0,4019,1.887
HA-14-1,5IS0,4020,1.894
RS-504393,5IS0,4021,1.899
UNC0631,5IS0,4022,1.909
vincristine,5IS0,4023,1.92
APD668,5IS0,4024,1.936
vincristine,5IS0,4025,1.961
tariquidar,5IS0,4026,1.984
tariquidar,5IS0,4027,1.992
APD668,5IS0,4028,2.005
APD668,5IS0,4029,2.008
tesaglitazar,5IS0,4030,2.02
rifaximin,5IS0,4031,2.029
UNC0638,5IS0,4032,2.039
vinblastine,5IS0,4033,2.04
vinflunine,5IS0,4034,2.049
proglumetacin,5IS0,4035,2.085
venetoclax,5IS0,4036,2.096
tesaglitazar,5IS0,4037,2.123
BAY-87-2243,5IS0,4038,2.129
vincristine,5IS0,4039,2.132
GSK461364,5IS0,4040,2.142
vinblastine,5IS0,4041,2.16
MGCD-265,5IS0,4042,2.178
salazodine,5IS0,4043,2.189
RS-504393,5IS0,4044,2.201
vinorelbine,5IS0,4045,2.22
GSK-2837808A,5IS0,4046,2.24
candesartan,5IS0,4047,2.244
rifabutin,5IS0,4048,2.258
vinorelbine,5IS0,4049,2.267
UNC0638,5IS0,4050,2.272
tesaglitazar,5IS0,4051,2.277
terconazole,5IS0,4052,2.326
vinorelbine,5IS0,4053,2.369
AMG-487,5IS0,4054,2.416
vincristine,5IS0,4055,2.418
candesartan-cilextil,5IS0,4056,2.427
vinorelbine,5IS0,4057,2.434
vinblastine,5IS0,4058,2.446
vinorelbine,5IS0,4059,2.483
phenacaine,5IS0,4060,2.552
vinblastine,5IS0,4061,2.552
rifabutin,5IS0,4062,2.565
terconazole,5IS0,4063,2.575
venetoclax,5IS0,4064,2.628
vincristine,5IS0,4065,2.678
vinblastine,5IS0,4066,2.691
AMG-487,5IS0,4067,2.725
vinorelbine,5IS0,4068,2.892
tariquidar,5IS0,4069,2.906
vincristine,5IS0,4070,2.908
UNC0631,5IS0,4071,3.02
paritaprevir,5IS0,4072,3.022
AMG-487,5IS0,4073,3.088
AMG-487-(+_-),5IS0,4074,3.123
paritaprevir,5IS0,4075,3.219
quinine-ethyl-carbonate,5IS0,4076,3.302
quinine-ethyl-carbonate,5IS0,4077,3.494
terconazole,5IS0,4078,3.53
terconazole,5IS0,4079,3.553
terconazole,5IS0,4080,3.599
rifampin,5IS0,4081,3.67
terconazole,5IS0,4082,3.731
candesartan-cilextil,5IS0,4083,3.746
proglumetacin,5IS0,4084,3.845
candesartan-cilextil,5IS0,4085,4.072
nicergoline,5IS0,4086,4.126
rifapentine,5IS0,4087,4.209
elinogrel,5IS0,4088,4.222
vincristine,5IS0,4089,4.288
XMD17-109,5IS0,4090,4.375
amtolmetin-guacil,5IS0,4091,4.433
vinblastine,5IS0,4092,4.441
AMG-487,5IS0,4093,4.461
vincristine,5IS0,4094,4.616
rifapentine,5IS0,4095,4.66
vincristine,5IS0,4096,4.956
vincristine,5IS0,4097,5.008
nor-Binaltorphimine-dihydrochloride,5IS0,4098,5.182
paritaprevir,5IS0,4099,5.356
WH-4-023,5IS0,4100,5.52
elinogrel,5IS0,4101,6.165
rifampin,5IS0,4102,6.234
ZCL-278,5IS0,4103,6.344
vinorelbine,5IS0,4104,6.455
rifampin,5IS0,4105,6.462
quinine-ethyl-carbonate,5IS0,4106,6.55
rifampin,5IS0,4107,6.563
vinorelbine,5IS0,4108,6.785
rifampin,5IS0,4109,6.85
vinorelbine,5IS0,4110,7.208
rifapentine,5IS0,4111,7.233
rifapentine,5IS0,4112,7.4
vinorelbine,5IS0,4113,7.404
vincristine,5IS0,4114,10.791
flavin-adenine-dinucleotide,7LPD,2,-14.539
flavin-adenine-dinucleotide,7LPD,3,-14.317
flavin-adenine-dinucleotide,7LPD,4,-12.9
flavin-adenine-dinucleotide,7LPD,5,-12.157
EVP4593,7LPD,6,-11.992
flavin-adenine-dinucleotide,7LPD,7,-11.215
L-694247,7LPD,8,-10.935
donitriptan,7LPD,9,-10.885
neurodazine,7LPD,10,-10.819
RKI-1447,7LPD,11,-10.78
RKI-1447,7LPD,12,-10.746
EVP4593,7LPD,13,-10.719
flavin-adenine-dinucleotide,7LPD,14,-10.688
GW-583340,7LPD,15,-10.664
3-MPPI,7LPD,16,-10.617
RKI-1447,7LPD,17,-10.611
flavin-adenine-dinucleotide,7LPD,18,-10.579
L-694247,7LPD,19,-10.545
L-694247,7LPD,20,-10.519
piclamilast,7LPD,21,-10.444
BMS-817378,7LPD,22,-10.428
EVP4593,7LPD,23,-10.417
L-694247,7LPD,24,-10.414
HER2-Inhibitor-1,7LPD,25,-10.336
3-MPPI,7LPD,26,-10.3
BMS-817378,7LPD,27,-10.296
L-741742,7LPD,28,-10.256
RKI-1447,7LPD,29,-10.246
GSK923295,7LPD,30,-10.235
3-MPPI,7LPD,31,-10.208
GW-583340,7LPD,32,-10.192
3-MPPI,7LPD,33,-10.177
GW-583340,7LPD,34,-10.155
SC-51089,7LPD,35,-10.144
KG-5,7LPD,36,-10.119
HER2-Inhibitor-1,7LPD,37,-10.096
TFC-007,7LPD,38,-10.094
alisertib,7LPD,39,-10.081
CPI-169,7LPD,40,-10.08
HER2-Inhibitor-1,7LPD,41,-10.078
donitriptan,7LPD,42,-10.041
KI-8751,7LPD,43,-10.034
tesaglitazar,7LPD,44,-9.927
LY225910,7LPD,45,-9.905
LY225910,7LPD,46,-9.891
BMS-817378,7LPD,47,-9.877
LY225910,7LPD,48,-9.807
NMS-1286937,7LPD,49,-9.796
LY266097,7LPD,50,-9.781
telotristat-ethyl,7LPD,51,-9.772
KG-5,7LPD,52,-9.741
CYM-5442,7LPD,53,-9.724
HER2-Inhibitor-1,7LPD,54,-9.702
EVP4593,7LPD,55,-9.637
lemborexant,7LPD,56,-9.632
KRN-633,7LPD,57,-9.616
JNJ-42165279,7LPD,58,-9.614
GW-583340,7LPD,59,-9.612
NMS-1286937,7LPD,60,-9.61
KRN-633,7LPD,61,-9.608
PCI-29732,7LPD,62,-9.557
TFC-007,7LPD,63,-9.555
KRN-633,7LPD,64,-9.537
lafutidine,7LPD,65,-9.537
piclamilast,7LPD,66,-9.529
KI-8751,7LPD,67,-9.506
NMS-1286937,7LPD,68,-9.504
KRN-633,7LPD,69,-9.468
rosmarinic-acid,7LPD,70,-9.45
metatinib,7LPD,71,-9.424
KRN-633,7LPD,72,-9.423
rociletinib,7LPD,73,-9.41
dasabuvir,7LPD,74,-9.409
LY225910,7LPD,75,-9.404
telotristat-ethyl,7LPD,76,-9.393
alisertib,7LPD,77,-9.392
risperidone,7LPD,78,-9.376
CYM-5442,7LPD,79,-9.37
CYM-5442,7LPD,80,-9.356
JTE-907,7LPD,81,-9.345
pyrazoloacridine,7LPD,82,-9.313
MGCD-265,7LPD,83,-9.308
KRN-633,7LPD,84,-9.293
alisertib,7LPD,85,-9.269
lafutidine,7LPD,86,-9.256
GR125487,7LPD,87,-9.249
dasabuvir,7LPD,88,-9.23
lafutidine,7LPD,89,-9.22
BIBN4096,7LPD,90,-9.22
rosmarinic-acid,7LPD,91,-9.21
LY225910,7LPD,92,-9.178
SC-51089,7LPD,93,-9.156
piboserod,7LPD,94,-9.145
GW-6471,7LPD,95,-9.128
TMC-353121,7LPD,96,-9.116
JTE-907,7LPD,97,-9.107
urapidil,7LPD,98,-9.104
3-MPPI,7LPD,99,-9.077
XL-647,7LPD,100,-9.077
capadenoson,7LPD,101,-9.074
SB-202190,7LPD,102,-9.062
JK-184,7LPD,103,-9.06
KRN-633,7LPD,104,-9.05
TMC-353121,7LPD,105,-9.036
KRN-633,7LPD,106,-9.026
EVP4593,7LPD,107,-9.014
piboserod,7LPD,108,-9.013
KL-001,7LPD,109,-9.009
micafungin,7LPD,110,-9.006
MGCD-265,7LPD,111,-8.984
LY225910,7LPD,112,-8.966
SC-51089,7LPD,113,-8.966
stemregenin-1,7LPD,114,-8.96
lenvatinib,7LPD,115,-8.956
BIBN4096,7LPD,116,-8.95
G007-LK,7LPD,117,-8.949
NK-252,7LPD,118,-8.943
BMS-817378,7LPD,119,-8.942
BAY-87-2243,7LPD,120,-8.941
micafungin,7LPD,121,-8.926
crizotinib-(S),7LPD,122,-8.911
EVP4593,7LPD,123,-8.91
MGCD-265,7LPD,124,-8.902
CYM-5442,7LPD,125,-8.857
VU-152100,7LPD,126,-8.855
lenvatinib,7LPD,127,-8.852
MGCD-265,7LPD,128,-8.839
R406,7LPD,129,-8.832
sorafenib,7LPD,130,-8.823
micafungin,7LPD,131,-8.804
MRS-1220,7LPD,132,-8.801
GR125487,7LPD,133,-8.799
PCI-29732,7LPD,134,-8.793
NK-252,7LPD,135,-8.788
ku-0063794,7LPD,136,-8.781
micafungin,7LPD,137,-8.764
CUDC-907,7LPD,138,-8.75
KRN-633,7LPD,139,-8.734
XL-647,7LPD,140,-8.734
VER-155008,7LPD,141,-8.73
dasabuvir,7LPD,142,-8.72
NK-252,7LPD,143,-8.71
CUDC-907,7LPD,144,-8.71
NK-252,7LPD,145,-8.706
LY225910,7LPD,146,-8.7
urapidil,7LPD,147,-8.693
SB-202190,7LPD,148,-8.688
CYM-5442,7LPD,149,-8.683
VER-155008,7LPD,150,-8.67
BIBN4096,7LPD,151,-8.667
spiroxatrine,7LPD,152,-8.666
XL-647,7LPD,153,-8.662
CUDC-907,7LPD,154,-8.654
SB-243213,7LPD,155,-8.635
G007-LK,7LPD,156,-8.635
GSK2194069,7LPD,157,-8.621
sorafenib,7LPD,158,-8.615
SCH-51344,7LPD,159,-8.595
amtolmetin-guacil,7LPD,160,-8.594
rociletinib,7LPD,161,-8.581
MGCD-265,7LPD,162,-8.577
SID-7969543,7LPD,163,-8.577
lafutidine,7LPD,164,-8.577
pelitinib,7LPD,165,-8.567
VU-0422288,7LPD,166,-8.566
VER-155008,7LPD,167,-8.552
merimepodib,7LPD,168,-8.544
PH-797804,7LPD,169,-8.538
VX-11e,7LPD,170,-8.533
APcK-110,7LPD,171,-8.513
GNF-5837,7LPD,172,-8.51
telotristat-ethyl,7LPD,173,-8.503
GW-1100,7LPD,174,-8.501
GR125487,7LPD,175,-8.5
CUDC-907,7LPD,176,-8.5
rosmarinic-acid,7LPD,177,-8.497
flavin-adenine-dinucleotide,7LPD,178,-8.489
lafutidine,7LPD,179,-8.486
PCI-29732,7LPD,180,-8.484
GR125487,7LPD,181,-8.476
GSK1838705A,7LPD,182,-8.464
ibrutinib,7LPD,183,-8.461
SB-202190,7LPD,184,-8.45
ZK-93423,7LPD,185,-8.448
BMS-863233,7LPD,186,-8.447
XL-647,7LPD,187,-8.444
ibrutinib,7LPD,188,-8.442
CID-16020046,7LPD,189,-8.439
PCI-29732,7LPD,190,-8.43
merimepodib,7LPD,191,-8.416
BLU9931,7LPD,192,-8.39
L-694247,7LPD,193,-8.378
risperidone,7LPD,194,-8.377
lafutidine,7LPD,195,-8.37
SCH-51344,7LPD,196,-8.37
SB-431542,7LPD,197,-8.366
JTE-907,7LPD,198,-8.346
MGCD-265,7LPD,199,-8.337
XMD17-109,7LPD,200,-8.335
ARQ-621,7LPD,201,-8.333
HER2-Inhibitor-1,7LPD,202,-8.33
SB-505124,7LPD,203,-8.315
micafungin,7LPD,204,-8.31
benzydamine,7LPD,205,-8.309
regorafenib,7LPD,206,-8.309
SCH-51344,7LPD,207,-8.289
AMG-517,7LPD,208,-8.288
PCI-29732,7LPD,209,-8.288
zolantidine,7LPD,210,-8.278
AZ-12080282,7LPD,211,-8.27
FG-4592,7LPD,212,-8.269
CUDC-907,7LPD,213,-8.267
avatrombopag,7LPD,214,-8.262
JNJ-42165279,7LPD,215,-8.261
KG-5,7LPD,216,-8.259
CYM-5442,7LPD,217,-8.244
merimepodib,7LPD,218,-8.236
rosmarinic-acid,7LPD,219,-8.229
GR125487,7LPD,220,-8.222
ku-0063794,7LPD,221,-8.22
MK2-IN-1,7LPD,222,-8.206
CW-008,7LPD,223,-8.205
CFM-1571,7LPD,224,-8.205
SRC-kinase-inhibitor-I,7LPD,225,-8.197
SCH-51344,7LPD,226,-8.188
telatinib,7LPD,227,-8.185
DMH4,7LPD,228,-8.185
G007-LK,7LPD,229,-8.179
benzydamine,7LPD,230,-8.174
JNJ-42165279,7LPD,231,-8.17
HER2-Inhibitor-1,7LPD,232,-8.169
R406,7LPD,233,-8.169
stemregenin-1,7LPD,234,-8.164
A-674563,7LPD,235,-8.153
WZ-4002,7LPD,236,-8.147
micafungin,7LPD,237,-8.147
merimepodib,7LPD,238,-8.138
LY2801653,7LPD,239,-8.128
ZK-93423,7LPD,240,-8.124
entrectinib,7LPD,241,-8.121
ceftaroline-fosamil,7LPD,242,-8.116
SKI-II,7LPD,243,-8.112
lafutidine,7LPD,244,-8.106
L-694247,7LPD,245,-8.106
telotristat,7LPD,246,-8.101
KG-5,7LPD,247,-8.099
rosmarinic-acid,7LPD,248,-8.089
piboserod,7LPD,249,-8.066
GSK1838705A,7LPD,250,-8.064
bosutinib,7LPD,251,-8.064
elagolix,7LPD,252,-8.062
SB-431542,7LPD,253,-8.061
erastin,7LPD,254,-8.06
LY266097,7LPD,255,-8.05
merimepodib,7LPD,256,-8.045
ARQ-621,7LPD,257,-8.045
ku-0063794,7LPD,258,-8.043
CUDC-907,7LPD,259,-8.038
AZ-12080282,7LPD,260,-8.031
volasertib,7LPD,261,-8.021
TGR-1202,7LPD,262,-8.019
A-939572,7LPD,263,-8.018
paliperidone,7LPD,264,-8.013
pelitinib,7LPD,265,-8.012
paliperidone,7LPD,266,-8.008
vancomycin,7LPD,267,-8.004
D-4476,7LPD,268,-8.003
stemregenin-1,7LPD,269,-7.994
capadenoson,7LPD,270,-7.988
zolantidine,7LPD,271,-7.988
EMD-1214063,7LPD,272,-7.985
TAK-285,7LPD,273,-7.978
LY2606368,7LPD,274,-7.973
L-694247,7LPD,275,-7.973
itraconazole,7LPD,276,-7.967
CW-008,7LPD,277,-7.966
lenvatinib,7LPD,278,-7.961
bosutinib,7LPD,279,-7.959
KG-5,7LPD,280,-7.958
SCH-51344,7LPD,281,-7.948
CYM-5442,7LPD,282,-7.947
amtolmetin-guacil,7LPD,283,-7.934
A-674563,7LPD,284,-7.93
CUDC-101,7LPD,285,-7.921
bosutinib,7LPD,286,-7.921
G007-LK,7LPD,287,-7.919
BMS-863233,7LPD,288,-7.916
pardoprunox,7LPD,289,-7.911
GSK1838705A,7LPD,290,-7.906
barasertib,7LPD,291,-7.903
A-887826,7LPD,292,-7.902
KI-8751,7LPD,293,-7.9
LY2606368,7LPD,294,-7.897
barasertib,7LPD,295,-7.896
PCI-29732,7LPD,296,-7.889
Ro-5126766,7LPD,297,-7.886
micafungin,7LPD,298,-7.885
merimepodib,7LPD,299,-7.884
RS-504393,7LPD,300,-7.88
vancomycin,7LPD,301,-7.879
SCH-51344,7LPD,302,-7.876
piboserod,7LPD,303,-7.872
vancomycin,7LPD,304,-7.87
merimepodib,7LPD,305,-7.868
paliperidone,7LPD,306,-7.863
bosutinib,7LPD,307,-7.863
SID-7969543,7LPD,308,-7.858
barasertib,7LPD,309,-7.852
LY2606368,7LPD,310,-7.851
bosutinib,7LPD,311,-7.85
GW-6471,7LPD,312,-7.848
VER-49009,7LPD,313,-7.844
elacridar,7LPD,314,-7.843
CUDC-101,7LPD,315,-7.843
CUDC-907,7LPD,316,-7.841
CYM-5442,7LPD,317,-7.836
avanafil,7LPD,318,-7.835
pelitinib,7LPD,319,-7.834
pranlukast,7LPD,320,-7.831
AZD8931,7LPD,321,-7.827
micafungin,7LPD,322,-7.817
prulifloxacin,7LPD,323,-7.816
DMH4,7LPD,324,-7.811
prulifloxacin,7LPD,325,-7.807
puromycin,7LPD,326,-7.802
ARQ-621,7LPD,327,-7.798
cevipabulin,7LPD,328,-7.797
MGCD-265,7LPD,329,-7.797
vandetanib,7LPD,330,-7.796
LY225910,7LPD,331,-7.791
AZD3514,7LPD,332,-7.787
AZD9272,7LPD,333,-7.784
GR125487,7LPD,334,-7.784
EMD-1214063,7LPD,335,-7.78
metatinib,7LPD,336,-7.78
cevipabulin,7LPD,337,-7.779
ku-0063794,7LPD,338,-7.778
BLU9931,7LPD,339,-7.774
talnetant,7LPD,340,-7.771
piboserod,7LPD,341,-7.764
MGCD-265,7LPD,342,-7.762
Ro-5126766,7LPD,343,-7.76
VE-822,7LPD,344,-7.76
Ro-5126766,7LPD,345,-7.756
puromycin,7LPD,346,-7.755
AS-2444697,7LPD,347,-7.754
prulifloxacin,7LPD,348,-7.75
quizartinib,7LPD,349,-7.748
4E1RCat,7LPD,350,-7.747
lenvatinib,7LPD,351,-7.746
KL-001,7LPD,352,-7.746
Ro-5126766,7LPD,353,-7.746
AI-10-49,7LPD,354,-7.745
ZM-323881,7LPD,355,-7.744
AZD8931,7LPD,356,-7.742
cilostazol,7LPD,357,-7.738
micafungin,7LPD,358,-7.729
rociletinib,7LPD,359,-7.729
BIBN4096,7LPD,360,-7.726
XL-647,7LPD,361,-7.721
XL-647,7LPD,362,-7.717
Ro-5126766,7LPD,363,-7.714
SID-7969543,7LPD,364,-7.714
GDC-0994,7LPD,365,-7.71
FPL-62064,7LPD,366,-7.705
cevipabulin,7LPD,367,-7.705
ku-0063794,7LPD,368,-7.705
UNC0737,7LPD,369,-7.701
VER-155008,7LPD,370,-7.7
urapidil,7LPD,371,-7.696
FG-4592,7LPD,372,-7.693
CUDC-427,7LPD,373,-7.693
BMS-806,7LPD,374,-7.689
FG-4592,7LPD,375,-7.684
stemregenin-1,7LPD,376,-7.684
GSK2194069,7LPD,377,-7.684
nicergoline,7LPD,378,-7.683
itraconazole,7LPD,379,-7.678
ku-0063794,7LPD,380,-7.676
NMS-P715,7LPD,381,-7.675
GTP-14564,7LPD,382,-7.675
FG-4592,7LPD,383,-7.674
KRN-633,7LPD,384,-7.67
GW-1100,7LPD,385,-7.664
ku-0063794,7LPD,386,-7.664
CYM-5442,7LPD,387,-7.659
prulifloxacin,7LPD,388,-7.658
GSK2578215A,7LPD,389,-7.657
barasertib,7LPD,390,-7.65
CFM-1571,7LPD,391,-7.645
MGCD-265,7LPD,392,-7.643
tivozanib,7LPD,393,-7.64
SGI-1776,7LPD,394,-7.639
PF-04620110,7LPD,395,-7.635
piboserod,7LPD,396,-7.635
foretinib,7LPD,397,-7.634
PH-797804,7LPD,398,-7.627
merimepodib,7LPD,399,-7.618
furaltadone,7LPD,400,-7.618
DMH4,7LPD,401,-7.613
CID-16020046,7LPD,402,-7.612
L-741742,7LPD,403,-7.612
UNC0638,7LPD,404,-7.606
YM-201636,7LPD,405,-7.604
D-4476,7LPD,406,-7.603
UNC0638,7LPD,407,-7.602
volasertib,7LPD,408,-7.6
LY2801653,7LPD,409,-7.598
barasertib-HQPA,7LPD,410,-7.593
PF-04691502,7LPD,411,-7.593
SCH-58261,7LPD,412,-7.591
AS-2444697,7LPD,413,-7.591
ceftaroline-fosamil,7LPD,414,-7.59
WZ-4002,7LPD,415,-7.586
RP-001,7LPD,416,-7.585
YC-1,7LPD,417,-7.585
SB-243213,7LPD,418,-7.584
donitriptan,7LPD,419,-7.584
AZD9272,7LPD,420,-7.581
elagolix,7LPD,421,-7.581
SID-7969543,7LPD,422,-7.58
AZD8931,7LPD,423,-7.578
HER2-Inhibitor-1,7LPD,424,-7.574
taselisib,7LPD,425,-7.574
lafutidine,7LPD,426,-7.56
SID-7969543,7LPD,427,-7.556
cevipabulin,7LPD,428,-7.556
L-741742,7LPD,429,-7.554
rociletinib,7LPD,430,-7.544
ravoxertinib,7LPD,431,-7.542
CYM-5442,7LPD,432,-7.541
KD025,7LPD,433,-7.539
barasertib,7LPD,434,-7.535
barasertib,7LPD,435,-7.535
EMD-1214063,7LPD,436,-7.534
PIM-1-Inhibitor-2,7LPD,437,-7.533
tucatinib,7LPD,438,-7.531
tucatinib,7LPD,439,-7.527
RP-001,7LPD,440,-7.524
warfarin,7LPD,441,-7.524
SID-7969543,7LPD,442,-7.524
NMS-P715,7LPD,443,-7.524
NMS-P715,7LPD,444,-7.52
ONO-4059,7LPD,445,-7.518
ONO-4059,7LPD,446,-7.516
vancomycin,7LPD,447,-7.509
PH-797804,7LPD,448,-7.505
CYM-5442,7LPD,449,-7.503
SID-7969543,7LPD,450,-7.503
GSK923295,7LPD,451,-7.495
KD025,7LPD,452,-7.492
SGI-1776,7LPD,453,-7.491
UNC0321,7LPD,454,-7.489
SB-243213,7LPD,455,-7.489
GNF-5837,7LPD,456,-7.483
sobetirome,7LPD,457,-7.48
GR125487,7LPD,458,-7.472
PSB-603,7LPD,459,-7.47
avatrombopag,7LPD,460,-7.469
KI-8751,7LPD,461,-7.465
BLU9931,7LPD,462,-7.461
GR125487,7LPD,463,-7.459
proxodolol,7LPD,464,-7.457
JNJ-27141491,7LPD,465,-7.456
CUDC-101,7LPD,466,-7.456
H2L-5765834,7LPD,467,-7.456
BMS-777607,7LPD,468,-7.452
FPL-62064,7LPD,469,-7.452
talnetant,7LPD,470,-7.45
UNC0638,7LPD,471,-7.442
talnetant,7LPD,472,-7.442
sobetirome,7LPD,473,-7.434
donitriptan,7LPD,474,-7.434
elagolix,7LPD,475,-7.433
danirixin,7LPD,476,-7.433
EMD-1214063,7LPD,477,-7.426
cisapride,7LPD,478,-7.425
talnetant,7LPD,479,-7.425
CGP-20712A,7LPD,480,-7.423
NMS-P715,7LPD,481,-7.417
AS-2444697,7LPD,482,-7.415
VU-0422288,7LPD,483,-7.413
CYM-5442,7LPD,484,-7.413
tozadenant,7LPD,485,-7.413
SID-7969543,7LPD,486,-7.412
ravoxertinib,7LPD,487,-7.405
rosmarinic-acid,7LPD,488,-7.405
preladenant,7LPD,489,-7.403
PCI-29732,7LPD,490,-7.403
puromycin,7LPD,491,-7.402
UNC0638,7LPD,492,-7.402
4E1RCat,7LPD,493,-7.401
micafungin,7LPD,494,-7.4
quizartinib,7LPD,495,-7.399
SCH-51344,7LPD,496,-7.399
ku-0063794,7LPD,497,-7.395
L-168049,7LPD,498,-7.391
OSI-420,7LPD,499,-7.391
SID-7969543,7LPD,500,-7.388
altiratinib,7LPD,501,-7.378
GR125487,7LPD,502,-7.377
talnetant,7LPD,503,-7.376
tozadenant,7LPD,504,-7.371
RG1530,7LPD,505,-7.37
FG-4592,7LPD,506,-7.368
T-0156,7LPD,507,-7.366
LY2606368,7LPD,508,-7.362
PH-797804,7LPD,509,-7.36
SB-334867,7LPD,510,-7.356
vancomycin,7LPD,511,-7.353
NMS-P715,7LPD,512,-7.352
OTS167,7LPD,513,-7.351
avanafil,7LPD,514,-7.351
VU-0422288,7LPD,515,-7.35
rosmarinic-acid,7LPD,516,-7.35
RP-001,7LPD,517,-7.348
UNC0737,7LPD,518,-7.347
AZD3514,7LPD,519,-7.341
NMS-P715,7LPD,520,-7.331
golvatinib,7LPD,521,-7.331
DCC-2618,7LPD,522,-7.326
triclabendazole,7LPD,523,-7.326
talnetant,7LPD,524,-7.324
mosapride,7LPD,525,-7.324
EMD-1214063,7LPD,526,-7.315
amtolmetin-guacil,7LPD,527,-7.315
UNC0638,7LPD,528,-7.311
lemborexant,7LPD,529,-7.307
neratinib,7LPD,530,-7.3
AMG-517,7LPD,531,-7.298
LY2801653,7LPD,532,-7.293
goserelin-acetate,7LPD,533,-7.292
tozadenant,7LPD,534,-7.289
avanafil,7LPD,535,-7.286
SN-38,7LPD,536,-7.284
UNC0638,7LPD,537,-7.283
bitopertin,7LPD,538,-7.282
SN-38,7LPD,539,-7.28
L-168049,7LPD,540,-7.276
LY2801653,7LPD,541,-7.276
SN-38,7LPD,542,-7.275
uprosertib,7LPD,543,-7.274
AZD3463,7LPD,544,-7.273
nicergoline,7LPD,545,-7.271
SN-38,7LPD,546,-7.268
garenoxacin,7LPD,547,-7.26
SCH-51344,7LPD,548,-7.259
AZD9272,7LPD,549,-7.256
VX-11e,7LPD,550,-7.253
R406,7LPD,551,-7.252
garenoxacin,7LPD,552,-7.251
GDC-0994,7LPD,553,-7.249
GW-1929,7LPD,554,-7.247
ML-348,7LPD,555,-7.244
GSK2578215A,7LPD,556,-7.243
balaglitazone,7LPD,557,-7.242
AZD8931,7LPD,558,-7.242
DCC-2618,7LPD,559,-7.242
AC-710,7LPD,560,-7.241
XL-647,7LPD,561,-7.238
lenvatinib,7LPD,562,-7.235
OTS167,7LPD,563,-7.234
SID-7969543,7LPD,564,-7.234
KU-60019,7LPD,565,-7.233
ansamitocin-p-3,7LPD,566,-7.233
RP-001,7LPD,567,-7.232
SID-7969543,7LPD,568,-7.232
GSK2578215A,7LPD,569,-7.231
piboserod,7LPD,570,-7.231
pexmetinib,7LPD,571,-7.227
GSK923295,7LPD,572,-7.226
CID-16020046,7LPD,573,-7.225
SB-243213,7LPD,574,-7.225
azilsartan,7LPD,575,-7.224
CUDC-427,7LPD,576,-7.221
GSK923295,7LPD,577,-7.22
ITI214,7LPD,578,-7.21
cefpiramide,7LPD,579,-7.204
PF-04937319,7LPD,580,-7.199
GSK923295,7LPD,581,-7.195
volasertib,7LPD,582,-7.194
AMG900,7LPD,583,-7.193
avanafil,7LPD,584,-7.193
cefpiramide,7LPD,585,-7.193
bay-60-7550,7LPD,586,-7.19
elagolix,7LPD,587,-7.19
edaglitazone,7LPD,588,-7.189
GSK2190915,7LPD,589,-7.188
SGI-1776,7LPD,590,-7.188
SGI-1776,7LPD,591,-7.184
AZD8931,7LPD,592,-7.184
GR125487,7LPD,593,-7.184
GW-1929,7LPD,594,-7.182
2-[1-(4-piperonyl)piperazinyl]benzothiazole,7LPD,595,-7.179
YC-1,7LPD,596,-7.176
L-168049,7LPD,597,-7.167
OTX015,7LPD,598,-7.161
afatinib,7LPD,599,-7.158
volasertib,7LPD,600,-7.158
balaglitazone,7LPD,601,-7.156
ZM-306416,7LPD,602,-7.149
KI-8751,7LPD,603,-7.148
UNC0224,7LPD,604,-7.147
GW-583340,7LPD,605,-7.147
astemizole,7LPD,606,-7.141
VE-822,7LPD,607,-7.14
BLU9931,7LPD,608,-7.139
avanafil,7LPD,609,-7.135
BMS-599626,7LPD,610,-7.135
ZM-241385,7LPD,611,-7.134
GSK923295,7LPD,612,-7.133
PF-04620110,7LPD,613,-7.132
PF-8380,7LPD,614,-7.132
BML-284,7LPD,615,-7.128
vandetanib,7LPD,616,-7.126
ku-0063794,7LPD,617,-7.125
tezacaftor,7LPD,618,-7.122
GDC-0994,7LPD,619,-7.121
L-168049,7LPD,620,-7.115
SN-38,7LPD,621,-7.114
posaconazole,7LPD,622,-7.108
apabetalone,7LPD,623,-7.108
anlotinib,7LPD,624,-7.106
TG-02,7LPD,625,-7.098
urapidil,7LPD,626,-7.097
10-hydroxycamptothecin,7LPD,627,-7.092
EMD-1214063,7LPD,628,-7.092
SID-7969543,7LPD,629,-7.089
cefpiramide,7LPD,630,-7.087
HKI-357,7LPD,631,-7.084
10-hydroxycamptothecin,7LPD,632,-7.084
KU-60019,7LPD,633,-7.082
CYT-997,7LPD,634,-7.081
GSK923295,7LPD,635,-7.081
ganetespib,7LPD,636,-7.079
puromycin,7LPD,637,-7.078
BI-D1870,7LPD,638,-7.076
ketoconazole,7LPD,639,-7.074
garenoxacin,7LPD,640,-7.073
mosapride,7LPD,641,-7.07
AZD9272,7LPD,642,-7.069
pranlukast,7LPD,643,-7.068
MK-5108,7LPD,644,-7.067
CYT-997,7LPD,645,-7.066
JNJ-42041935,7LPD,646,-7.066
purmorphamine,7LPD,647,-7.065
MK-8245,7LPD,648,-7.063
TFC-007,7LPD,649,-7.063
CGP-20712A,7LPD,650,-7.063
cisapride,7LPD,651,-7.062
CYM-5442,7LPD,652,-7.057
JNJ-27141491,7LPD,653,-7.057
lafutidine,7LPD,654,-7.056
EVP4593,7LPD,655,-7.056
AI-10-49,7LPD,656,-7.047
gabazine,7LPD,657,-7.045
RP-001,7LPD,658,-7.04
AZ-12080282,7LPD,659,-7.038
bitopertin,7LPD,660,-7.035
GSK923295,7LPD,661,-7.032
ansamitocin-p-3,7LPD,662,-7.032
bitopertin,7LPD,663,-7.029
tezacaftor,7LPD,664,-7.029
BMS-690514,7LPD,665,-7.027
PF-04937319,7LPD,666,-7.021
elagolix,7LPD,667,-7.021
elacridar,7LPD,668,-7.017
avanafil,7LPD,669,-7.014
TAK-285,7LPD,670,-7.013
GSK2578215A,7LPD,671,-7.012
ravoxertinib,7LPD,672,-7.011
KG-5,7LPD,673,-7.009
warfarin,7LPD,674,-7.009
G007-LK,7LPD,675,-7.008
A-887826,7LPD,676,-7.007
BI-D1870,7LPD,677,-7.003
NU-1025,7LPD,678,-7.003
PIM-1-Inhibitor-2,7LPD,679,-7.001
volasertib,7LPD,680,-7
NMS-P715,7LPD,681,-6.996
cefpiramide,7LPD,682,-6.994
MRS-1220,7LPD,683,-6.993
ML167,7LPD,684,-6.991
uprosertib,7LPD,685,-6.991
lenvatinib,7LPD,686,-6.99
AZD9272,7LPD,687,-6.987
SBE-13,7LPD,688,-6.986
BML-284,7LPD,689,-6.985
PH-797804,7LPD,690,-6.984
uprosertib,7LPD,691,-6.978
LY2606368,7LPD,692,-6.977
osimertinib,7LPD,693,-6.976
GSK2194069,7LPD,694,-6.975
BML-284,7LPD,695,-6.973
GPR120-modulator-1,7LPD,696,-6.968
uprosertib,7LPD,697,-6.968
MLN1117,7LPD,698,-6.967
oxiperomide,7LPD,699,-6.963
TAK-593,7LPD,700,-6.959
GW-1929,7LPD,701,-6.958
UNC0737,7LPD,702,-6.957
10-hydroxycamptothecin,7LPD,703,-6.952
PD-102807,7LPD,704,-6.952
azilsartan-medoxomil,7LPD,705,-6.951
HER2-Inhibitor-1,7LPD,706,-6.948
sorafenib,7LPD,707,-6.946
MK-8245,7LPD,708,-6.942
FPL-62064,7LPD,709,-6.939
SID-7969543,7LPD,710,-6.935
warfarin,7LPD,711,-6.932
TG-02,7LPD,712,-6.932
CGS-15943,7LPD,713,-6.926
CYT-997,7LPD,714,-6.923
capadenoson,7LPD,715,-6.921
stemregenin-1,7LPD,716,-6.92
ceritinib,7LPD,717,-6.919
quizartinib,7LPD,718,-6.919
KD025,7LPD,719,-6.919
olmesartan-medoxomil,7LPD,720,-6.917
telotristat,7LPD,721,-6.916
donitriptan,7LPD,722,-6.907
GSK1838705A,7LPD,723,-6.906
MGCD-265,7LPD,724,-6.905
PH-797804,7LPD,725,-6.904
GDC-0994,7LPD,726,-6.904
TFC-007,7LPD,727,-6.898
lafutidine,7LPD,728,-6.897
GR125487,7LPD,729,-6.889
benzydamine,7LPD,730,-6.888
lapatinib,7LPD,731,-6.887
NBI-74330-(+_-),7LPD,732,-6.884
cefpiramide,7LPD,733,-6.883
capadenoson,7LPD,734,-6.881
MLN1117,7LPD,735,-6.88
tienilic-acid,7LPD,736,-6.879
proxodolol,7LPD,737,-6.878
VX-11e,7LPD,738,-6.875
GSK2578215A,7LPD,739,-6.874
stemregenin-1,7LPD,740,-6.873
cefpiramide,7LPD,741,-6.869
G007-LK,7LPD,742,-6.869
osimertinib,7LPD,743,-6.864
ketoconazole,7LPD,744,-6.864
T-0156,7LPD,745,-6.863
SCH-58261,7LPD,746,-6.861
oxiperomide,7LPD,747,-6.861
maytansinol-isobutyrate,7LPD,748,-6.859
CX-4945,7LPD,749,-6.859
sobetirome,7LPD,750,-6.858
AVE-0991,7LPD,751,-6.856
OSI-420,7LPD,752,-6.854
AZM-475271,7LPD,753,-6.853
DMH1,7LPD,754,-6.849
cisapride,7LPD,755,-6.849
GW-1929,7LPD,756,-6.847
I-BET151,7LPD,757,-6.847
talnetant,7LPD,758,-6.847
cilostazol,7LPD,759,-6.843
VE-822,7LPD,760,-6.842
posaconazole,7LPD,761,-6.841
I-BET151,7LPD,762,-6.841
UNC0638,7LPD,763,-6.837
KL-001,7LPD,764,-6.83
CFM-1571,7LPD,765,-6.823
T-0156,7LPD,766,-6.823
cisapride,7LPD,767,-6.822
NIDA-41020,7LPD,768,-6.822
PF-04691502,7LPD,769,-6.819
BML-284,7LPD,770,-6.818
RP-001,7LPD,771,-6.818
cefpiramide,7LPD,772,-6.818
OSI-420,7LPD,773,-6.816
VU-152100,7LPD,774,-6.816
uprosertib,7LPD,775,-6.814
SID-7969543,7LPD,776,-6.814
GSK1904529A,7LPD,777,-6.813
gabazine,7LPD,778,-6.813
GDC-0994,7LPD,779,-6.812
AS-2444697,7LPD,780,-6.811
UNC0638,7LPD,781,-6.808
AS-2444697,7LPD,782,-6.805
lapatinib,7LPD,783,-6.805
bosentan,7LPD,784,-6.805
mibefradil,7LPD,785,-6.803
BAY-87-2243,7LPD,786,-6.802
VU-152100,7LPD,787,-6.8
warfarin,7LPD,788,-6.798
volasertib,7LPD,789,-6.796
barasertib-HQPA,7LPD,790,-6.793
JNJ-27141491,7LPD,791,-6.79
tesaglitazar,7LPD,792,-6.789
AZD8931,7LPD,793,-6.787
CGP-20712A,7LPD,794,-6.785
elagolix,7LPD,795,-6.784
GW-1100,7LPD,796,-6.782
WZ4003,7LPD,797,-6.78
4E1RCat,7LPD,798,-6.778
MRS-1220,7LPD,799,-6.777
lenvatinib,7LPD,800,-6.777
RP-001,7LPD,801,-6.775
ZK-93423,7LPD,802,-6.771
TAK-285,7LPD,803,-6.771
PIM-1-Inhibitor-2,7LPD,804,-6.77
oxiperomide,7LPD,805,-6.77
EMD-1214063,7LPD,806,-6.768
OSI-420,7LPD,807,-6.767
AZD8931,7LPD,808,-6.766
AMG900,7LPD,809,-6.766
avanafil,7LPD,810,-6.765
hemoglobin-modulators-1,7LPD,811,-6.764
TC-N-1752,7LPD,812,-6.763
GNF-5837,7LPD,813,-6.761
CTEP,7LPD,814,-6.76
OTX015,7LPD,815,-6.76
ceritinib,7LPD,816,-6.758
PPY-A,7LPD,817,-6.756
RP-001,7LPD,818,-6.756
ansamitocin-p-3,7LPD,819,-6.756
tezacaftor,7LPD,820,-6.754
avanafil,7LPD,821,-6.754
KU-60019,7LPD,822,-6.752
A-887826,7LPD,823,-6.752
XL-647,7LPD,824,-6.749
WHI-P154,7LPD,825,-6.746
UNC0638,7LPD,826,-6.746
GSK923295,7LPD,827,-6.745
FPL-62064,7LPD,828,-6.745
KT-433,7LPD,829,-6.743
4E1RCat,7LPD,830,-6.743
ARRY-334543,7LPD,831,-6.741
golvatinib,7LPD,832,-6.739
CFM-1571,7LPD,833,-6.738
AZD8186,7LPD,834,-6.737
cilostazol,7LPD,835,-6.736
AMG900,7LPD,836,-6.736
tyrphostin-AG-1478,7LPD,837,-6.734
tariquidar,7LPD,838,-6.733
XL388,7LPD,839,-6.732
puromycin,7LPD,840,-6.728
WZ4003,7LPD,841,-6.723
irinotecan,7LPD,842,-6.72
AZD8186,7LPD,843,-6.72
avanafil,7LPD,844,-6.718
maytansinol-isobutyrate,7LPD,845,-6.717
talnetant,7LPD,846,-6.71
riociguat,7LPD,847,-6.706
avanafil,7LPD,848,-6.703
OTX015,7LPD,849,-6.702
YIL-781,7LPD,850,-6.7
toltrazuril,7LPD,851,-6.7
apabetalone,7LPD,852,-6.696
apabetalone,7LPD,853,-6.694
bosentan,7LPD,854,-6.693
paliperidone,7LPD,855,-6.691
SJ-172550,7LPD,856,-6.689
NMS-P715,7LPD,857,-6.688
GW-583340,7LPD,858,-6.686
GR125487,7LPD,859,-6.683
GDC-0623,7LPD,860,-6.683
irinotecan,7LPD,861,-6.683
tesaglitazar,7LPD,862,-6.679
trametinib,7LPD,863,-6.679
ketoconazole,7LPD,864,-6.678
lapatinib,7LPD,865,-6.678
fenofibric-acid,7LPD,866,-6.676
cefpiramide,7LPD,867,-6.676
AZM-475271,7LPD,868,-6.67
RP-001,7LPD,869,-6.67
GNF-5,7LPD,870,-6.666
uprosertib,7LPD,871,-6.66
flavin-adenine-dinucleotide,7LPD,872,-6.66
CCG-63802,7LPD,873,-6.66
GNF-5837,7LPD,874,-6.655
GNF-5837,7LPD,875,-6.655
YIL-781,7LPD,876,-6.652
merimepodib,7LPD,877,-6.65
GNF-2,7LPD,878,-6.649
warfarin,7LPD,879,-6.649
CPCCOEt,7LPD,880,-6.647
mibefradil,7LPD,881,-6.647
pirodavir,7LPD,882,-6.645
tienilic-acid,7LPD,883,-6.645
GW-803430,7LPD,884,-6.644
ARQ-621,7LPD,885,-6.644
oglemilast,7LPD,886,-6.641
CCG-63802,7LPD,887,-6.637
copanlisib,7LPD,888,-6.636
SN-38,7LPD,889,-6.633
RP-001,7LPD,890,-6.631
regorafenib,7LPD,891,-6.63
delamanid,7LPD,892,-6.627
napabucasin,7LPD,893,-6.627
amuvatinib,7LPD,894,-6.623
NDT-9513727,7LPD,895,-6.616
tezacaftor,7LPD,896,-6.614
BMS-806,7LPD,897,-6.61
GDC-0994,7LPD,898,-6.609
napabucasin,7LPD,899,-6.607
azilsartan,7LPD,900,-6.606
JNJ-42165279,7LPD,901,-6.605
vandetanib,7LPD,902,-6.6
piboserod,7LPD,903,-6.599
GNF-5,7LPD,904,-6.598
edaglitazone,7LPD,905,-6.597
VER-49009,7LPD,906,-6.594
KT-433,7LPD,907,-6.592
NDT-9513727,7LPD,908,-6.591
olmesartan-medoxomil,7LPD,909,-6.591
XL388,7LPD,910,-6.583
sorafenib,7LPD,911,-6.579
BCI-540,7LPD,912,-6.574
benzydamine,7LPD,913,-6.574
zolantidine,7LPD,914,-6.574
JNJ-27141491,7LPD,915,-6.574
L-741742,7LPD,916,-6.572
mibefradil,7LPD,917,-6.572
T-0156,7LPD,918,-6.572
LY2784544,7LPD,919,-6.571
GW-1929,7LPD,920,-6.571
preladenant,7LPD,921,-6.571
hemoglobin-modulators-1,7LPD,922,-6.57
AZ3146,7LPD,923,-6.57
BCI-540,7LPD,924,-6.569
erastin,7LPD,925,-6.568
BI-D1870,7LPD,926,-6.565
rosmarinic-acid,7LPD,927,-6.559
rosmarinic-acid,7LPD,928,-6.559
ARRY-334543,7LPD,929,-6.555
cabozantinib,7LPD,930,-6.554
SID-7969543,7LPD,931,-6.552
CPCCOEt,7LPD,932,-6.55
BAY-87-2243,7LPD,933,-6.55
PP242,7LPD,934,-6.549
AZM-475271,7LPD,935,-6.549
L-741742,7LPD,936,-6.546
KG-5,7LPD,937,-6.546
entrectinib,7LPD,938,-6.542
idelalisib,7LPD,939,-6.542
GSK269962,7LPD,940,-6.54
BMS-690514,7LPD,941,-6.54
CFM-1571,7LPD,942,-6.538
GTP-14564,7LPD,943,-6.538
FR-122047,7LPD,944,-6.538
volasertib,7LPD,945,-6.534
delamanid,7LPD,946,-6.532
TG-02,7LPD,947,-6.532
TG-02,7LPD,948,-6.53
PD-102807,7LPD,949,-6.53
10-hydroxycamptothecin,7LPD,950,-6.527
itraconazole,7LPD,951,-6.527
ketoconazole,7LPD,952,-6.526
AZ3146,7LPD,953,-6.524
JNJ-27141491,7LPD,954,-6.522
SCH-58261,7LPD,955,-6.52
gilteritinib,7LPD,956,-6.519
ZM-447439,7LPD,957,-6.515
FR-122047,7LPD,958,-6.511
GNF-5,7LPD,959,-6.511
BI-D1870,7LPD,960,-6.508
L-741742,7LPD,961,-6.508
idelalisib,7LPD,962,-6.506
PF-04691502,7LPD,963,-6.503
GDC-0994,7LPD,964,-6.501
betrixaban,7LPD,965,-6.5
piboserod,7LPD,966,-6.499
PF-4800567,7LPD,967,-6.499
L-741742,7LPD,968,-6.498
CUDC-907,7LPD,969,-6.498
pyrintegrin,7LPD,970,-6.497
MK-8245,7LPD,971,-6.496
PIM-1-Inhibitor-2,7LPD,972,-6.491
VX-11e,7LPD,973,-6.49
bosentan,7LPD,974,-6.489
TG-02,7LPD,975,-6.489
NVP-AUY922,7LPD,976,-6.487
NBI-74330-(+_-),7LPD,977,-6.487
EMD-1214063,7LPD,978,-6.487
NIDA-41020,7LPD,979,-6.486
BMS-777607,7LPD,980,-6.483
cabozantinib,7LPD,981,-6.481
VX-11e,7LPD,982,-6.475
irinotecan,7LPD,983,-6.471
EMD-1214063,7LPD,984,-6.471
elafibranor,7LPD,985,-6.47
elagolix,7LPD,986,-6.47
GDC-0994,7LPD,987,-6.47
LY266097,7LPD,988,-6.466
MLN0128,7LPD,989,-6.463
VER-49009,7LPD,990,-6.461
bay-60-7550,7LPD,991,-6.46
VER-49009,7LPD,992,-6.458
UNC0631,7LPD,993,-6.457
apabetalone,7LPD,994,-6.454
LY225910,7LPD,995,-6.452
SGI-1776,7LPD,996,-6.448
rebastinib,7LPD,997,-6.447
volasertib,7LPD,998,-6.445
golvatinib,7LPD,999,-6.445
L-741742,7LPD,1000,-6.443
gilteritinib,7LPD,1001,-6.44
FPL-62064,7LPD,1002,-6.44
MLN0128,7LPD,1003,-6.439
olmesartan-medoxomil,7LPD,1004,-6.438
MLN0128,7LPD,1005,-6.436
GSK2801,7LPD,1006,-6.434
TAK-593,7LPD,1007,-6.432
AMG-487-(+_-),7LPD,1008,-6.429
piboserod,7LPD,1009,-6.428
talnetant,7LPD,1010,-6.427
R406,7LPD,1011,-6.426
CX-4945,7LPD,1012,-6.422
BMS-599626,7LPD,1013,-6.42
CGM097,7LPD,1014,-6.417
barasertib,7LPD,1015,-6.417
BMS-806,7LPD,1016,-6.415
SKI-II,7LPD,1017,-6.414
XL388,7LPD,1018,-6.413
sofosbuvir,7LPD,1019,-6.413
BAY-61-3606,7LPD,1020,-6.412
CITCO,7LPD,1021,-6.41
GSK269962,7LPD,1022,-6.408
UNC0638,7LPD,1023,-6.407
ONO-4059,7LPD,1024,-6.406
NMS-E973,7LPD,1025,-6.401
GDC-0623,7LPD,1026,-6.396
NMS-E973,7LPD,1027,-6.392
azilsartan-medoxomil,7LPD,1028,-6.391
PFI-4,7LPD,1029,-6.391
AZ-12080282,7LPD,1030,-6.39
tezacaftor,7LPD,1031,-6.39
fenofibrate,7LPD,1032,-6.389
CX-4945,7LPD,1033,-6.388
LDC1267,7LPD,1034,-6.385
osimertinib,7LPD,1035,-6.382
azilsartan-medoxomil,7LPD,1036,-6.381
NBI-74330-(+_-),7LPD,1037,-6.379
KI-20227,7LPD,1038,-6.378
sobetirome,7LPD,1039,-6.376
copanlisib,7LPD,1040,-6.375
ARQ-621,7LPD,1041,-6.373
sobetirome,7LPD,1042,-6.373
amuvatinib,7LPD,1043,-6.372
AZD8931,7LPD,1044,-6.369
LMI070,7LPD,1045,-6.369
SN-38,7LPD,1046,-6.369
LY2606368,7LPD,1047,-6.368
barasertib-HQPA,7LPD,1048,-6.367
talnetant,7LPD,1049,-6.366
ZM-306416,7LPD,1050,-6.365
ML-348,7LPD,1051,-6.364
oglemilast,7LPD,1052,-6.364
cloxacillin,7LPD,1053,-6.363
sonidegib,7LPD,1054,-6.36
HA-14-1,7LPD,1055,-6.359
ML314,7LPD,1056,-6.359
WZ-3146,7LPD,1057,-6.35
AZ-12080282,7LPD,1058,-6.348
TC-F-2,7LPD,1059,-6.347
EMD-1214063,7LPD,1060,-6.342
barasertib-HQPA,7LPD,1061,-6.34
mosapride,7LPD,1062,-6.339
tezacaftor,7LPD,1063,-6.337
terazosin,7LPD,1064,-6.337
YIL-781,7LPD,1065,-6.337
itraconazole,7LPD,1066,-6.336
ML314,7LPD,1067,-6.333
TC-NTR1-17,7LPD,1068,-6.332
ARRY-334543,7LPD,1069,-6.332
PF-8380,7LPD,1070,-6.331
rosmarinic-acid,7LPD,1071,-6.328
OSI-027,7LPD,1072,-6.327
edaglitazone,7LPD,1073,-6.326
TG-101348,7LPD,1074,-6.325
apixaban,7LPD,1075,-6.324
olmutinib,7LPD,1076,-6.323
terazosin,7LPD,1077,-6.323
phenprocoumon,7LPD,1078,-6.319
CITCO,7LPD,1079,-6.314
saracatinib,7LPD,1080,-6.314
CPI-169,7LPD,1081,-6.313
HA-14-1,7LPD,1082,-6.31
MK-5108,7LPD,1083,-6.31
fenofibrate,7LPD,1084,-6.31
BI-D1870,7LPD,1085,-6.309
delamanid,7LPD,1086,-6.308
AZD8931,7LPD,1087,-6.305
icotinib,7LPD,1088,-6.305
OSI-420,7LPD,1089,-6.304
BMS-536924,7LPD,1090,-6.303
NDT-9513727,7LPD,1091,-6.301
terazosin,7LPD,1092,-6.3
azilsartan-medoxomil,7LPD,1093,-6.299
AZ5104,7LPD,1094,-6.298
TAK-593,7LPD,1095,-6.298
elagolix,7LPD,1096,-6.297
monastrol,7LPD,1097,-6.297
posaconazole,7LPD,1098,-6.295
pantoprazole,7LPD,1099,-6.293
R406,7LPD,1100,-6.291
GSK269962,7LPD,1101,-6.29
UNC0737,7LPD,1102,-6.289
tezacaftor,7LPD,1103,-6.289
NMS-E973,7LPD,1104,-6.284
flavin-adenine-dinucleotide,7LPD,1105,-6.281
acalisib,7LPD,1106,-6.281
AZM-475271,7LPD,1107,-6.28
GW-1929,7LPD,1108,-6.278
GSK2578215A,7LPD,1109,-6.278
UNC0631,7LPD,1110,-6.278
puromycin,7LPD,1111,-6.274
elacridar,7LPD,1112,-6.272
PF-4800567,7LPD,1113,-6.271
XL-647,7LPD,1114,-6.271
HA-14-1,7LPD,1115,-6.271
bay-60-7550,7LPD,1116,-6.268
UNC0638,7LPD,1117,-6.268
trequinsin,7LPD,1118,-6.268
terazosin,7LPD,1119,-6.267
apixaban,7LPD,1120,-6.266
tyrphostin-AG-1478,7LPD,1121,-6.262
LDC1267,7LPD,1122,-6.261
ketoconazole,7LPD,1123,-6.256
GDC-0623,7LPD,1124,-6.256
PP242,7LPD,1125,-6.255
CUDC-101,7LPD,1126,-6.254
efatutazone,7LPD,1127,-6.251
HA-14-1,7LPD,1128,-6.251
ARRY-334543,7LPD,1129,-6.251
AVL-292,7LPD,1130,-6.25
NVP-AUY922,7LPD,1131,-6.249
KU-60019,7LPD,1132,-6.249
TC-N-1752,7LPD,1133,-6.249
TCS-3035,7LPD,1134,-6.249
coumarin,7LPD,1135,-6.248
monastrol,7LPD,1136,-6.245
ZK-93426,7LPD,1137,-6.242
PI-103,7LPD,1138,-6.238
paliperidone,7LPD,1139,-6.237
piclamilast,7LPD,1140,-6.234
NMS-873,7LPD,1141,-6.231
sobetirome,7LPD,1142,-6.227
VER-49009,7LPD,1143,-6.226
candesartan-cilextil,7LPD,1144,-6.224
GNF-5,7LPD,1145,-6.223
azeliragon,7LPD,1146,-6.221
NBI-74330-(+_-),7LPD,1147,-6.221
TGR-1202,7LPD,1148,-6.22
tivozanib,7LPD,1149,-6.219
GW-405833,7LPD,1150,-6.219
cediranib,7LPD,1151,-6.218
MLN0128,7LPD,1152,-6.218
PF-04937319,7LPD,1153,-6.218
taranabant,7LPD,1154,-6.218
NVP-AUY922,7LPD,1155,-6.215
PP242,7LPD,1156,-6.215
ITI214,7LPD,1157,-6.211
TGR-1202,7LPD,1158,-6.21
barasertib-HQPA,7LPD,1159,-6.209
MLN1117,7LPD,1160,-6.208
ZM-241385,7LPD,1161,-6.208
SB-334867,7LPD,1162,-6.205
Mps1-IN-1,7LPD,1163,-6.204
CUDC-101,7LPD,1164,-6.2
AZD8931,7LPD,1165,-6.198
oglemilast,7LPD,1166,-6.197
erlotinib,7LPD,1167,-6.196
vipadenant,7LPD,1168,-6.195
LY225910,7LPD,1169,-6.195
DCC-2618,7LPD,1170,-6.194
RBC8,7LPD,1171,-6.194
NDT-9513727,7LPD,1172,-6.191
RP-001,7LPD,1173,-6.188
BCI-540,7LPD,1174,-6.187
apabetalone,7LPD,1175,-6.186
CUDC-101,7LPD,1176,-6.185
pirodavir,7LPD,1177,-6.183
LY2784544,7LPD,1178,-6.181
metazosin,7LPD,1179,-6.181
delamanid,7LPD,1180,-6.181
SGI-1776,7LPD,1181,-6.179
TC-N-1752,7LPD,1182,-6.178
elagolix,7LPD,1183,-6.177
erastin,7LPD,1184,-6.17
tosufloxacin,7LPD,1185,-6.169
astemizole,7LPD,1186,-6.169
cefpiramide,7LPD,1187,-6.169
pexmetinib,7LPD,1188,-6.168
CX-4945,7LPD,1189,-6.168
selumetinib,7LPD,1190,-6.168
YC-1,7LPD,1191,-6.167
SGC-CBP30,7LPD,1192,-6.166
AMG-487-(+_-),7LPD,1193,-6.165
EED226,7LPD,1194,-6.164
TBA-354,7LPD,1195,-6.163
NMS-E973,7LPD,1196,-6.163
olmutinib,7LPD,1197,-6.161
warfarin,7LPD,1198,-6.16
PF-04620110,7LPD,1199,-6.159
ZK-93426,7LPD,1200,-6.158
metazosin,7LPD,1201,-6.158
apabetalone,7LPD,1202,-6.157
apabetalone,7LPD,1203,-6.157
H2L-5765834,7LPD,1204,-6.157
terazosin,7LPD,1205,-6.156
MK-6096,7LPD,1206,-6.154
VX-11e,7LPD,1207,-6.154
azeliragon,7LPD,1208,-6.153
ARRY-334543,7LPD,1209,-6.151
rifabutin,7LPD,1210,-6.15
A-839977,7LPD,1211,-6.147
ONO-4059,7LPD,1212,-6.145
ML347,7LPD,1213,-6.145
acalisib,7LPD,1214,-6.144
azilsartan-medoxomil,7LPD,1215,-6.141
BAY-61-3606,7LPD,1216,-6.14
CYM-50260,7LPD,1217,-6.137
NBI-74330-(+_-),7LPD,1218,-6.136
finafloxacin,7LPD,1219,-6.134
BMS-536924,7LPD,1220,-6.132
rifabutin,7LPD,1221,-6.132
vandetanib,7LPD,1222,-6.131
TBA-354,7LPD,1223,-6.13
RAF265,7LPD,1224,-6.128
edaglitazone,7LPD,1225,-6.125
brivanib,7LPD,1226,-6.125
icotinib,7LPD,1227,-6.124
garenoxacin,7LPD,1228,-6.121
oxolinic-acid,7LPD,1229,-6.121
terazosin,7LPD,1230,-6.12
JTE-907,7LPD,1231,-6.119
TMC-353121,7LPD,1232,-6.118
CGP-20712A,7LPD,1233,-6.114
BIBN4096,7LPD,1234,-6.112
R406,7LPD,1235,-6.111
LY2784544,7LPD,1236,-6.11
pardoprunox,7LPD,1237,-6.109
telatinib,7LPD,1238,-6.109
BMS-690514,7LPD,1239,-6.108
astemizole,7LPD,1240,-6.107
BMS-777607,7LPD,1241,-6.103
NMS-E973,7LPD,1242,-6.103
riodipine,7LPD,1243,-6.102
BMS-599626,7LPD,1244,-6.102
deltarasin,7LPD,1245,-6.095
olmutinib,7LPD,1246,-6.095
JTE-907,7LPD,1247,-6.092
YIL-781,7LPD,1248,-6.092
ML-348,7LPD,1249,-6.09
BQU57,7LPD,1250,-6.09
HKI-357,7LPD,1251,-6.089
bosentan,7LPD,1252,-6.089
eact,7LPD,1253,-6.088
ansamitocin-p-3,7LPD,1254,-6.088
ZM-323881,7LPD,1255,-6.087
tucatinib,7LPD,1256,-6.082
GDC-0994,7LPD,1257,-6.082
icotinib,7LPD,1258,-6.081
MK-5108,7LPD,1259,-6.08
elacridar,7LPD,1260,-6.078
PD-102807,7LPD,1261,-6.078
terazosin,7LPD,1262,-6.078
itraconazole,7LPD,1263,-6.078
fenofibrate,7LPD,1264,-6.076
BI-D1870,7LPD,1265,-6.076
ZM-323881,7LPD,1266,-6.074
BMS-690514,7LPD,1267,-6.073
AVL-292,7LPD,1268,-6.073
monastrol,7LPD,1269,-6.073
AMG-487-(+_-),7LPD,1270,-6.071
TGR-1202,7LPD,1271,-6.069
monastrol,7LPD,1272,-6.069
tosufloxacin,7LPD,1273,-6.069
metazosin,7LPD,1274,-6.069
PF-04937319,7LPD,1275,-6.068
AST-1306,7LPD,1276,-6.067
2-[1-(4-piperonyl)piperazinyl]benzothiazole,7LPD,1277,-6.064
Q-203,7LPD,1278,-6.056
azilsartan-medoxomil,7LPD,1279,-6.055
cefpiramide,7LPD,1280,-6.055
poziotinib,7LPD,1281,-6.054
TC-F-2,7LPD,1282,-6.05
FR-122047,7LPD,1283,-6.049
CGP-20712A,7LPD,1284,-6.048
fenofibrate,7LPD,1285,-6.047
trovafloxacin,7LPD,1286,-6.047
preladenant,7LPD,1287,-6.046
NBI-74330-(+_-),7LPD,1288,-6.046
GDC-0994,7LPD,1289,-6.044
HA-14-1,7LPD,1290,-6.043
PFI-4,7LPD,1291,-6.043
BI-D1870,7LPD,1292,-6.042
PPY-A,7LPD,1293,-6.041
AST-1306,7LPD,1294,-6.041
MLN0128,7LPD,1295,-6.038
lafutidine,7LPD,1296,-6.037
A-939572,7LPD,1297,-6.036
AZD3514,7LPD,1298,-6.035
mepacrine,7LPD,1299,-6.034
erlotinib,7LPD,1300,-6.034
BI-D1870,7LPD,1301,-6.033
CPI-169,7LPD,1302,-6.033
risperidone,7LPD,1303,-6.032
oxolinic-acid,7LPD,1304,-6.031
fenofibric-acid,7LPD,1305,-6.031
simeprevir,7LPD,1306,-6.031
finafloxacin,7LPD,1307,-6.029
amodiaquine,7LPD,1308,-6.028
ganetespib,7LPD,1309,-6.027
ZM-323881,7LPD,1310,-6.022
TG-02,7LPD,1311,-6.02
GNF-2,7LPD,1312,-6.019
monastrol,7LPD,1313,-6.018
XMD8-92,7LPD,1314,-6.017
barasertib-HQPA,7LPD,1315,-6.013
WZ4003,7LPD,1316,-6.012
AST-1306,7LPD,1317,-6.012
olmesartan-medoxomil,7LPD,1318,-6.01
PP242,7LPD,1319,-6.01
BI-D1870,7LPD,1320,-6.01
liranaftate,7LPD,1321,-6.008
BI-D1870,7LPD,1322,-6.002
nefazodone,7LPD,1323,-6.001
BI-D1870,7LPD,1324,-6
NDT-9513727,7LPD,1325,-5.999
FR-122047,7LPD,1326,-5.999
RBC8,7LPD,1327,-5.994
entrectinib,7LPD,1328,-5.994
finafloxacin,7LPD,1329,-5.993
CPI-169,7LPD,1330,-5.99
GSK1838705A,7LPD,1331,-5.99
nefazodone,7LPD,1332,-5.989
SGI-1776,7LPD,1333,-5.986
risperidone,7LPD,1334,-5.984
HA-14-1,7LPD,1335,-5.984
erastin,7LPD,1336,-5.981
TGR-1202,7LPD,1337,-5.98
fruquintinib,7LPD,1338,-5.98
TAK-285,7LPD,1339,-5.979
FR-122047,7LPD,1340,-5.978
ku-0063794,7LPD,1341,-5.977
LY2784544,7LPD,1342,-5.976
CP-673451,7LPD,1343,-5.975
prazosin,7LPD,1344,-5.971
elvitegravir,7LPD,1345,-5.971
monastrol,7LPD,1346,-5.966
puromycin,7LPD,1347,-5.965
elvitegravir,7LPD,1348,-5.964
OSI-420,7LPD,1349,-5.958
PSI-7976,7LPD,1350,-5.958
HA-14-1,7LPD,1351,-5.957
BMS-777607,7LPD,1352,-5.957
CUDC-101,7LPD,1353,-5.955
poziotinib,7LPD,1354,-5.955
mibefradil,7LPD,1355,-5.955
PPY-A,7LPD,1356,-5.954
LY2784544,7LPD,1357,-5.954
preladenant,7LPD,1358,-5.952
PF-04691502,7LPD,1359,-5.952
proxodolol,7LPD,1360,-5.949
barasertib-HQPA,7LPD,1361,-5.947
FR-122047,7LPD,1362,-5.946
liranaftate,7LPD,1363,-5.943
YIL-781,7LPD,1364,-5.943
erastin,7LPD,1365,-5.942
CNX-774,7LPD,1366,-5.942
azeliragon,7LPD,1367,-5.941
BMS-265246,7LPD,1368,-5.941
warfarin,7LPD,1369,-5.939
furaltadone,7LPD,1370,-5.939
golvatinib,7LPD,1371,-5.935
entrectinib,7LPD,1372,-5.935
GW-405833,7LPD,1373,-5.934
PSB-603,7LPD,1374,-5.934
GDC-0623,7LPD,1375,-5.931
NVP-HSP990,7LPD,1376,-5.929
HA-14-1,7LPD,1377,-5.926
danirixin,7LPD,1378,-5.923
PF-4800567,7LPD,1379,-5.922
meclinertant,7LPD,1380,-5.919
WZ4003,7LPD,1381,-5.919
selumetinib,7LPD,1382,-5.918
salazodine,7LPD,1383,-5.918
CUDC-427,7LPD,1384,-5.917
JNJ-42041935,7LPD,1385,-5.917
XMD8-92,7LPD,1386,-5.916
apixaban,7LPD,1387,-5.913
monastrol,7LPD,1388,-5.912
terazosin,7LPD,1389,-5.911
AI-10-49,7LPD,1390,-5.909
fenofibric-acid,7LPD,1391,-5.899
clioquinol,7LPD,1392,-5.898
GSK269962,7LPD,1393,-5.896
barasertib,7LPD,1394,-5.892
ZM-323881,7LPD,1395,-5.892
CX-4945,7LPD,1396,-5.891
azilsartan,7LPD,1397,-5.89
HA-14-1,7LPD,1398,-5.89
rifabutin,7LPD,1399,-5.89
GSK2578215A,7LPD,1400,-5.89
acalisib,7LPD,1401,-5.886
meclinertant,7LPD,1402,-5.885
CP-673451,7LPD,1403,-5.885
cinoxacin,7LPD,1404,-5.881
AZD3463,7LPD,1405,-5.881
10-hydroxycamptothecin,7LPD,1406,-5.881
JTE-907,7LPD,1407,-5.878
crizotinib,7LPD,1408,-5.875
GW-1929,7LPD,1409,-5.875
UNC0737,7LPD,1410,-5.875
rifabutin,7LPD,1411,-5.872
monastrol,7LPD,1412,-5.87
tosufloxacin,7LPD,1413,-5.867
TAK-285,7LPD,1414,-5.867
BI-D1870,7LPD,1415,-5.863
elvitegravir,7LPD,1416,-5.862
RAF265,7LPD,1417,-5.862
donitriptan,7LPD,1418,-5.858
mosapride,7LPD,1419,-5.856
AST-1306,7LPD,1420,-5.855
BMS-927711,7LPD,1421,-5.855
itraconazole,7LPD,1422,-5.854
D-4476,7LPD,1423,-5.853
Rec-15_2615,7LPD,1424,-5.851
brivanib,7LPD,1425,-5.848
mibefradil,7LPD,1426,-5.847
puromycin,7LPD,1427,-5.847
G007-LK,7LPD,1428,-5.847
AZD3463,7LPD,1429,-5.844
BMS-690514,7LPD,1430,-5.844
toltrazuril,7LPD,1431,-5.844
fenofibric-acid,7LPD,1432,-5.843
DCC-2618,7LPD,1433,-5.843
puromycin,7LPD,1434,-5.843
LY266097,7LPD,1435,-5.841
TG-101348,7LPD,1436,-5.841
finafloxacin,7LPD,1437,-5.839
fruquintinib,7LPD,1438,-5.838
ARRY-334543,7LPD,1439,-5.838
toltrazuril,7LPD,1440,-5.837
EED226,7LPD,1441,-5.835
garenoxacin,7LPD,1442,-5.835
warfarin,7LPD,1443,-5.835
acalisib,7LPD,1444,-5.835
AMG-487-(+_-),7LPD,1445,-5.834
SCH-28080,7LPD,1446,-5.833
PPY-A,7LPD,1447,-5.832
KT-433,7LPD,1448,-5.83
proxodolol,7LPD,1449,-5.825
GR125487,7LPD,1450,-5.824
oxolinic-acid,7LPD,1451,-5.824
nor-Binaltorphimine-dihydrochloride,7LPD,1452,-5.823
CUDC-427,7LPD,1453,-5.823
OTS167,7LPD,1454,-5.822
DMH1,7LPD,1455,-5.822
selumetinib,7LPD,1456,-5.821
furaltadone,7LPD,1457,-5.819
LY2784544,7LPD,1458,-5.818
ZK-93426,7LPD,1459,-5.814
NK-252,7LPD,1460,-5.809
ZM-323881,7LPD,1461,-5.809
CUDC-101,7LPD,1462,-5.808
puromycin,7LPD,1463,-5.807
erlotinib,7LPD,1464,-5.806
ZM-323881,7LPD,1465,-5.805
RS-100329,7LPD,1466,-5.804
amoxapine,7LPD,1467,-5.804
azasetron,7LPD,1468,-5.803
tienilic-acid,7LPD,1469,-5.803
TC-NTR1-17,7LPD,1470,-5.803
simeprevir,7LPD,1471,-5.801
A-839977,7LPD,1472,-5.801
paliperidone,7LPD,1473,-5.8
nefazodone,7LPD,1474,-5.799
lorlatinib,7LPD,1475,-5.799
amodiaquine,7LPD,1476,-5.796
AI-10-49,7LPD,1477,-5.796
proxodolol,7LPD,1478,-5.795
phenprocoumon,7LPD,1479,-5.795
CFM-1571,7LPD,1480,-5.794
A-887826,7LPD,1481,-5.793
clioquinol,7LPD,1482,-5.792
GNF-5,7LPD,1483,-5.792
XMD8-92,7LPD,1484,-5.792
AMG-208,7LPD,1485,-5.791
tariquidar,7LPD,1486,-5.788
BAY-87-2243,7LPD,1487,-5.788
RS-100329,7LPD,1488,-5.787
ganetespib,7LPD,1489,-5.786
poziotinib,7LPD,1490,-5.784
10-hydroxycamptothecin,7LPD,1491,-5.783
NKY-80,7LPD,1492,-5.78
TAK-285,7LPD,1493,-5.779
barasertib-HQPA,7LPD,1494,-5.779
pexmetinib,7LPD,1495,-5.778
GPR120-modulator-1,7LPD,1496,-5.775
LY266097,7LPD,1497,-5.775
TC-NTR1-17,7LPD,1498,-5.773
HA-14-1,7LPD,1499,-5.773
AMG-487-(+_-),7LPD,1500,-5.773
SB-243213,7LPD,1501,-5.772
puromycin,7LPD,1502,-5.767
NDT-9513727,7LPD,1503,-5.767
BMY-45778,7LPD,1504,-5.764
CPCCOEt,7LPD,1505,-5.753
candesartan-cilextil,7LPD,1506,-5.751
delamanid,7LPD,1507,-5.751
zolantidine,7LPD,1508,-5.749
NMS-P715,7LPD,1509,-5.748
azeliragon,7LPD,1510,-5.748
AMG-487-(+_-),7LPD,1511,-5.746
preladenant,7LPD,1512,-5.745
AZ3146,7LPD,1513,-5.744
poziotinib,7LPD,1514,-5.743
maytansinol-isobutyrate,7LPD,1515,-5.743
NMS-E973,7LPD,1516,-5.742
oxolinic-acid,7LPD,1517,-5.738
candesartan-cilextil,7LPD,1518,-5.737
dicloxacillin,7LPD,1519,-5.736
fruquintinib,7LPD,1520,-5.735
ARRY-334543,7LPD,1521,-5.734
Rec-15_2615,7LPD,1522,-5.734
pyrintegrin,7LPD,1523,-5.732
barasertib-HQPA,7LPD,1524,-5.728
fenofibrate,7LPD,1525,-5.728
LY2606368,7LPD,1526,-5.728
ansamitocin-p-3,7LPD,1527,-5.727
BTS-72664,7LPD,1528,-5.72
WIKI4,7LPD,1529,-5.719
SGC-CBP30,7LPD,1530,-5.719
maytansinol-isobutyrate,7LPD,1531,-5.718
A-839977,7LPD,1532,-5.716
L-741742,7LPD,1533,-5.713
iloperidone,7LPD,1534,-5.713
mibefradil,7LPD,1535,-5.712
CGP-20712A,7LPD,1536,-5.712
Q-203,7LPD,1537,-5.712
PSI-7976,7LPD,1538,-5.709
PF-3274167,7LPD,1539,-5.709
BMS-690514,7LPD,1540,-5.707
GW-803430,7LPD,1541,-5.707
rifabutin,7LPD,1542,-5.707
CGP-20712A,7LPD,1543,-5.705
barasertib,7LPD,1544,-5.704
ML-348,7LPD,1545,-5.702
vinorelbine,7LPD,1546,-5.702
ZK811752,7LPD,1547,-5.701
BQU57,7LPD,1548,-5.698
HKI-357,7LPD,1549,-5.693
piboserod,7LPD,1550,-5.693
icotinib,7LPD,1551,-5.693
vinorelbine,7LPD,1552,-5.693
mosapride,7LPD,1553,-5.692
toltrazuril,7LPD,1554,-5.692
neratinib,7LPD,1555,-5.691
YM-201636,7LPD,1556,-5.688
PF-06463922,7LPD,1557,-5.687
RBC8,7LPD,1558,-5.687
itraconazole,7LPD,1559,-5.685
mibefradil,7LPD,1560,-5.684
fenofibric-acid,7LPD,1561,-5.684
FPL-62064,7LPD,1562,-5.681
maytansinol-isobutyrate,7LPD,1563,-5.679
tosufloxacin,7LPD,1564,-5.679
UNC0638,7LPD,1565,-5.678
piboserod,7LPD,1566,-5.678
taranabant,7LPD,1567,-5.677
ONO-4059,7LPD,1568,-5.677
KI-20227,7LPD,1569,-5.675
olmesartan-medoxomil,7LPD,1570,-5.674
AMG-487-(+_-),7LPD,1571,-5.672
azasetron,7LPD,1572,-5.672
PF-04937319,7LPD,1573,-5.671
ABT-751,7LPD,1574,-5.669
CUDC-101,7LPD,1575,-5.669
paliperidone,7LPD,1576,-5.667
paliperidone,7LPD,1577,-5.667
NIDA-41020,7LPD,1578,-5.665
rifabutin,7LPD,1579,-5.663
apabetalone,7LPD,1580,-5.661
JK-184,7LPD,1581,-5.66
A-839977,7LPD,1582,-5.66
GDC-0623,7LPD,1583,-5.659
NMS-E973,7LPD,1584,-5.658
mibefradil,7LPD,1585,-5.656
ceritinib,7LPD,1586,-5.654
UNC0737,7LPD,1587,-5.653
CPI-360,7LPD,1588,-5.653
hemoglobin-modulators-1,7LPD,1589,-5.653
afatinib,7LPD,1590,-5.652
SCH-58261,7LPD,1591,-5.651
lafutidine,7LPD,1592,-5.651
RBC8,7LPD,1593,-5.65
neurodazine,7LPD,1594,-5.65
GDC-0994,7LPD,1595,-5.649
elagolix,7LPD,1596,-5.647
CUDC-101,7LPD,1597,-5.645
posaconazole,7LPD,1598,-5.644
CITCO,7LPD,1599,-5.643
HA14-1,7LPD,1600,-5.642
ARQ-621,7LPD,1601,-5.638
puromycin,7LPD,1602,-5.635
suvorexant,7LPD,1603,-5.634
VER-49009,7LPD,1604,-5.631
toltrazuril,7LPD,1605,-5.631
ML314,7LPD,1606,-5.629
AM679,7LPD,1607,-5.627
metatinib,7LPD,1608,-5.626
puromycin,7LPD,1609,-5.626
maytansinol-isobutyrate,7LPD,1610,-5.625
cinoxacin,7LPD,1611,-5.624
CTEP,7LPD,1612,-5.622
L-741742,7LPD,1613,-5.622
proxodolol,7LPD,1614,-5.621
RS-504393,7LPD,1615,-5.621
AZ-12080282,7LPD,1616,-5.619
trametinib,7LPD,1617,-5.618
TAK-285,7LPD,1618,-5.617
cediranib,7LPD,1619,-5.616
CUDC-427,7LPD,1620,-5.61
WZ-4002,7LPD,1621,-5.608
amodiaquine,7LPD,1622,-5.607
elacridar,7LPD,1623,-5.602
ARQ-621,7LPD,1624,-5.6
UNC0638,7LPD,1625,-5.6
UNC0737,7LPD,1626,-5.6
PIM-1-Inhibitor-2,7LPD,1627,-5.599
brivanib-alaninate,7LPD,1628,-5.597
GW-1100,7LPD,1629,-5.596
CPI-360,7LPD,1630,-5.596
SGC-CBP30,7LPD,1631,-5.595
GR125487,7LPD,1632,-5.594
mibefradil,7LPD,1633,-5.593
PF-8380,7LPD,1634,-5.591
CPI-360,7LPD,1635,-5.591
vandetanib,7LPD,1636,-5.588
GDC-0623,7LPD,1637,-5.588
RG1530,7LPD,1638,-5.584
I-BET-762,7LPD,1639,-5.581
CYM-50260,7LPD,1640,-5.579
paliperidone,7LPD,1641,-5.579
poziotinib,7LPD,1642,-5.578
BML-284,7LPD,1643,-5.577
pexmetinib,7LPD,1644,-5.576
simeprevir,7LPD,1645,-5.575
maytansinol-isobutyrate,7LPD,1646,-5.575
metazosin,7LPD,1647,-5.574
NBI-74330-(+_-),7LPD,1648,-5.57
pacritinib,7LPD,1649,-5.57
MBX-2982,7LPD,1650,-5.567
vandetanib,7LPD,1651,-5.564
GSK269962,7LPD,1652,-5.563
efatutazone,7LPD,1653,-5.563
MK-8245,7LPD,1654,-5.563
terazosin,7LPD,1655,-5.562
GSK461364,7LPD,1656,-5.561
CYM-50260,7LPD,1657,-5.561
CITCO,7LPD,1658,-5.557
AZD8931,7LPD,1659,-5.556
mepacrine,7LPD,1660,-5.554
RBC8,7LPD,1661,-5.553
AZD3463,7LPD,1662,-5.553
neratinib,7LPD,1663,-5.549
BMS-599626,7LPD,1664,-5.547
A-839977,7LPD,1665,-5.547
NIDA-41020,7LPD,1666,-5.547
HKI-357,7LPD,1667,-5.547
itraconazole,7LPD,1668,-5.546
brivanib,7LPD,1669,-5.545
CPI-169,7LPD,1670,-5.544
WZ-3146,7LPD,1671,-5.544
azasetron,7LPD,1672,-5.543
SPP301,7LPD,1673,-5.542
PF-3274167,7LPD,1674,-5.542
LY2606368,7LPD,1675,-5.541
AZ5104,7LPD,1676,-5.538
MK-8245,7LPD,1677,-5.535
selumetinib,7LPD,1678,-5.533
GW-1100,7LPD,1679,-5.533
XMD8-92,7LPD,1680,-5.529
itraconazole,7LPD,1681,-5.523
olmesartan-medoxomil,7LPD,1682,-5.522
dorsomorphin,7LPD,1683,-5.518
efatutazone,7LPD,1684,-5.517
fostamatinib,7LPD,1685,-5.516
PF-3274167,7LPD,1686,-5.516
proxodolol,7LPD,1687,-5.515
AZD3463,7LPD,1688,-5.514
azilsartan,7LPD,1689,-5.512
pranlukast,7LPD,1690,-5.512
danusertib,7LPD,1691,-5.511
CITCO,7LPD,1692,-5.51
NDT-9513727,7LPD,1693,-5.508
mibefradil,7LPD,1694,-5.507
posaconazole,7LPD,1695,-5.507
crizotinib,7LPD,1696,-5.507
selumetinib,7LPD,1697,-5.506
ansamitocin-p-3,7LPD,1698,-5.505
purmorphamine,7LPD,1699,-5.503
TG-101348,7LPD,1700,-5.502
CPI-360,7LPD,1701,-5.498
GW-843682X,7LPD,1702,-5.497
BQU57,7LPD,1703,-5.497
amodiaquine,7LPD,1704,-5.497
NMS-P715,7LPD,1705,-5.495
BCI-540,7LPD,1706,-5.491
APD597,7LPD,1707,-5.488
pirodavir,7LPD,1708,-5.488
neurodazine,7LPD,1709,-5.487
poziotinib,7LPD,1710,-5.483
brivanib,7LPD,1711,-5.483
NMS-E973,7LPD,1712,-5.481
XMD8-92,7LPD,1713,-5.48
TAK-285,7LPD,1714,-5.48
GSK461364,7LPD,1715,-5.48
tosufloxacin,7LPD,1716,-5.479
PP242,7LPD,1717,-5.474
GPR120-modulator-1,7LPD,1718,-5.473
DCC-2618,7LPD,1719,-5.473
telotristat,7LPD,1720,-5.472
ARV-825,7LPD,1721,-5.472
CUDC-427,7LPD,1722,-5.471
ZM-241385,7LPD,1723,-5.471
puromycin,7LPD,1724,-5.47
taranabant,7LPD,1725,-5.468
AMG-487-(+_-),7LPD,1726,-5.468
SCH-58261,7LPD,1727,-5.466
terazosin,7LPD,1728,-5.465
danusertib,7LPD,1729,-5.463
quizartinib,7LPD,1730,-5.462
CID-16020046,7LPD,1731,-5.458
decoquinate,7LPD,1732,-5.455
AMG-487-(+_-),7LPD,1733,-5.454
AMG-487,7LPD,1734,-5.454
BCI-540,7LPD,1735,-5.452
BIX-01294,7LPD,1736,-5.451
afatinib,7LPD,1737,-5.45
PP242,7LPD,1738,-5.448
GW-1100,7LPD,1739,-5.446
terconazole,7LPD,1740,-5.445
iloperidone,7LPD,1741,-5.445
simeprevir,7LPD,1742,-5.437
metatinib,7LPD,1743,-5.437
vinorelbine,7LPD,1744,-5.437
simeprevir,7LPD,1745,-5.437
erastin,7LPD,1746,-5.434
elafibranor,7LPD,1747,-5.434
crizotinib,7LPD,1748,-5.434
A-939572,7LPD,1749,-5.433
sorafenib,7LPD,1750,-5.432
olmesartan-medoxomil,7LPD,1751,-5.431
imiloxan,7LPD,1752,-5.431
brivanib,7LPD,1753,-5.431
canertinib,7LPD,1754,-5.429
urapidil,7LPD,1755,-5.429
CYM-50260,7LPD,1756,-5.428
brivanib,7LPD,1757,-5.428
oxolinic-acid,7LPD,1758,-5.424
PF-04691502,7LPD,1759,-5.424
altiratinib,7LPD,1760,-5.423
AZD3759,7LPD,1761,-5.422
UNC0737,7LPD,1762,-5.422
BMS-191095,7LPD,1763,-5.421
pirenoxine,7LPD,1764,-5.417
taranabant,7LPD,1765,-5.415
GR-127935,7LPD,1766,-5.415
balaglitazone,7LPD,1767,-5.414
AMG-337,7LPD,1768,-5.412
BQU57,7LPD,1769,-5.412
ML167,7LPD,1770,-5.412
avatrombopag,7LPD,1771,-5.411
MK-8245,7LPD,1772,-5.408
AMG-208,7LPD,1773,-5.407
VE-822,7LPD,1774,-5.406
tariquidar,7LPD,1775,-5.406
copanlisib,7LPD,1776,-5.405
UNC0638,7LPD,1777,-5.405
azasetron,7LPD,1778,-5.403
barasertib-HQPA,7LPD,1779,-5.402
TCS-3035,7LPD,1780,-5.397
balaglitazone,7LPD,1781,-5.391
brivanib-alaninate,7LPD,1782,-5.39
HKI-357,7LPD,1783,-5.39
pibenzimol,7LPD,1784,-5.388
YIL-781,7LPD,1785,-5.388
Rec-15_2615,7LPD,1786,-5.385
barasertib,7LPD,1787,-5.385
SGC-CBP30,7LPD,1788,-5.382
BMS-777607,7LPD,1789,-5.379
itraconazole,7LPD,1790,-5.378
simeprevir,7LPD,1791,-5.378
olmesartan-medoxomil,7LPD,1792,-5.377
nefazodone,7LPD,1793,-5.373
telotristat,7LPD,1794,-5.372
tezacaftor,7LPD,1795,-5.37
erastin,7LPD,1796,-5.37
elacridar,7LPD,1797,-5.37
selumetinib,7LPD,1798,-5.366
NMS-P715,7LPD,1799,-5.363
ZK811752,7LPD,1800,-5.362
LY266097,7LPD,1801,-5.361
iloperidone,7LPD,1802,-5.36
barasertib-HQPA,7LPD,1803,-5.36
altiratinib,7LPD,1804,-5.357
dicloxacillin,7LPD,1805,-5.356
ZM-323881,7LPD,1806,-5.354
pacritinib,7LPD,1807,-5.353
SB-505124,7LPD,1808,-5.353
vipadenant,7LPD,1809,-5.352
GW-405833,7LPD,1810,-5.351
selumetinib,7LPD,1811,-5.348
GW-843682X,7LPD,1812,-5.347
quizartinib,7LPD,1813,-5.345
ML167,7LPD,1814,-5.345
proglumetacin,7LPD,1815,-5.345
toltrazuril,7LPD,1816,-5.341
altiratinib,7LPD,1817,-5.337
itraconazole,7LPD,1818,-5.335
SB-334867,7LPD,1819,-5.333
GSK1904529A,7LPD,1820,-5.331
dorsomorphin,7LPD,1821,-5.331
genz-644282,7LPD,1822,-5.33
APD668,7LPD,1823,-5.329
mosapride,7LPD,1824,-5.329
raltegravir,7LPD,1825,-5.328
risperidone,7LPD,1826,-5.326
mosapride,7LPD,1827,-5.323
terconazole,7LPD,1828,-5.319
maytansinol-isobutyrate,7LPD,1829,-5.318
puromycin,7LPD,1830,-5.313
Rec-15_2615,7LPD,1831,-5.309
GNF-5,7LPD,1832,-5.308
KT-433,7LPD,1833,-5.308
vilazodone,7LPD,1834,-5.307
lemborexant,7LPD,1835,-5.305
canertinib,7LPD,1836,-5.304
BQU57,7LPD,1837,-5.302
pirenoxine,7LPD,1838,-5.302
CUDC-907,7LPD,1839,-5.301
ML167,7LPD,1840,-5.3
brivanib,7LPD,1841,-5.3
GNF-2,7LPD,1842,-5.299
zolantidine,7LPD,1843,-5.296
PF-04937319,7LPD,1844,-5.293
salazodine,7LPD,1845,-5.293
brivanib-alaninate,7LPD,1846,-5.291
GR-127935,7LPD,1847,-5.29
elafibranor,7LPD,1848,-5.29
crizotinib-(S),7LPD,1849,-5.288
GW-803430,7LPD,1850,-5.286
RBC8,7LPD,1851,-5.284
clioquinol,7LPD,1852,-5.282
mibefradil,7LPD,1853,-5.279
ARRY-334543,7LPD,1854,-5.278
irinotecan,7LPD,1855,-5.273
TMC-353121,7LPD,1856,-5.273
brexpiprazole,7LPD,1857,-5.271
triclabendazole,7LPD,1858,-5.27
sonidegib,7LPD,1859,-5.269
RBC8,7LPD,1860,-5.269
terazosin,7LPD,1861,-5.267
telithromycin,7LPD,1862,-5.263
acalisib,7LPD,1863,-5.262
UNC0321,7LPD,1864,-5.261
prazosin,7LPD,1865,-5.261
puromycin,7LPD,1866,-5.26
MRK-016,7LPD,1867,-5.26
CITCO,7LPD,1868,-5.258
proglumetacin,7LPD,1869,-5.257
GR-127935,7LPD,1870,-5.256
barasertib-HQPA,7LPD,1871,-5.256
iloperidone,7LPD,1872,-5.254
APD668,7LPD,1873,-5.253
dorsomorphin,7LPD,1874,-5.252
MRK-016,7LPD,1875,-5.251
GPR120-modulator-1,7LPD,1876,-5.25
SB-216641,7LPD,1877,-5.25
mibefradil,7LPD,1878,-5.248
OSI-420,7LPD,1879,-5.247
G007-LK,7LPD,1880,-5.246
SCH-28080,7LPD,1881,-5.244
TG-100572,7LPD,1882,-5.244
bitopertin,7LPD,1883,-5.244
elvitegravir,7LPD,1884,-5.244
lafutidine,7LPD,1885,-5.242
PSB-603,7LPD,1886,-5.241
brivanib,7LPD,1887,-5.239
JNJ-42165279,7LPD,1888,-5.237
nor-Binaltorphimine-dihydrochloride,7LPD,1889,-5.233
APD668,7LPD,1890,-5.231
trovafloxacin,7LPD,1891,-5.231
ML167,7LPD,1892,-5.231
GKA-50,7LPD,1893,-5.227
pibenzimol,7LPD,1894,-5.226
GR125487,7LPD,1895,-5.226
neratinib,7LPD,1896,-5.223
pexmetinib,7LPD,1897,-5.221
warfarin,7LPD,1898,-5.22
VU-0422288,7LPD,1899,-5.219
BMS-536924,7LPD,1900,-5.218
AZ3146,7LPD,1901,-5.218
TMC-353121,7LPD,1902,-5.217
BMS-265246,7LPD,1903,-5.216
TAK-285,7LPD,1904,-5.215
flucloxacillin,7LPD,1905,-5.213
ZK811752,7LPD,1906,-5.21
tezacaftor,7LPD,1907,-5.21
mibefradil,7LPD,1908,-5.207
dacomitinib,7LPD,1909,-5.206
TG-100572,7LPD,1910,-5.206
BCI-540,7LPD,1911,-5.204
lafutidine,7LPD,1912,-5.203
NVP-BGJ398,7LPD,1913,-5.202
APD597,7LPD,1914,-5.201
furaltadone,7LPD,1915,-5.199
TMC-353121,7LPD,1916,-5.196
tezacaftor,7LPD,1917,-5.192
fenofibrate,7LPD,1918,-5.191
SB-216641,7LPD,1919,-5.191
MBX-2982,7LPD,1920,-5.191
MBX-2982,7LPD,1921,-5.19
PF-4800567,7LPD,1922,-5.19
NVP-BGJ398,7LPD,1923,-5.186
HA-14-1,7LPD,1924,-5.185
toltrazuril,7LPD,1925,-5.183
salazodine,7LPD,1926,-5.182
GSK2190915,7LPD,1927,-5.182
AMG-487-(+_-),7LPD,1928,-5.18
edaglitazone,7LPD,1929,-5.18
AMG-337,7LPD,1930,-5.18
danirixin,7LPD,1931,-5.179
KD025,7LPD,1932,-5.177
metazosin,7LPD,1933,-5.174
RBC8,7LPD,1934,-5.173
brivanib-alaninate,7LPD,1935,-5.172
efatutazone,7LPD,1936,-5.169
eact,7LPD,1937,-5.169
metazosin,7LPD,1938,-5.167
barasertib-HQPA,7LPD,1939,-5.167
altiratinib,7LPD,1940,-5.166
tyrphostin-AG-1478,7LPD,1941,-5.166
riodipine,7LPD,1942,-5.166
ML167,7LPD,1943,-5.164
raltegravir,7LPD,1944,-5.163
brivanib-alaninate,7LPD,1945,-5.162
Mps1-IN-1,7LPD,1946,-5.162
deltarasin,7LPD,1947,-5.162
furaltadone,7LPD,1948,-5.16
BTS-72664,7LPD,1949,-5.157
quizartinib,7LPD,1950,-5.153
RBC8,7LPD,1951,-5.149
AM679,7LPD,1952,-5.149
VU-0422288,7LPD,1953,-5.146
telithromycin,7LPD,1954,-5.146
BMS-817378,7LPD,1955,-5.146
AST-1306,7LPD,1956,-5.145
GW-1100,7LPD,1957,-5.144
brivanib,7LPD,1958,-5.144
bitopertin,7LPD,1959,-5.142
AM679,7LPD,1960,-5.141
barasertib-HQPA,7LPD,1961,-5.14
CC-401,7LPD,1962,-5.14
selumetinib,7LPD,1963,-5.139
rifabutin,7LPD,1964,-5.136
AMG-208,7LPD,1965,-5.136
meclinertant,7LPD,1966,-5.131
furaltadone,7LPD,1967,-5.128
CEP-32496,7LPD,1968,-5.126
zolantidine,7LPD,1969,-5.126
mibefradil,7LPD,1970,-5.126
DMH1,7LPD,1971,-5.124
pantoprazole,7LPD,1972,-5.124
YM-201636,7LPD,1973,-5.123
nor-Binaltorphimine-dihydrochloride,7LPD,1974,-5.123
telotristat-ethyl,7LPD,1975,-5.122
VU-152100,7LPD,1976,-5.118
TC-NTR1-17,7LPD,1977,-5.117
pantoprazole,7LPD,1978,-5.117
sofosbuvir,7LPD,1979,-5.117
PSI-7976,7LPD,1980,-5.117
UNC0321,7LPD,1981,-5.115
ZM-241385,7LPD,1982,-5.112
HA14-1,7LPD,1983,-5.109
terazosin,7LPD,1984,-5.107
NDT-9513727,7LPD,1985,-5.105
azasetron,7LPD,1986,-5.103
CCG-63808,7LPD,1987,-5.102
VER-49009,7LPD,1988,-5.102
VE-822,7LPD,1989,-5.101
TG-101348,7LPD,1990,-5.101
WIKI4,7LPD,1991,-5.097
crenolanib,7LPD,1992,-5.097
cediranib,7LPD,1993,-5.096
GSK2190915,7LPD,1994,-5.096
TC-F-2,7LPD,1995,-5.093
danusertib,7LPD,1996,-5.092
AZD4547,7LPD,1997,-5.091
CPI-169,7LPD,1998,-5.091
salazodine,7LPD,1999,-5.091
copanlisib,7LPD,2000,-5.09
CGP-20712A,7LPD,2001,-5.088
simeprevir,7LPD,2002,-5.087
PF-8380,7LPD,2003,-5.087
coumarin,7LPD,2004,-5.085
GDC-0623,7LPD,2005,-5.083
risperidone,7LPD,2006,-5.082
riociguat,7LPD,2007,-5.081
preladenant,7LPD,2008,-5.081
UNC0646,7LPD,2009,-5.079
VE-822,7LPD,2010,-5.079
EVP4593,7LPD,2011,-5.076
ZM-306416,7LPD,2012,-5.073
candesartan,7LPD,2013,-5.073
UNC0737,7LPD,2014,-5.072
telotristat,7LPD,2015,-5.071
G007-LK,7LPD,2016,-5.071
oglemilast,7LPD,2017,-5.07
UNC0737,7LPD,2018,-5.07
NKY-80,7LPD,2019,-5.069
pirenoxine,7LPD,2020,-5.068
selumetinib,7LPD,2021,-5.066
TWS-119,7LPD,2022,-5.062
riociguat,7LPD,2023,-5.06
YM-201636,7LPD,2024,-5.059
taselisib,7LPD,2025,-5.059
GSK1292263,7LPD,2026,-5.057
mepacrine,7LPD,2027,-5.057
barasertib-HQPA,7LPD,2028,-5.054
TC-NTR1-17,7LPD,2029,-5.049
KT-433,7LPD,2030,-5.047
BMS-191095,7LPD,2031,-5.046
copanlisib,7LPD,2032,-5.044
paliperidone,7LPD,2033,-5.044
KL-001,7LPD,2034,-5.043
SANT-2,7LPD,2035,-5.041
metatinib,7LPD,2036,-5.041
danusertib,7LPD,2037,-5.04
paliperidone,7LPD,2038,-5.039
entrectinib,7LPD,2039,-5.038
CPI-169,7LPD,2040,-5.037
amuvatinib,7LPD,2041,-5.036
DMH4,7LPD,2042,-5.036
MK-2048,7LPD,2043,-5.034
TG-101348,7LPD,2044,-5.032
danusertib,7LPD,2045,-5.031
DCC-2618,7LPD,2046,-5.028
BTS-72664,7LPD,2047,-5.028
AZ3146,7LPD,2048,-5.026
BCI-540,7LPD,2049,-5.023
RP-001,7LPD,2050,-5.017
vilazodone,7LPD,2051,-5.015
phenprocoumon,7LPD,2052,-5.013
AZM-475271,7LPD,2053,-5.013
azilsartan,7LPD,2054,-5.012
flucloxacillin,7LPD,2055,-5.012
MK-1775,7LPD,2056,-5.012
CGP-20712A,7LPD,2057,-5.01
pexmetinib,7LPD,2058,-5.01
GPR120-modulator-1,7LPD,2059,-5.008
nor-Binaltorphimine-dihydrochloride,7LPD,2060,-5.007
ZK811752,7LPD,2061,-5.007
metatinib,7LPD,2062,-5.006
telithromycin,7LPD,2063,-5.006
cabozantinib,7LPD,2064,-5.005
GDC-0994,7LPD,2065,-4.999
candesartan-cilextil,7LPD,2066,-4.998
furaltadone,7LPD,2067,-4.995
clioquinol,7LPD,2068,-4.995
BCI-540,7LPD,2069,-4.994
AZD3463,7LPD,2070,-4.993
mirodenafil,7LPD,2071,-4.992
barasertib,7LPD,2072,-4.986
metazosin,7LPD,2073,-4.984
vandetanib,7LPD,2074,-4.984
mibefradil,7LPD,2075,-4.983
vandetanib,7LPD,2076,-4.982
azasetron,7LPD,2077,-4.981
BIX-01294,7LPD,2078,-4.98
ZCL-278,7LPD,2079,-4.977
DCC-2618,7LPD,2080,-4.976
piboserod,7LPD,2081,-4.975
zafirlukast,7LPD,2082,-4.974
AZD3514,7LPD,2083,-4.974
UNC0631,7LPD,2084,-4.972
CGM097,7LPD,2085,-4.968
YC-1,7LPD,2086,-4.968
PTC-209,7LPD,2087,-4.961
CTEP,7LPD,2088,-4.958
olmutinib,7LPD,2089,-4.956
riociguat,7LPD,2090,-4.955
JNJ-27141491,7LPD,2091,-4.954
ARV-825,7LPD,2092,-4.953
telithromycin,7LPD,2093,-4.952
furaltadone,7LPD,2094,-4.95
AMG-337,7LPD,2095,-4.947
loxapine,7LPD,2096,-4.942
TG-101348,7LPD,2097,-4.941
pacritinib,7LPD,2098,-4.932
TG-101348,7LPD,2099,-4.925
olmutinib,7LPD,2100,-4.924
entrectinib,7LPD,2101,-4.918
TBA-354,7LPD,2102,-4.918
EED226,7LPD,2103,-4.916
GNF-5,7LPD,2104,-4.916
GR-127935,7LPD,2105,-4.915
NVP-HSP990,7LPD,2106,-4.913
apixaban,7LPD,2107,-4.913
riodipine,7LPD,2108,-4.913
CGM097,7LPD,2109,-4.91
candesartan-cilextil,7LPD,2110,-4.909
quizartinib,7LPD,2111,-4.907
barasertib,7LPD,2112,-4.901
cilostazol,7LPD,2113,-4.899
elvitegravir,7LPD,2114,-4.897
sildenafil,7LPD,2115,-4.896
metazosin,7LPD,2116,-4.893
candesartan-cilextil,7LPD,2117,-4.892
teniposide,7LPD,2118,-4.891
nor-Binaltorphimine-dihydrochloride,7LPD,2119,-4.891
CCT137690,7LPD,2120,-4.89
XL-647,7LPD,2121,-4.889
CPCCOEt,7LPD,2122,-4.888
salazodine,7LPD,2123,-4.887
BIX-01294,7LPD,2124,-4.885
CPCCOEt,7LPD,2125,-4.884
NKY-80,7LPD,2126,-4.88
gilteritinib,7LPD,2127,-4.878
flucloxacillin,7LPD,2128,-4.877
barasertib,7LPD,2129,-4.875
cardiogenol-c,7LPD,2130,-4.873
nefazodone,7LPD,2131,-4.873
osimertinib,7LPD,2132,-4.873
taselisib,7LPD,2133,-4.872
HKI-357,7LPD,2134,-4.871
efatutazone,7LPD,2135,-4.865
liranaftate,7LPD,2136,-4.864
BIX-01294,7LPD,2137,-4.864
posaconazole,7LPD,2138,-4.864
elafibranor,7LPD,2139,-4.863
metazosin,7LPD,2140,-4.863
LY2603618,7LPD,2141,-4.862
A-887826,7LPD,2142,-4.86
ML347,7LPD,2143,-4.859
pranlukast,7LPD,2144,-4.859
lorlatinib,7LPD,2145,-4.853
CPI-169,7LPD,2146,-4.853
mirodenafil,7LPD,2147,-4.852
brivanib-alaninate,7LPD,2148,-4.851
eact,7LPD,2149,-4.846
AM679,7LPD,2150,-4.846
proglumetacin,7LPD,2151,-4.843
RG1530,7LPD,2152,-4.842
pibenzimol,7LPD,2153,-4.842
AZD9272,7LPD,2154,-4.842
PD-166285,7LPD,2155,-4.839
danusertib,7LPD,2156,-4.837
CTEP,7LPD,2157,-4.837
pirenoxine,7LPD,2158,-4.834
LY2603618,7LPD,2159,-4.834
salazodine,7LPD,2160,-4.834
PSI-7976,7LPD,2161,-4.833
pibenzimol,7LPD,2162,-4.831
VX-11e,7LPD,2163,-4.829
pyrintegrin,7LPD,2164,-4.827
pexmetinib,7LPD,2165,-4.824
taranabant,7LPD,2166,-4.822
alfuzosin,7LPD,2167,-4.821
ZM-306416,7LPD,2168,-4.819
olmutinib,7LPD,2169,-4.819
proxodolol,7LPD,2170,-4.815
ML167,7LPD,2171,-4.813
venetoclax,7LPD,2172,-4.812
NU-1025,7LPD,2173,-4.809
amoxapine,7LPD,2174,-4.807
ML-348,7LPD,2175,-4.804
loxapine,7LPD,2176,-4.803
NVP-BGJ398,7LPD,2177,-4.802
fenofibrate,7LPD,2178,-4.8
selumetinib,7LPD,2179,-4.79
BQU57,7LPD,2180,-4.785
BMS-191095,7LPD,2181,-4.777
LY3000328,7LPD,2182,-4.777
azasetron,7LPD,2183,-4.772
ZM-306416,7LPD,2184,-4.77
UNC0638,7LPD,2185,-4.77
I-BET-762,7LPD,2186,-4.77
PF-04937319,7LPD,2187,-4.769
GSK1292263,7LPD,2188,-4.769
nor-Binaltorphimine-dihydrochloride,7LPD,2189,-4.766
mosapride,7LPD,2190,-4.761
mibefradil,7LPD,2191,-4.756
UNC0224,7LPD,2192,-4.756
ZK811752,7LPD,2193,-4.753
AZD3759,7LPD,2194,-4.752
UNC0737,7LPD,2195,-4.752
MK-1775,7LPD,2196,-4.75
gefitinib,7LPD,2197,-4.749
pyrintegrin,7LPD,2198,-4.746
BMS-265246,7LPD,2199,-4.744
erlotinib,7LPD,2200,-4.744
sofosbuvir,7LPD,2201,-4.737
PSI-7976,7LPD,2202,-4.737
C-021,7LPD,2203,-4.737
olmutinib,7LPD,2204,-4.732
GDC-0623,7LPD,2205,-4.731
A-887826,7LPD,2206,-4.729
XL-647,7LPD,2207,-4.729
TC-N-1752,7LPD,2208,-4.728
MK-2048,7LPD,2209,-4.728
monastrol,7LPD,2210,-4.727
nefazodone,7LPD,2211,-4.726
simeprevir,7LPD,2212,-4.726
salazodine,7LPD,2213,-4.725
LY2874455,7LPD,2214,-4.725
bay-60-7550,7LPD,2215,-4.722
nor-Binaltorphimine-dihydrochloride,7LPD,2216,-4.718
BIX-01294,7LPD,2217,-4.718
CUDC-427,7LPD,2218,-4.718
furaltadone,7LPD,2219,-4.717
CYM-50260,7LPD,2220,-4.716
LDC1267,7LPD,2221,-4.714
CGM097,7LPD,2222,-4.714
trovafloxacin,7LPD,2223,-4.713
EMD-1214063,7LPD,2224,-4.708
terazosin,7LPD,2225,-4.707
UNC0737,7LPD,2226,-4.702
PD-153035,7LPD,2227,-4.702
BI-224436,7LPD,2228,-4.701
VX-11e,7LPD,2229,-4.701
olmutinib,7LPD,2230,-4.698
paliperidone,7LPD,2231,-4.695
CPCCOEt,7LPD,2232,-4.694
Mps1-IN-1,7LPD,2233,-4.693
vandetanib,7LPD,2234,-4.689
UNC0224,7LPD,2235,-4.689
crizotinib-(S),7LPD,2236,-4.688
risperidone,7LPD,2237,-4.687
sofosbuvir,7LPD,2238,-4.687
PSI-7976,7LPD,2239,-4.687
teniposide,7LPD,2240,-4.684
lafutidine,7LPD,2241,-4.682
NKY-80,7LPD,2242,-4.681
GSK2190915,7LPD,2243,-4.681
olmutinib,7LPD,2244,-4.681
pacritinib,7LPD,2245,-4.679
riociguat,7LPD,2246,-4.675
tesaglitazar,7LPD,2247,-4.672
grazoprevir,7LPD,2248,-4.669
NVP-BGJ398,7LPD,2249,-4.658
danusertib,7LPD,2250,-4.656
pibenzimol,7LPD,2251,-4.656
cabozantinib,7LPD,2252,-4.653
UNC0321,7LPD,2253,-4.652
elafibranor,7LPD,2254,-4.651
Q-203,7LPD,2255,-4.65
GKA-50,7LPD,2256,-4.65
UNC0642,7LPD,2257,-4.649
vilazodone,7LPD,2258,-4.647
pibenzimol,7LPD,2259,-4.646
flucloxacillin,7LPD,2260,-4.643
decoquinate,7LPD,2261,-4.638
brivanib-alaninate,7LPD,2262,-4.637
TG-100572,7LPD,2263,-4.637
TBA-354,7LPD,2264,-4.633
A-887826,7LPD,2265,-4.632
zafirlukast,7LPD,2266,-4.631
BMS-191095,7LPD,2267,-4.629
urapidil,7LPD,2268,-4.621
teniposide,7LPD,2269,-4.619
LY2784544,7LPD,2270,-4.617
UNC0224,7LPD,2271,-4.616
NMS-873,7LPD,2272,-4.614
NBI-74330-(+_-),7LPD,2273,-4.612
LX1031,7LPD,2274,-4.611
purmorphamine,7LPD,2275,-4.61
CGP-20712A,7LPD,2276,-4.61
mibefradil,7LPD,2277,-4.61
flucloxacillin,7LPD,2278,-4.608
YM-90709,7LPD,2279,-4.605
toltrazuril,7LPD,2280,-4.604
terconazole,7LPD,2281,-4.603
NKY-80,7LPD,2282,-4.602
CUDC-907,7LPD,2283,-4.599
BMS-265246,7LPD,2284,-4.599
HKI-357,7LPD,2285,-4.596
zolantidine,7LPD,2286,-4.594
SB-243213,7LPD,2287,-4.593
azasetron,7LPD,2288,-4.592
LRRK2-IN-1,7LPD,2289,-4.588
NMS-873,7LPD,2290,-4.588
anlotinib,7LPD,2291,-4.586
furaltadone,7LPD,2292,-4.583
mirodenafil,7LPD,2293,-4.583
cabozantinib,7LPD,2294,-4.582
doxazosin,7LPD,2295,-4.582
GSK1292263,7LPD,2296,-4.582
irinotecan,7LPD,2297,-4.58
JW-74,7LPD,2298,-4.579
VX-11e,7LPD,2299,-4.577
BTS-72664,7LPD,2300,-4.575
APD597,7LPD,2301,-4.573
lafutidine,7LPD,2302,-4.573
oxiperomide,7LPD,2303,-4.57
OSI-420,7LPD,2304,-4.567
MK-1775,7LPD,2305,-4.566
betrixaban,7LPD,2306,-4.565
GW-1929,7LPD,2307,-4.561
elafibranor,7LPD,2308,-4.56
nor-Binaltorphimine-dihydrochloride,7LPD,2309,-4.559
mibefradil,7LPD,2310,-4.558
CGP-20712A,7LPD,2311,-4.556
droxicam,7LPD,2312,-4.555
AI-10-49,7LPD,2313,-4.555
TMC-353121,7LPD,2314,-4.555
Rec-15_2615,7LPD,2315,-4.554
vandetanib,7LPD,2316,-4.552
ARV-825,7LPD,2317,-4.551
GW-803430,7LPD,2318,-4.55
tariquidar,7LPD,2319,-4.549
NMS-E973,7LPD,2320,-4.549
metatinib,7LPD,2321,-4.547
marbofloxacin,7LPD,2322,-4.544
terconazole,7LPD,2323,-4.544
BTS-72664,7LPD,2324,-4.544
CP-724714,7LPD,2325,-4.543
UNC0737,7LPD,2326,-4.542
danusertib,7LPD,2327,-4.542
taranabant,7LPD,2328,-4.541
pranlukast,7LPD,2329,-4.54
TC-NTR1-17,7LPD,2330,-4.537
candesartan,7LPD,2331,-4.533
eluxadoline,7LPD,2332,-4.531
benzydamine,7LPD,2333,-4.529
YIL-781,7LPD,2334,-4.526
clioquinol,7LPD,2335,-4.524
HKI-357,7LPD,2336,-4.52
crenolanib,7LPD,2337,-4.516
metazosin,7LPD,2338,-4.514
gabazine,7LPD,2339,-4.507
itraconazole,7LPD,2340,-4.506
elafibranor,7LPD,2341,-4.505
CPI-169,7LPD,2342,-4.504
A-887826,7LPD,2343,-4.504
OSI-027,7LPD,2344,-4.503
regorafenib,7LPD,2345,-4.497
MBX-2982,7LPD,2346,-4.495
BQU57,7LPD,2347,-4.494
CC-401,7LPD,2348,-4.493
GSK923295,7LPD,2349,-4.49
MK-1775,7LPD,2350,-4.488
BMS-265246,7LPD,2351,-4.485
elacridar,7LPD,2352,-4.478
golvatinib,7LPD,2353,-4.475
taranabant,7LPD,2354,-4.467
I-BET-762,7LPD,2355,-4.466
simeprevir,7LPD,2356,-4.466
AZD3759,7LPD,2357,-4.465
flucloxacillin,7LPD,2358,-4.463
BIX-01294,7LPD,2359,-4.463
PF-06463922,7LPD,2360,-4.462
sofosbuvir,7LPD,2361,-4.462
PSI-7976,7LPD,2362,-4.462
FG-2216,7LPD,2363,-4.456
golvatinib,7LPD,2364,-4.456
LY2874455,7LPD,2365,-4.454
UNC0737,7LPD,2366,-4.452
PIM-1-Inhibitor-2,7LPD,2367,-4.45
HKI-357,7LPD,2368,-4.449
dorsomorphin,7LPD,2369,-4.449
edaglitazone,7LPD,2370,-4.449
I-BET-762,7LPD,2371,-4.447
SPP301,7LPD,2372,-4.446
cardiogenol-c,7LPD,2373,-4.445
teniposide,7LPD,2374,-4.444
PD-153035,7LPD,2375,-4.444
TWS-119,7LPD,2376,-4.443
vilazodone,7LPD,2377,-4.44
crizotinib,7LPD,2378,-4.437
APcK-110,7LPD,2379,-4.435
GW-803430,7LPD,2380,-4.435
GSK1292263,7LPD,2381,-4.434
AZD3759,7LPD,2382,-4.432
GDC-0623,7LPD,2383,-4.43
puromycin,7LPD,2384,-4.424
APD668,7LPD,2385,-4.424
MLN1117,7LPD,2386,-4.42
ZM-306416,7LPD,2387,-4.419
Mps1-IN-1,7LPD,2388,-4.414
lapatinib,7LPD,2389,-4.412
GSK2801,7LPD,2390,-4.409
elafibranor,7LPD,2391,-4.406
decoquinate,7LPD,2392,-4.404
posaconazole,7LPD,2393,-4.404
CGM097,7LPD,2394,-4.404
azasetron,7LPD,2395,-4.403
terazosin,7LPD,2396,-4.397
SB-216641,7LPD,2397,-4.394
GNF-2,7LPD,2398,-4.391
pexmetinib,7LPD,2399,-4.389
marbofloxacin,7LPD,2400,-4.386
UNC0638,7LPD,2401,-4.385
terazosin,7LPD,2402,-4.383
prazosin,7LPD,2403,-4.383
lorlatinib,7LPD,2404,-4.378
sonidegib,7LPD,2405,-4.378
riociguat,7LPD,2406,-4.378
LRRK2-IN-1,7LPD,2407,-4.375
lapatinib,7LPD,2408,-4.374
CYT-997,7LPD,2409,-4.372
sofosbuvir,7LPD,2410,-4.369
KT-433,7LPD,2411,-4.365
HKI-357,7LPD,2412,-4.364
meclinertant,7LPD,2413,-4.364
CP-673451,7LPD,2414,-4.36
AV-412,7LPD,2415,-4.36
LY2603618,7LPD,2416,-4.356
MK-1775,7LPD,2417,-4.356
BTS-72664,7LPD,2418,-4.353
YM-201636,7LPD,2419,-4.353
teniposide,7LPD,2420,-4.353
candesartan-cilextil,7LPD,2421,-4.353
afatinib,7LPD,2422,-4.348
UNC0224,7LPD,2423,-4.347
CC-401,7LPD,2424,-4.345
AMG-517,7LPD,2425,-4.344
prazosin,7LPD,2426,-4.344
CCG-63808,7LPD,2427,-4.34
ABT-751,7LPD,2428,-4.339
vipadenant,7LPD,2429,-4.338
cediranib,7LPD,2430,-4.336
BMS-265246,7LPD,2431,-4.335
cilostazol,7LPD,2432,-4.331
BIX-01294,7LPD,2433,-4.33
APD668,7LPD,2434,-4.33
mirodenafil,7LPD,2435,-4.33
telotristat,7LPD,2436,-4.326
LRRK2-IN-1,7LPD,2437,-4.326
nor-Binaltorphimine-dihydrochloride,7LPD,2438,-4.325
amodiaquine,7LPD,2439,-4.323
telatinib,7LPD,2440,-4.322
CGP-20712A,7LPD,2441,-4.319
SB-216641,7LPD,2442,-4.319
pantoprazole,7LPD,2443,-4.318
nor-Binaltorphimine-dihydrochloride,7LPD,2444,-4.318
AZ3146,7LPD,2445,-4.317
KI-20227,7LPD,2446,-4.317
PF-04457845,7LPD,2447,-4.316
fenofibrate,7LPD,2448,-4.316
coumarin,7LPD,2449,-4.315
proxodolol,7LPD,2450,-4.315
SB-216641,7LPD,2451,-4.314
TWS-119,7LPD,2452,-4.313
dicloxacillin,7LPD,2453,-4.312
UNC0642,7LPD,2454,-4.308
AST-1306,7LPD,2455,-4.305
efatutazone,7LPD,2456,-4.305
entrectinib,7LPD,2457,-4.303
teniposide,7LPD,2458,-4.302
CC-401,7LPD,2459,-4.3
TWS-119,7LPD,2460,-4.296
piribedil,7LPD,2461,-4.295
UNC0638,7LPD,2462,-4.292
SCH-28080,7LPD,2463,-4.289
riociguat,7LPD,2464,-4.289
TWS-119,7LPD,2465,-4.288
WAY-100635,7LPD,2466,-4.287
EMD-1214063,7LPD,2467,-4.285
saracatinib,7LPD,2468,-4.282
candesartan,7LPD,2469,-4.277
purmorphamine,7LPD,2470,-4.275
ZM-323881,7LPD,2471,-4.273
suvorexant,7LPD,2472,-4.27
SGI-1776,7LPD,2473,-4.26
cisapride,7LPD,2474,-4.259
RS-102221,7LPD,2475,-4.258
vardenafil,7LPD,2476,-4.256
oxiperomide,7LPD,2477,-4.253
goserelin-acetate,7LPD,2478,-4.253
UNC0638,7LPD,2479,-4.252
ABT-751,7LPD,2480,-4.247
NVP-BGJ398,7LPD,2481,-4.245
danusertib,7LPD,2482,-4.239
LRRK2-IN-1,7LPD,2483,-4.236
afatinib,7LPD,2484,-4.234
tadalafil,7LPD,2485,-4.233
I-BET-762,7LPD,2486,-4.233
taselisib,7LPD,2487,-4.232
PF-06463922,7LPD,2488,-4.231
teniposide,7LPD,2489,-4.229
NVP-BGJ398,7LPD,2490,-4.228
CYM-50260,7LPD,2491,-4.227
ZCL-278,7LPD,2492,-4.225
A-674563,7LPD,2493,-4.223
LRRK2-IN-1,7LPD,2494,-4.22
dicloxacillin,7LPD,2495,-4.219
PD-166285,7LPD,2496,-4.217
UNC0631,7LPD,2497,-4.216
clioquinol,7LPD,2498,-4.215
GSK2578215A,7LPD,2499,-4.213
GTP-14564,7LPD,2500,-4.213
edaglitazone,7LPD,2501,-4.208
YM-201636,7LPD,2502,-4.203
PD-153035,7LPD,2503,-4.201
RS-504393,7LPD,2504,-4.198
quinine-ethyl-carbonate,7LPD,2505,-4.185
proxodolol,7LPD,2506,-4.184
amuvatinib,7LPD,2507,-4.184
afobazole,7LPD,2508,-4.184
barasertib,7LPD,2509,-4.182
cilostazol,7LPD,2510,-4.181
GSK1838705A,7LPD,2511,-4.18
oxiperomide,7LPD,2512,-4.175
RBC8,7LPD,2513,-4.175
ARV-825,7LPD,2514,-4.172
icotinib,7LPD,2515,-4.167
vipadenant,7LPD,2516,-4.165
afatinib,7LPD,2517,-4.164
RP-001,7LPD,2518,-4.158
TMC-353121,7LPD,2519,-4.158
CPCCOEt,7LPD,2520,-4.156
riociguat,7LPD,2521,-4.152
afatinib,7LPD,2522,-4.15
UNC0224,7LPD,2523,-4.149
urapidil,7LPD,2524,-4.143
AVL-292,7LPD,2525,-4.141
azilsartan,7LPD,2526,-4.141
GR-127935,7LPD,2527,-4.134
grazoprevir,7LPD,2528,-4.132
GTS21,7LPD,2529,-4.13
riociguat,7LPD,2530,-4.129
terconazole,7LPD,2531,-4.129
GNF-2,7LPD,2532,-4.129
HA-14-1,7LPD,2533,-4.127
MK-1775,7LPD,2534,-4.125
betrixaban,7LPD,2535,-4.125
fostamatinib,7LPD,2536,-4.123
UNC0631,7LPD,2537,-4.123
CC-401,7LPD,2538,-4.117
astemizole,7LPD,2539,-4.109
SB-216641,7LPD,2540,-4.107
afatinib,7LPD,2541,-4.105
vipadenant,7LPD,2542,-4.099
LY2603618,7LPD,2543,-4.097
grazoprevir,7LPD,2544,-4.096
elafibranor,7LPD,2545,-4.093
danirixin,7LPD,2546,-4.091
tariquidar,7LPD,2547,-4.09
ARQ-621,7LPD,2548,-4.088
amuvatinib,7LPD,2549,-4.088
saracatinib,7LPD,2550,-4.087
lafutidine,7LPD,2551,-4.087
paliperidone,7LPD,2552,-4.085
mirodenafil,7LPD,2553,-4.085
CYM-50260,7LPD,2554,-4.085
SB-590885,7LPD,2555,-4.084
eluxadoline,7LPD,2556,-4.083
UNC0224,7LPD,2557,-4.082
pranlukast,7LPD,2558,-4.081
saracatinib,7LPD,2559,-4.08
MK-8245,7LPD,2560,-4.08
nor-Binaltorphimine-dihydrochloride,7LPD,2561,-4.077
cediranib,7LPD,2562,-4.073
brexpiprazole,7LPD,2563,-4.073
dorsomorphin,7LPD,2564,-4.073
paliperidone,7LPD,2565,-4.069
riociguat,7LPD,2566,-4.068
tariquidar,7LPD,2567,-4.067
UNC0224,7LPD,2568,-4.061
BMS-265246,7LPD,2569,-4.06
risperidone,7LPD,2570,-4.06
vipadenant,7LPD,2571,-4.056
GKA-50,7LPD,2572,-4.05
elbasvir,7LPD,2573,-4.048
venetoclax,7LPD,2574,-4.046
EED226,7LPD,2575,-4.044
sofosbuvir,7LPD,2576,-4.041
PSI-7976,7LPD,2577,-4.041
decoquinate,7LPD,2578,-4.04
avatrombopag,7LPD,2579,-4.04
LY2603618,7LPD,2580,-4.037
MRK-016,7LPD,2581,-4.034
taranabant,7LPD,2582,-4.026
sofosbuvir,7LPD,2583,-4.023
crizotinib,7LPD,2584,-4.022
doxazosin,7LPD,2585,-4.021
erastin,7LPD,2586,-4.014
cloxacillin,7LPD,2587,-4.013
fenofibric-acid,7LPD,2588,-4.011
pyronaridine,7LPD,2589,-4.011
MRK-016,7LPD,2590,-4.01
SGI-1776,7LPD,2591,-4.008
AZD3463,7LPD,2592,-4.007
droxicam,7LPD,2593,-4.006
cilostazol,7LPD,2594,-4.005
alfuzosin,7LPD,2595,-4.002
altiratinib,7LPD,2596,-4.002
brexpiprazole,7LPD,2597,-4.001
BTS-72664,7LPD,2598,-3.989
PF-4800567,7LPD,2599,-3.984
MK2-IN-1,7LPD,2600,-3.983
CID-16020046,7LPD,2601,-3.981
teniposide,7LPD,2602,-3.979
oxiperomide,7LPD,2603,-3.979
CGP-20712A,7LPD,2604,-3.976
gilteritinib,7LPD,2605,-3.972
GSK2190915,7LPD,2606,-3.972
alfuzosin,7LPD,2607,-3.971
spiroxatrine,7LPD,2608,-3.97
XMD8-92,7LPD,2609,-3.97
mirodenafil,7LPD,2610,-3.968
MK-6096,7LPD,2611,-3.967
astemizole,7LPD,2612,-3.96
amuvatinib,7LPD,2613,-3.955
MK-8245,7LPD,2614,-3.954
itraconazole,7LPD,2615,-3.952
UNC0321,7LPD,2616,-3.948
Q-203,7LPD,2617,-3.947
teniposide,7LPD,2618,-3.947
efatutazone,7LPD,2619,-3.946
pyrazoloacridine,7LPD,2620,-3.945
teniposide,7LPD,2621,-3.941
BMS-863233,7LPD,2622,-3.936
alfuzosin,7LPD,2623,-3.934
amoxapine,7LPD,2624,-3.934
SGI-1776,7LPD,2625,-3.932
AZ3146,7LPD,2626,-3.93
WZ4003,7LPD,2627,-3.93
ARV-825,7LPD,2628,-3.93
amuvatinib,7LPD,2629,-3.927
WAY-100635,7LPD,2630,-3.923
ZM-323881,7LPD,2631,-3.921
TG-02,7LPD,2632,-3.92
cardionogen-1,7LPD,2633,-3.92
OSI-420,7LPD,2634,-3.919
alfuzosin,7LPD,2635,-3.919
iloperidone,7LPD,2636,-3.916
loxapine,7LPD,2637,-3.914
terconazole,7LPD,2638,-3.913
VER-49009,7LPD,2639,-3.912
LRRK2-IN-1,7LPD,2640,-3.912
verubulin,7LPD,2641,-3.908
CC-401,7LPD,2642,-3.905
MBX-2982,7LPD,2643,-3.903
pibenzimol,7LPD,2644,-3.901
vindesine,7LPD,2645,-3.9
paliperidone,7LPD,2646,-3.896
paritaprevir,7LPD,2647,-3.896
MBX-2982,7LPD,2648,-3.896
DSR-6434,7LPD,2649,-3.895
GKA-50,7LPD,2650,-3.889
CP-673451,7LPD,2651,-3.887
VX-11e,7LPD,2652,-3.882
lorlatinib,7LPD,2653,-3.882
GSK269962,7LPD,2654,-3.879
UNC0321,7LPD,2655,-3.874
XL388,7LPD,2656,-3.874
ceftaroline-fosamil,7LPD,2657,-3.873
paliperidone,7LPD,2658,-3.868
ARV-825,7LPD,2659,-3.863
taranabant,7LPD,2660,-3.863
SID-7969543,7LPD,2661,-3.856
PF-06463922,7LPD,2662,-3.855
SPP301,7LPD,2663,-3.855
anlotinib,7LPD,2664,-3.848
CPCCOEt,7LPD,2665,-3.848
telithromycin,7LPD,2666,-3.847
LY2784544,7LPD,2667,-3.846
AMG-337,7LPD,2668,-3.846
pantoprazole,7LPD,2669,-3.845
itraconazole,7LPD,2670,-3.841
golvatinib,7LPD,2671,-3.838
AZD8931,7LPD,2672,-3.836
cilostazol,7LPD,2673,-3.834
CTEP,7LPD,2674,-3.828
mirodenafil,7LPD,2675,-3.827
altiratinib,7LPD,2676,-3.826
spiroxatrine,7LPD,2677,-3.824
irinotecan,7LPD,2678,-3.823
WZ-4002,7LPD,2679,-3.818
SCH-28080,7LPD,2680,-3.818
UNC0646,7LPD,2681,-3.818
barasertib,7LPD,2682,-3.814
cardiogenol-c,7LPD,2683,-3.811
sofosbuvir,7LPD,2684,-3.809
PSI-7976,7LPD,2685,-3.809
piboserod,7LPD,2686,-3.806
MK-1775,7LPD,2687,-3.805
CX-4945,7LPD,2688,-3.801
vilazodone,7LPD,2689,-3.8
decoquinate,7LPD,2690,-3.794
crenolanib,7LPD,2691,-3.792
amodiaquine,7LPD,2692,-3.791
vinflunine,7LPD,2693,-3.79
afatinib,7LPD,2694,-3.788
AMG-337,7LPD,2695,-3.785
ML347,7LPD,2696,-3.785
metazosin,7LPD,2697,-3.784
GTS21,7LPD,2698,-3.782
pantoprazole,7LPD,2699,-3.775
golvatinib,7LPD,2700,-3.768
sofosbuvir,7LPD,2701,-3.765
PSI-7976,7LPD,2702,-3.765
SB-431542,7LPD,2703,-3.765
rociletinib,7LPD,2704,-3.762
PF-04691502,7LPD,2705,-3.761
merimepodib,7LPD,2706,-3.76
dorsomorphin,7LPD,2707,-3.76
WZ4003,7LPD,2708,-3.759
cilostazol,7LPD,2709,-3.757
TG-101348,7LPD,2710,-3.756
SB-216641,7LPD,2711,-3.756
itraconazole,7LPD,2712,-3.752
MK2-IN-1,7LPD,2713,-3.747
XL388,7LPD,2714,-3.745
NU-1025,7LPD,2715,-3.744
neratinib,7LPD,2716,-3.744
pantoprazole,7LPD,2717,-3.741
astemizole,7LPD,2718,-3.74
pantoprazole,7LPD,2719,-3.734
Q-203,7LPD,2720,-3.733
PF-04457845,7LPD,2721,-3.73
volasertib,7LPD,2722,-3.721
TC-S-7005,7LPD,2723,-3.717
paritaprevir,7LPD,2724,-3.715
mosapride,7LPD,2725,-3.709
AZD8931,7LPD,2726,-3.709
taranabant,7LPD,2727,-3.708
spiroxatrine,7LPD,2728,-3.708
CGM097,7LPD,2729,-3.708
WZ-3146,7LPD,2730,-3.706
BMS-191095,7LPD,2731,-3.705
efatutazone,7LPD,2732,-3.705
SGC-CBP30,7LPD,2733,-3.705
copanlisib,7LPD,2734,-3.703
DSR-6434,7LPD,2735,-3.703
BMY-45778,7LPD,2736,-3.701
PD-102807,7LPD,2737,-3.701
BTS-72664,7LPD,2738,-3.7
NBI-74330-(+_-),7LPD,2739,-3.699
iloperidone,7LPD,2740,-3.698
ZK-93423,7LPD,2741,-3.696
WZ-3146,7LPD,2742,-3.695
JW-74,7LPD,2743,-3.694
decoquinate,7LPD,2744,-3.69
CC-401,7LPD,2745,-3.69
SGI-1776,7LPD,2746,-3.685
NKY-80,7LPD,2747,-3.684
decoquinate,7LPD,2748,-3.683
fostamatinib,7LPD,2749,-3.683
GKA-50,7LPD,2750,-3.682
mosapride,7LPD,2751,-3.68
SID-7969543,7LPD,2752,-3.68
decoquinate,7LPD,2753,-3.675
mibefradil,7LPD,2754,-3.669
cardionogen-1,7LPD,2755,-3.668
crenolanib,7LPD,2756,-3.666
NKY-80,7LPD,2757,-3.665
paritaprevir,7LPD,2758,-3.665
LRRK2-IN-1,7LPD,2759,-3.665
vandetanib,7LPD,2760,-3.664
DMH1,7LPD,2761,-3.662
ARV-825,7LPD,2762,-3.662
DSR-6434,7LPD,2763,-3.66
SGI-1776,7LPD,2764,-3.658
ARV-825,7LPD,2765,-3.658
DCC-2618,7LPD,2766,-3.653
cisapride,7LPD,2767,-3.647
ZM-447439,7LPD,2768,-3.646
asunaprevir,7LPD,2769,-3.646
RS-102221,7LPD,2770,-3.644
FG-2216,7LPD,2771,-3.643
AVN-944,7LPD,2772,-3.641
benzydamine,7LPD,2773,-3.64
prulifloxacin,7LPD,2774,-3.64
TC-S-7005,7LPD,2775,-3.639
BMS-817378,7LPD,2776,-3.637
GKA-50,7LPD,2777,-3.637
LX1031,7LPD,2778,-3.635
FG-2216,7LPD,2779,-3.633
MRK-016,7LPD,2780,-3.632
UNC0638,7LPD,2781,-3.63
alfuzosin,7LPD,2782,-3.629
AZD8931,7LPD,2783,-3.627
OTS167,7LPD,2784,-3.626
amodiaquine,7LPD,2785,-3.626
GKA-50,7LPD,2786,-3.625
AZD8931,7LPD,2787,-3.62
FG-2216,7LPD,2788,-3.62
CPCCOEt,7LPD,2789,-3.619
DCC-2618,7LPD,2790,-3.619
candesartan-cilextil,7LPD,2791,-3.618
SB-590885,7LPD,2792,-3.615
zibotentan,7LPD,2793,-3.612
SANT-2,7LPD,2794,-3.591
cisapride,7LPD,2795,-3.59
gefitinib,7LPD,2796,-3.589
DSR-6434,7LPD,2797,-3.588
danusertib,7LPD,2798,-3.586
cediranib,7LPD,2799,-3.58
balaglitazone,7LPD,2800,-3.577
cloxacillin,7LPD,2801,-3.575
urapidil,7LPD,2802,-3.574
amodiaquine,7LPD,2803,-3.57
ZM-447439,7LPD,2804,-3.567
benzydamine,7LPD,2805,-3.566
BTS-72664,7LPD,2806,-3.566
SGI-1776,7LPD,2807,-3.562
WZ-3146,7LPD,2808,-3.559
MRS-1220,7LPD,2809,-3.559
mosapride,7LPD,2810,-3.552
mepacrine,7LPD,2811,-3.551
metazosin,7LPD,2812,-3.549
telotristat-ethyl,7LPD,2813,-3.539
asunaprevir,7LPD,2814,-3.538
CUDC-427,7LPD,2815,-3.537
cediranib,7LPD,2816,-3.537
cediranib,7LPD,2817,-3.537
CGM097,7LPD,2818,-3.537
pexmetinib,7LPD,2819,-3.536
proglumetacin,7LPD,2820,-3.535
XL388,7LPD,2821,-3.534
BI-224436,7LPD,2822,-3.528
golvatinib,7LPD,2823,-3.527
rhodamine-123,7LPD,2824,-3.526
FG-2216,7LPD,2825,-3.525
vinflunine,7LPD,2826,-3.524
teniposide,7LPD,2827,-3.524
risperidone,7LPD,2828,-3.521
ceftaroline-fosamil,7LPD,2829,-3.515
TCS-3035,7LPD,2830,-3.515
AZD4547,7LPD,2831,-3.512
BMS-191095,7LPD,2832,-3.51
UNC0321,7LPD,2833,-3.507
RS-504393,7LPD,2834,-3.494
napabucasin,7LPD,2835,-3.492
RS-504393,7LPD,2836,-3.486
GKA-50,7LPD,2837,-3.483
DSR-6434,7LPD,2838,-3.48
GW-583340,7LPD,2839,-3.478
MK2-IN-1,7LPD,2840,-3.478
astemizole,7LPD,2841,-3.478
saracatinib,7LPD,2842,-3.471
MK-2048,7LPD,2843,-3.467
L-741742,7LPD,2844,-3.467
GKA-50,7LPD,2845,-3.466
LRRK2-IN-1,7LPD,2846,-3.462
AVE-0991,7LPD,2847,-3.452
WAY-100635,7LPD,2848,-3.452
canertinib,7LPD,2849,-3.451
efatutazone,7LPD,2850,-3.446
NKY-80,7LPD,2851,-3.439
ceftaroline-fosamil,7LPD,2852,-3.434
paritaprevir,7LPD,2853,-3.433
imiloxan,7LPD,2854,-3.431
UNC0321,7LPD,2855,-3.427
flucloxacillin,7LPD,2856,-3.422
PPY-A,7LPD,2857,-3.42
4E1RCat,7LPD,2858,-3.419
GPR120-modulator-1,7LPD,2859,-3.41
amodiaquine,7LPD,2860,-3.405
alfuzosin,7LPD,2861,-3.402
telotristat,7LPD,2862,-3.402
cloxacillin,7LPD,2863,-3.401
FCE-22250,7LPD,2864,-3.393
UNC0321,7LPD,2865,-3.393
irinotecan,7LPD,2866,-3.392
amtolmetin-guacil,7LPD,2867,-3.387
PTC-209,7LPD,2868,-3.386
GNF-5,7LPD,2869,-3.382
ML-348,7LPD,2870,-3.381
cisapride,7LPD,2871,-3.38
efatutazone,7LPD,2872,-3.378
CGM097,7LPD,2873,-3.377
afatinib,7LPD,2874,-3.377
UNC0321,7LPD,2875,-3.376
loxapine,7LPD,2876,-3.374
isradipine,7LPD,2877,-3.374
KI-20227,7LPD,2878,-3.373
DCC-2618,7LPD,2879,-3.372
AST-1306,7LPD,2880,-3.372
RS-100329,7LPD,2881,-3.371
GW-1100,7LPD,2882,-3.367
actinomycin-d,7LPD,2883,-3.365
AZ3146,7LPD,2884,-3.363
CPI-360,7LPD,2885,-3.361
BMS-863233,7LPD,2886,-3.36
GTS21,7LPD,2887,-3.359
foretinib,7LPD,2888,-3.359
zibotentan,7LPD,2889,-3.358
UNC0642,7LPD,2890,-3.354
nicergoline,7LPD,2891,-3.35
saracatinib,7LPD,2892,-3.349
tyrphostin-AG-1478,7LPD,2893,-3.345
TG-02,7LPD,2894,-3.343
4E1RCat,7LPD,2895,-3.339
pardoprunox,7LPD,2896,-3.338
CYT-997,7LPD,2897,-3.338
irinotecan,7LPD,2898,-3.336
DSR-6434,7LPD,2899,-3.335
saracatinib,7LPD,2900,-3.328
BMS-927711,7LPD,2901,-3.326
alfuzosin,7LPD,2902,-3.319
ZK-93426,7LPD,2903,-3.319
TG-101348,7LPD,2904,-3.318
purmorphamine,7LPD,2905,-3.316
ZCL-278,7LPD,2906,-3.315
PF-06463922,7LPD,2907,-3.315
neratinib,7LPD,2908,-3.314
afobazole,7LPD,2909,-3.314
CFM-1571,7LPD,2910,-3.309
imiloxan,7LPD,2911,-3.309
KI-20227,7LPD,2912,-3.308
saracatinib,7LPD,2913,-3.304
UNC0224,7LPD,2914,-3.299
TC-S-7005,7LPD,2915,-3.299
PF-3274167,7LPD,2916,-3.297
posaconazole,7LPD,2917,-3.296
OSI-420,7LPD,2918,-3.294
NKY-80,7LPD,2919,-3.291
CGM097,7LPD,2920,-3.29
ARV-825,7LPD,2921,-3.288
GW-583340,7LPD,2922,-3.287
CFM-1571,7LPD,2923,-3.282
BMS-536924,7LPD,2924,-3.279
simeprevir,7LPD,2925,-3.277
pexmetinib,7LPD,2926,-3.276
cilostazol,7LPD,2927,-3.275
C-021,7LPD,2928,-3.275
GSK461364,7LPD,2929,-3.274
PTC-209,7LPD,2930,-3.274
WZ-4002,7LPD,2931,-3.267
UNC0321,7LPD,2932,-3.256
pirodavir,7LPD,2933,-3.251
SGC-CBP30,7LPD,2934,-3.25
SPP301,7LPD,2935,-3.247
UNC0224,7LPD,2936,-3.245
ZK-93426,7LPD,2937,-3.239
I-BET-762,7LPD,2938,-3.237
tyrphostin-AG-1478,7LPD,2939,-3.236
ceftaroline-fosamil,7LPD,2940,-3.234
KI-20227,7LPD,2941,-3.231
SCH-58261,7LPD,2942,-3.229
KI-20227,7LPD,2943,-3.227
RS-504393,7LPD,2944,-3.224
furaltadone,7LPD,2945,-3.224
elbasvir,7LPD,2946,-3.22
pranlukast,7LPD,2947,-3.22
tariquidar,7LPD,2948,-3.22
cisapride,7LPD,2949,-3.219
BMS-927711,7LPD,2950,-3.218
PF-04457845,7LPD,2951,-3.214
NKY-80,7LPD,2952,-3.213
astemizole,7LPD,2953,-3.212
urapidil,7LPD,2954,-3.206
L-741742,7LPD,2955,-3.2
GNF-2,7LPD,2956,-3.199
WHI-P154,7LPD,2957,-3.196
GSK461364,7LPD,2958,-3.195
RBC8,7LPD,2959,-3.194
eluxadoline,7LPD,2960,-3.193
anlotinib,7LPD,2961,-3.189
GSK2801,7LPD,2962,-3.189
WZ4003,7LPD,2963,-3.189
piboserod,7LPD,2964,-3.18
UNC0646,7LPD,2965,-3.18
SID-7969543,7LPD,2966,-3.177
ZK811752,7LPD,2967,-3.177
PD-153035,7LPD,2968,-3.176
dacomitinib,7LPD,2969,-3.176
grazoprevir,7LPD,2970,-3.17
KI-20227,7LPD,2971,-3.167
CP-724714,7LPD,2972,-3.162
bosentan,7LPD,2973,-3.161
CYM-50260,7LPD,2974,-3.161
doxazosin,7LPD,2975,-3.156
GSK1904529A,7LPD,2976,-3.156
fostamatinib,7LPD,2977,-3.149
AI-10-49,7LPD,2978,-3.146
zibotentan,7LPD,2979,-3.144
cisapride,7LPD,2980,-3.143
DSR-6434,7LPD,2981,-3.139
DSR-6434,7LPD,2982,-3.135
dacomitinib,7LPD,2983,-3.132
BMS-599626,7LPD,2984,-3.128
cevipabulin,7LPD,2985,-3.12
SB-590885,7LPD,2986,-3.119
ZCL-278,7LPD,2987,-3.117
RS-102221,7LPD,2988,-3.117
UNC0631,7LPD,2989,-3.115
benzydamine,7LPD,2990,-3.114
LY2874455,7LPD,2991,-3.113
CPI-360,7LPD,2992,-3.111
cabozantinib,7LPD,2993,-3.109
UNC0737,7LPD,2994,-3.105
UNC0642,7LPD,2995,-3.102
GW-803430,7LPD,2996,-3.101
imiloxan,7LPD,2997,-3.099
loxapine,7LPD,2998,-3.097
dorsomorphin,7LPD,2999,-3.093
imiloxan,7LPD,3000,-3.092
posaconazole,7LPD,3001,-3.091
iloperidone,7LPD,3002,-3.089
terconazole,7LPD,3003,-3.088
ZK-93423,7LPD,3004,-3.084
DMH4,7LPD,3005,-3.081
CFM-1571,7LPD,3006,-3.081
LY3000328,7LPD,3007,-3.078
AZD4547,7LPD,3008,-3.077
ceftaroline-fosamil,7LPD,3009,-3.072
elacridar,7LPD,3010,-3.07
doramapimod,7LPD,3011,-3.068
APD668,7LPD,3012,-3.068
cisapride,7LPD,3013,-3.065
GW-803430,7LPD,3014,-3.051
zafirlukast,7LPD,3015,-3.05
SID-7969543,7LPD,3016,-3.05
proxodolol,7LPD,3017,-3.044
GNF-5,7LPD,3018,-3.044
amodiaquine,7LPD,3019,-3.042
AVE-0991,7LPD,3020,-3.041
KI-20227,7LPD,3021,-3.036
rebastinib,7LPD,3022,-3.035
spiroxatrine,7LPD,3023,-3.034
SCH-58261,7LPD,3024,-3.02
BI-224436,7LPD,3025,-3.018
TG-100572,7LPD,3026,-3.017
pibenzimol,7LPD,3027,-3.016
crenolanib,7LPD,3028,-3.013
actinomycin-d,7LPD,3029,-3.012
AZD4547,7LPD,3030,-3.012
CNX-774,7LPD,3031,-3.011
imiloxan,7LPD,3032,-3.005
BMS-536924,7LPD,3033,-3.004
HER2-Inhibitor-1,7LPD,3034,-3
imiloxan,7LPD,3035,-2.998
betrixaban,7LPD,3036,-2.998
NVP-AUY922,7LPD,3037,-2.992
BMS-599626,7LPD,3038,-2.985
GW-1929,7LPD,3039,-2.985
PF-8380,7LPD,3040,-2.979
GR-127935,7LPD,3041,-2.978
vinorelbine,7LPD,3042,-2.978
alfuzosin,7LPD,3043,-2.977
terazosin,7LPD,3044,-2.974
NBI-74330-(+_-),7LPD,3045,-2.97
venetoclax,7LPD,3046,-2.962
azeliragon,7LPD,3047,-2.961
EMD-1214063,7LPD,3048,-2.959
tandutinib,7LPD,3049,-2.954
actinomycin-d,7LPD,3050,-2.95
zafirlukast,7LPD,3051,-2.95
GKA-50,7LPD,3052,-2.946
zafirlukast,7LPD,3053,-2.945
cisapride,7LPD,3054,-2.939
salazodine,7LPD,3055,-2.937
NVP-BGJ398,7LPD,3056,-2.937
BMS-536924,7LPD,3057,-2.935
TG-02,7LPD,3058,-2.927
afobazole,7LPD,3059,-2.923
UNC0631,7LPD,3060,-2.919
SCH-51344,7LPD,3061,-2.915
afobazole,7LPD,3062,-2.912
actinomycin-d,7LPD,3063,-2.911
vandetanib,7LPD,3064,-2.911
prulifloxacin,7LPD,3065,-2.911
GSK461364,7LPD,3066,-2.91
AMG458,7LPD,3067,-2.903
TG-100801,7LPD,3068,-2.893
DSR-6434,7LPD,3069,-2.893
ML-348,7LPD,3070,-2.891
NBI-74330-(+_-),7LPD,3071,-2.885
azasetron,7LPD,3072,-2.877
AZD8931,7LPD,3073,-2.876
imiloxan,7LPD,3074,-2.871
CGP-20712A,7LPD,3075,-2.863
CGM097,7LPD,3076,-2.861
MK-6096,7LPD,3077,-2.861
LY2874455,7LPD,3078,-2.854
cloxacillin,7LPD,3079,-2.854
proxodolol,7LPD,3080,-2.854
oxiperomide,7LPD,3081,-2.853
barasertib-HQPA,7LPD,3082,-2.851
UNC0321,7LPD,3083,-2.85
WIKI4,7LPD,3084,-2.847
ARV-825,7LPD,3085,-2.845
asunaprevir,7LPD,3086,-2.845
canertinib,7LPD,3087,-2.841
asunaprevir,7LPD,3088,-2.839
azasetron,7LPD,3089,-2.832
actinomycin-d,7LPD,3090,-2.832
asunaprevir,7LPD,3091,-2.831
CEP-32496,7LPD,3092,-2.83
telithromycin,7LPD,3093,-2.828
UNC0642,7LPD,3094,-2.812
astemizole,7LPD,3095,-2.81
danirixin,7LPD,3096,-2.809
foretinib,7LPD,3097,-2.803
telotristat-ethyl,7LPD,3098,-2.799
azasetron,7LPD,3099,-2.794
pyronaridine,7LPD,3100,-2.793
GW-1929,7LPD,3101,-2.784
telithromycin,7LPD,3102,-2.776
NU-1025,7LPD,3103,-2.772
mosapride,7LPD,3104,-2.771
asunaprevir,7LPD,3105,-2.77
BTS-72664,7LPD,3106,-2.769
vinorelbine,7LPD,3107,-2.769
alfuzosin,7LPD,3108,-2.762
A-674563,7LPD,3109,-2.76
DMH1,7LPD,3110,-2.755
actinomycin-d,7LPD,3111,-2.751
CGP-20712A,7LPD,3112,-2.751
MK-6096,7LPD,3113,-2.751
CNX-774,7LPD,3114,-2.745
venetoclax,7LPD,3115,-2.74
barasertib,7LPD,3116,-2.734
NU-1025,7LPD,3117,-2.729
FPL-62064,7LPD,3118,-2.728
NDT-9513727,7LPD,3119,-2.726
GSK1904529A,7LPD,3120,-2.724
GNF-2,7LPD,3121,-2.722
barasertib-HQPA,7LPD,3122,-2.716
asunaprevir,7LPD,3123,-2.715
BMS-599626,7LPD,3124,-2.713
vinblastine,7LPD,3125,-2.713
mepacrine,7LPD,3126,-2.711
vardenafil,7LPD,3127,-2.71
cabozantinib,7LPD,3128,-2.71
barasertib-HQPA,7LPD,3129,-2.702
UNC0321,7LPD,3130,-2.691
CFM-1571,7LPD,3131,-2.686
paritaprevir,7LPD,3132,-2.685
bunazosin,7LPD,3133,-2.685
A-839977,7LPD,3134,-2.678
BMS-536924,7LPD,3135,-2.678
UNC0642,7LPD,3136,-2.677
NVP-BGJ398,7LPD,3137,-2.674
cabozantinib,7LPD,3138,-2.674
CGP-20712A,7LPD,3139,-2.672
DMH1,7LPD,3140,-2.667
LDC1267,7LPD,3141,-2.666
AZD8931,7LPD,3142,-2.663
PF-04691502,7LPD,3143,-2.662
WZ-3146,7LPD,3144,-2.661
astemizole,7LPD,3145,-2.659
XMD17-109,7LPD,3146,-2.659
azasetron,7LPD,3147,-2.658
tariquidar,7LPD,3148,-2.655
UNC0631,7LPD,3149,-2.651
proxodolol,7LPD,3150,-2.651
pyrintegrin,7LPD,3151,-2.643
dasabuvir,7LPD,3152,-2.642
HA14-1,7LPD,3153,-2.642
GR125487,7LPD,3154,-2.642
TGR-1202,7LPD,3155,-2.642
paritaprevir,7LPD,3156,-2.641
imiloxan,7LPD,3157,-2.639
L-741742,7LPD,3158,-2.638
AMG458,7LPD,3159,-2.636
BTS-72664,7LPD,3160,-2.635
pyronaridine,7LPD,3161,-2.632
doramapimod,7LPD,3162,-2.626
isradipine,7LPD,3163,-2.623
LX1031,7LPD,3164,-2.62
ZK-93426,7LPD,3165,-2.617
telithromycin,7LPD,3166,-2.609
lafutidine,7LPD,3167,-2.609
MK-8245,7LPD,3168,-2.607
oxiperomide,7LPD,3169,-2.607
UNC0321,7LPD,3170,-2.605
AMG458,7LPD,3171,-2.599
UNC0224,7LPD,3172,-2.598
AMG458,7LPD,3173,-2.595
asunaprevir,7LPD,3174,-2.595
TG-02,7LPD,3175,-2.594
pyronaridine,7LPD,3176,-2.593
PF-8380,7LPD,3177,-2.591
olmutinib,7LPD,3178,-2.585
doxazosin,7LPD,3179,-2.581
vinblastine,7LPD,3180,-2.581
GSK461364,7LPD,3181,-2.58
GSK-2837808A,7LPD,3182,-2.578
pirodavir,7LPD,3183,-2.577
paritaprevir,7LPD,3184,-2.576
NMS-E973,7LPD,3185,-2.573
UNC0646,7LPD,3186,-2.573
TG-100801,7LPD,3187,-2.568
AVE-0991,7LPD,3188,-2.556
cisapride,7LPD,3189,-2.555
GR125487,7LPD,3190,-2.547
ARV-825,7LPD,3191,-2.547
decoquinate,7LPD,3192,-2.543
bunazosin,7LPD,3193,-2.543
RBC8,7LPD,3194,-2.543
UNC0224,7LPD,3195,-2.542
UNC0321,7LPD,3196,-2.535
vandetanib,7LPD,3197,-2.535
NDT-9513727,7LPD,3198,-2.529
EMD-1214063,7LPD,3199,-2.524
pyronaridine,7LPD,3200,-2.519
GSK1904529A,7LPD,3201,-2.509
pirodavir,7LPD,3202,-2.5
UNC0642,7LPD,3203,-2.499
NMS-E973,7LPD,3204,-2.494
barasertib,7LPD,3205,-2.494
RS-100329,7LPD,3206,-2.494
barasertib,7LPD,3207,-2.491
prulifloxacin,7LPD,3208,-2.482
irinotecan,7LPD,3209,-2.481
SB-590885,7LPD,3210,-2.48
UNC0737,7LPD,3211,-2.48
UNC0321,7LPD,3212,-2.473
alfuzosin,7LPD,3213,-2.473
azasetron,7LPD,3214,-2.472
lafutidine,7LPD,3215,-2.469
CCT137690,7LPD,3216,-2.468
AZ3146,7LPD,3217,-2.465
HA14-1,7LPD,3218,-2.454
vinflunine,7LPD,3219,-2.453
LX7101,7LPD,3220,-2.452
RS-504393,7LPD,3221,-2.452
efatutazone,7LPD,3222,-2.449
UNC0642,7LPD,3223,-2.445
JW-74,7LPD,3224,-2.445
mepacrine,7LPD,3225,-2.441
vinflunine,7LPD,3226,-2.441
cabozantinib,7LPD,3227,-2.438
BMS-599626,7LPD,3228,-2.433
UNC0224,7LPD,3229,-2.431
KI-20227,7LPD,3230,-2.422
MK2-IN-1,7LPD,3231,-2.421
JW-74,7LPD,3232,-2.42
EMD-1214063,7LPD,3233,-2.416
vinblastine,7LPD,3234,-2.412
spiroxatrine,7LPD,3235,-2.408
doramapimod,7LPD,3236,-2.407
GR125487,7LPD,3237,-2.403
liranaftate,7LPD,3238,-2.396
AMG-487,7LPD,3239,-2.396
TMC-353121,7LPD,3240,-2.391
terazosin,7LPD,3241,-2.374
vinflunine,7LPD,3242,-2.368
asunaprevir,7LPD,3243,-2.366
prulifloxacin,7LPD,3244,-2.362
doramapimod,7LPD,3245,-2.361
SB-334867,7LPD,3246,-2.357
bunazosin,7LPD,3247,-2.356
AMG-487-(+_-),7LPD,3248,-2.356
CC-401,7LPD,3249,-2.354
danirixin,7LPD,3250,-2.339
ARV-825,7LPD,3251,-2.338
canertinib,7LPD,3252,-2.335
terazosin,7LPD,3253,-2.33
quinine-ethyl-carbonate,7LPD,3254,-2.327
TFC-007,7LPD,3255,-2.325
SB-590885,7LPD,3256,-2.315
vandetanib,7LPD,3257,-2.314
GW-843682X,7LPD,3258,-2.313
UNC0631,7LPD,3259,-2.313
bunazosin,7LPD,3260,-2.308
oxiperomide,7LPD,3261,-2.301
pantoprazole,7LPD,3262,-2.296
zolantidine,7LPD,3263,-2.296
FG-2216,7LPD,3264,-2.293
UNC0224,7LPD,3265,-2.293
PF-06463922,7LPD,3266,-2.288
proglumetacin,7LPD,3267,-2.288
pyronaridine,7LPD,3268,-2.286
GW-405833,7LPD,3269,-2.279
UNC0224,7LPD,3270,-2.276
zibotentan,7LPD,3271,-2.275
SPP301,7LPD,3272,-2.275
telotristat,7LPD,3273,-2.271
metatinib,7LPD,3274,-2.263
UNC0642,7LPD,3275,-2.259
proxodolol,7LPD,3276,-2.257
triclabendazole,7LPD,3277,-2.252
lorlatinib,7LPD,3278,-2.25
alfuzosin,7LPD,3279,-2.248
proxodolol,7LPD,3280,-2.246
bunazosin,7LPD,3281,-2.243
vinflunine,7LPD,3282,-2.243
AMG-487-(+_-),7LPD,3283,-2.24
CYM-50260,7LPD,3284,-2.239
doramapimod,7LPD,3285,-2.229
ZM-306416,7LPD,3286,-2.227
paritaprevir,7LPD,3287,-2.227
C-021,7LPD,3288,-2.224
UNC0224,7LPD,3289,-2.22
KI-20227,7LPD,3290,-2.203
SID-7969543,7LPD,3291,-2.201
BMS-599626,7LPD,3292,-2.2
AZ3146,7LPD,3293,-2.197
zafirlukast,7LPD,3294,-2.197
AV-412,7LPD,3295,-2.188
elacridar,7LPD,3296,-2.188
GR125487,7LPD,3297,-2.187
salazodine,7LPD,3298,-2.184
SB-216641,7LPD,3299,-2.18
DSR-6434,7LPD,3300,-2.18
YM-201636,7LPD,3301,-2.179
zibotentan,7LPD,3302,-2.174
erlotinib,7LPD,3303,-2.173
UNC0224,7LPD,3304,-2.172
KI-20227,7LPD,3305,-2.171
AVE-0991,7LPD,3306,-2.169
GSK2801,7LPD,3307,-2.167
UNC0321,7LPD,3308,-2.163
elacridar,7LPD,3309,-2.152
sulfasalazine,7LPD,3310,-2.149
GR-127935,7LPD,3311,-2.149
phenprocoumon,7LPD,3312,-2.148
salazodine,7LPD,3313,-2.147
zibotentan,7LPD,3314,-2.146
elbasvir,7LPD,3315,-2.143
gefitinib,7LPD,3316,-2.143
AMG-487,7LPD,3317,-2.132
posaconazole,7LPD,3318,-2.128
canertinib,7LPD,3319,-2.128
BAY-87-2243,7LPD,3320,-2.122
mepacrine,7LPD,3321,-2.119
astemizole,7LPD,3322,-2.118
phenprocoumon,7LPD,3323,-2.118
urapidil,7LPD,3324,-2.115
gilteritinib,7LPD,3325,-2.114
BMS-599626,7LPD,3326,-2.112
GR-127935,7LPD,3327,-2.105
PPY-A,7LPD,3328,-2.104
CNX-774,7LPD,3329,-2.096
AM679,7LPD,3330,-2.096
paritaprevir,7LPD,3331,-2.095
droxicam,7LPD,3332,-2.084
pyronaridine,7LPD,3333,-2.075
UNC0646,7LPD,3334,-2.07
NBI-74330-(+_-),7LPD,3335,-2.068
copanlisib,7LPD,3336,-2.066
rebastinib,7LPD,3337,-2.063
vinorelbine,7LPD,3338,-2.053
betrixaban,7LPD,3339,-2.051
alfuzosin,7LPD,3340,-2.05
TG-101348,7LPD,3341,-2.05
HA14-1,7LPD,3342,-2.041
actinomycin-d,7LPD,3343,-2.036
AMG-487,7LPD,3344,-2.033
vinflunine,7LPD,3345,-2.027
cardiogenol-c,7LPD,3346,-2.026
C-021,7LPD,3347,-2.023
UNC0224,7LPD,3348,-2.02
A-887826,7LPD,3349,-2.013
mepacrine,7LPD,3350,-2.013
AVE-0991,7LPD,3351,-2.005
AVE-0991,7LPD,3352,-1.998
isradipine,7LPD,3353,-1.993
AMG-487,7LPD,3354,-1.983
AMG-487-(+_-),7LPD,3355,-1.981
nefazodone,7LPD,3356,-1.976
pyronaridine,7LPD,3357,-1.974
dactinomycin,7LPD,3358,-1.968
bosentan,7LPD,3359,-1.967
XMD17-109,7LPD,3360,-1.967
azasetron,7LPD,3361,-1.962
danirixin,7LPD,3362,-1.961
HER2-Inhibitor-1,7LPD,3363,-1.961
SANT-2,7LPD,3364,-1.954
UNC0646,7LPD,3365,-1.95
KT-433,7LPD,3366,-1.941
SPP301,7LPD,3367,-1.941
lafutidine,7LPD,3368,-1.922
telithromycin,7LPD,3369,-1.918
phenacaine,7LPD,3370,-1.906
CCT137690,7LPD,3371,-1.906
eluxadoline,7LPD,3372,-1.903
GW-405833,7LPD,3373,-1.901
asunaprevir,7LPD,3374,-1.894
RBC8,7LPD,3375,-1.894
zolantidine,7LPD,3376,-1.892
AMG458,7LPD,3377,-1.884
GW-1929,7LPD,3378,-1.881
AMG-487,7LPD,3379,-1.88
GW-843682X,7LPD,3380,-1.873
tandutinib,7LPD,3381,-1.865
UNC0646,7LPD,3382,-1.857
BML-190,7LPD,3383,-1.857
cardionogen-1,7LPD,3384,-1.856
sildenafil,7LPD,3385,-1.854
phenacaine,7LPD,3386,-1.854
VER-49009,7LPD,3387,-1.851
VER-49009,7LPD,3388,-1.851
UNC0737,7LPD,3389,-1.849
proxodolol,7LPD,3390,-1.848
proglumetacin,7LPD,3391,-1.841
GTS21,7LPD,3392,-1.839
AMG458,7LPD,3393,-1.838
vindesine,7LPD,3394,-1.836
UNC0321,7LPD,3395,-1.832
droxicam,7LPD,3396,-1.831
doxazosin,7LPD,3397,-1.828
actinomycin-d,7LPD,3398,-1.827
benzydamine,7LPD,3399,-1.823
sulfasalazine,7LPD,3400,-1.82
CID-16020046,7LPD,3401,-1.819
bosentan,7LPD,3402,-1.803
KI-20227,7LPD,3403,-1.803
mepacrine,7LPD,3404,-1.802
GSK2801,7LPD,3405,-1.795
UNC0646,7LPD,3406,-1.794
ZM-306416,7LPD,3407,-1.789
WAY-100635,7LPD,3408,-1.786
napabucasin,7LPD,3409,-1.786
UNC0646,7LPD,3410,-1.784
brexpiprazole,7LPD,3411,-1.782
vindesine,7LPD,3412,-1.78
balaglitazone,7LPD,3413,-1.769
CCG-63802,7LPD,3414,-1.764
AMG-487-(+_-),7LPD,3415,-1.761
metazosin,7LPD,3416,-1.758
TG-02,7LPD,3417,-1.757
UNC0646,7LPD,3418,-1.757
SB-216641,7LPD,3419,-1.755
elbasvir,7LPD,3420,-1.755
gilteritinib,7LPD,3421,-1.748
TG-100572,7LPD,3422,-1.746
GSK-2837808A,7LPD,3423,-1.737
vindesine,7LPD,3424,-1.729
vindesine,7LPD,3425,-1.724
GW-405833,7LPD,3426,-1.722
UNC0321,7LPD,3427,-1.715
dactinomycin,7LPD,3428,-1.715
APD668,7LPD,3429,-1.713
venetoclax,7LPD,3430,-1.707
vinorelbine,7LPD,3431,-1.703
PPY-A,7LPD,3432,-1.702
mepacrine,7LPD,3433,-1.699
HA14-1,7LPD,3434,-1.696
C-021,7LPD,3435,-1.695
pyronaridine,7LPD,3436,-1.692
NBI-74330-(+_-),7LPD,3437,-1.692
AMG-487,7LPD,3438,-1.683
AMG-487,7LPD,3439,-1.681
BML-190,7LPD,3440,-1.671
nor-Binaltorphimine-dihydrochloride,7LPD,3441,-1.671
BI-224436,7LPD,3442,-1.668
NBI-74330-(+_-),7LPD,3443,-1.665
SJ-172550,7LPD,3444,-1.654
HA14-1,7LPD,3445,-1.652
paritaprevir,7LPD,3446,-1.649
rifaximin,7LPD,3447,-1.644
GR-127935,7LPD,3448,-1.643
SB-216641,7LPD,3449,-1.634
MK2-IN-1,7LPD,3450,-1.629
MK-6096,7LPD,3451,-1.623
olmesartan-medoxomil,7LPD,3452,-1.621
tandutinib,7LPD,3453,-1.618
zibotentan,7LPD,3454,-1.616
AMG-487-(+_-),7LPD,3455,-1.616
vindesine,7LPD,3456,-1.612
nicergoline,7LPD,3457,-1.605
pacritinib,7LPD,3458,-1.603
UNC0646,7LPD,3459,-1.603
elbasvir,7LPD,3460,-1.602
CGP-20712A,7LPD,3461,-1.6
astemizole,7LPD,3462,-1.591
nor-Binaltorphimine-dihydrochloride,7LPD,3463,-1.583
vandetanib,7LPD,3464,-1.573
copanlisib,7LPD,3465,-1.546
PF-3274167,7LPD,3466,-1.54
BML-190,7LPD,3467,-1.534
UNC0321,7LPD,3468,-1.53
CP-724714,7LPD,3469,-1.523
sildenafil,7LPD,3470,-1.523
KI-20227,7LPD,3471,-1.517
GW-803430,7LPD,3472,-1.516
barasertib-HQPA,7LPD,3473,-1.513
risperidone,7LPD,3474,-1.504
cediranib,7LPD,3475,-1.497
ansamitocin-p-3,7LPD,3476,-1.491
maytansinol-isobutyrate,7LPD,3477,-1.491
C-021,7LPD,3478,-1.486
NBI-74330-(+_-),7LPD,3479,-1.468
eluxadoline,7LPD,3480,-1.466
gefitinib,7LPD,3481,-1.465
rifaximin,7LPD,3482,-1.46
metazosin,7LPD,3483,-1.459
BMS-191095,7LPD,3484,-1.455
dorsomorphin,7LPD,3485,-1.451
eluxadoline,7LPD,3486,-1.446
tesaglitazar,7LPD,3487,-1.437
metazosin,7LPD,3488,-1.435
amtolmetin-guacil,7LPD,3489,-1.434
danirixin,7LPD,3490,-1.428
liranaftate,7LPD,3491,-1.427
ketoconazole,7LPD,3492,-1.423
CC-401,7LPD,3493,-1.42
elbasvir,7LPD,3494,-1.419
vindesine,7LPD,3495,-1.418
nor-Binaltorphimine-dihydrochloride,7LPD,3496,-1.416
AVN-944,7LPD,3497,-1.406
ABT-751,7LPD,3498,-1.406
UNC0737,7LPD,3499,-1.398
proxodolol,7LPD,3500,-1.386
alfuzosin,7LPD,3501,-1.382
BI-224436,7LPD,3502,-1.375
AMG-487-(+_-),7LPD,3503,-1.371
CYT-997,7LPD,3504,-1.366
AI-10-49,7LPD,3505,-1.362
isradipine,7LPD,3506,-1.361
GTS21,7LPD,3507,-1.36
sonidegib,7LPD,3508,-1.355
oxiperomide,7LPD,3509,-1.354
vindesine,7LPD,3510,-1.352
AI-10-49,7LPD,3511,-1.329
mibefradil,7LPD,3512,-1.324
elbasvir,7LPD,3513,-1.308
candesartan-cilextil,7LPD,3514,-1.307
NBI-74330-(+_-),7LPD,3515,-1.298
ceftaroline-fosamil,7LPD,3516,-1.296
fruquintinib,7LPD,3517,-1.295
EMD-1214063,7LPD,3518,-1.292
SB-590885,7LPD,3519,-1.29
amuvatinib,7LPD,3520,-1.289
PTC-209,7LPD,3521,-1.277
GW-843682X,7LPD,3522,-1.277
amtolmetin-guacil,7LPD,3523,-1.274
HA-14-1,7LPD,3524,-1.269
AZ3146,7LPD,3525,-1.258
GTS21,7LPD,3526,-1.258
isradipine,7LPD,3527,-1.243
copanlisib,7LPD,3528,-1.231
pirenoxine,7LPD,3529,-1.228
RS-102221,7LPD,3530,-1.221
UNC0646,7LPD,3531,-1.22
GSK-2837808A,7LPD,3532,-1.22
crenolanib,7LPD,3533,-1.206
proxodolol,7LPD,3534,-1.205
RP-001,7LPD,3535,-1.201
nicergoline,7LPD,3536,-1.191
phenacaine,7LPD,3537,-1.191
UNC0224,7LPD,3538,-1.181
edaglitazone,7LPD,3539,-1.181
elbasvir,7LPD,3540,-1.179
cediranib,7LPD,3541,-1.177
AMG900,7LPD,3542,-1.176
pantoprazole,7LPD,3543,-1.172
CP-724714,7LPD,3544,-1.171
GR-127935,7LPD,3545,-1.169
GTS21,7LPD,3546,-1.167
zafirlukast,7LPD,3547,-1.166
copanlisib,7LPD,3548,-1.165
isradipine,7LPD,3549,-1.163
barasertib,7LPD,3550,-1.162
UNC0224,7LPD,3551,-1.153
UNC0646,7LPD,3552,-1.151
bosentan,7LPD,3553,-1.144
vilazodone,7LPD,3554,-1.143
vincristine,7LPD,3555,-1.138
RS-102221,7LPD,3556,-1.137
oxiperomide,7LPD,3557,-1.135
UNC0642,7LPD,3558,-1.133
azasetron,7LPD,3559,-1.125
UNC0646,7LPD,3560,-1.122
eluxadoline,7LPD,3561,-1.116
UNC0631,7LPD,3562,-1.115
CID-16020046,7LPD,3563,-1.115
AVL-292,7LPD,3564,-1.105
AVE-0991,7LPD,3565,-1.103
JW-74,7LPD,3566,-1.101
AMG-487-(+_-),7LPD,3567,-1.091
eluxadoline,7LPD,3568,-1.09
GTS21,7LPD,3569,-1.088
BML-190,7LPD,3570,-1.085
telotristat-ethyl,7LPD,3571,-1.075
SANT-2,7LPD,3572,-1.071
prulifloxacin,7LPD,3573,-1.069
CC-401,7LPD,3574,-1.065
UNC0646,7LPD,3575,-1.062
KD025,7LPD,3576,-1.056
PD-166285,7LPD,3577,-1.055
eluxadoline,7LPD,3578,-1.053
golvatinib,7LPD,3579,-1.051
RS-102221,7LPD,3580,-1.043
benzydamine,7LPD,3581,-1.039
proglumetacin,7LPD,3582,-1.03
AMG-487-(+_-),7LPD,3583,-1.029
vindesine,7LPD,3584,-1.02
WAY-100635,7LPD,3585,-1.015
telithromycin,7LPD,3586,-1.015
AVL-292,7LPD,3587,-1.009
pirenoxine,7LPD,3588,-1
zibotentan,7LPD,3589,-0.997
rifapentine,7LPD,3590,-0.996
itraconazole,7LPD,3591,-0.994
proglumetacin,7LPD,3592,-0.991
LDC1267,7LPD,3593,-0.969
UNC0642,7LPD,3594,-0.962
PD-102807,7LPD,3595,-0.957
barasertib-HQPA,7LPD,3596,-0.946
vincristine,7LPD,3597,-0.944
SGI-1776,7LPD,3598,-0.934
AZD3759,7LPD,3599,-0.92
vandetanib,7LPD,3600,-0.912
proglumetacin,7LPD,3601,-0.907
tariquidar,7LPD,3602,-0.901
CP-724714,7LPD,3603,-0.9
LX1031,7LPD,3604,-0.894
vindesine,7LPD,3605,-0.887
proglumetacin,7LPD,3606,-0.885
candesartan,7LPD,3607,-0.868
actinomycin-d,7LPD,3608,-0.855
gefitinib,7LPD,3609,-0.845
prulifloxacin,7LPD,3610,-0.844
quinine-ethyl-carbonate,7LPD,3611,-0.842
UNC0642,7LPD,3612,-0.837
RS-102221,7LPD,3613,-0.828
LY2801653,7LPD,3614,-0.815
CP-724714,7LPD,3615,-0.81
CPCCOEt,7LPD,3616,-0.809
saracatinib,7LPD,3617,-0.807
tariquidar,7LPD,3618,-0.803
vinflunine,7LPD,3619,-0.796
phenacaine,7LPD,3620,-0.794
phenacaine,7LPD,3621,-0.792
rebastinib,7LPD,3622,-0.782
UNC0737,7LPD,3623,-0.78
efatutazone,7LPD,3624,-0.778
vinflunine,7LPD,3625,-0.768
RS-102221,7LPD,3626,-0.762
A-674563,7LPD,3627,-0.755
UNC0642,7LPD,3628,-0.741
CP-724714,7LPD,3629,-0.74
proxodolol,7LPD,3630,-0.733
CP-724714,7LPD,3631,-0.705
pantoprazole,7LPD,3632,-0.7
rifaximin,7LPD,3633,-0.699
CPCCOEt,7LPD,3634,-0.689
astemizole,7LPD,3635,-0.685
TGR-1202,7LPD,3636,-0.681
NBI-74330-(+_-),7LPD,3637,-0.679
UNC0646,7LPD,3638,-0.676
volasertib,7LPD,3639,-0.676
actinomycin-d,7LPD,3640,-0.658
YM-90709,7LPD,3641,-0.65
BI-D1870,7LPD,3642,-0.648
CP-724714,7LPD,3643,-0.646
UNC0646,7LPD,3644,-0.645
dorsomorphin,7LPD,3645,-0.64
SJ-172550,7LPD,3646,-0.636
marbofloxacin,7LPD,3647,-0.631
quinine-ethyl-carbonate,7LPD,3648,-0.627
CPCCOEt,7LPD,3649,-0.618
zibotentan,7LPD,3650,-0.611
SANT-2,7LPD,3651,-0.606
ceftaroline-fosamil,7LPD,3652,-0.602
AMG-487,7LPD,3653,-0.599
nicergoline,7LPD,3654,-0.591
actinomycin-d,7LPD,3655,-0.587
UNC0638,7LPD,3656,-0.583
AMG-208,7LPD,3657,-0.572
proglumetacin,7LPD,3658,-0.562
zibotentan,7LPD,3659,-0.558
APD668,7LPD,3660,-0.544
prulifloxacin,7LPD,3661,-0.537
gefitinib,7LPD,3662,-0.532
CNX-774,7LPD,3663,-0.52
ZM-306416,7LPD,3664,-0.518
isradipine,7LPD,3665,-0.513
azilsartan-medoxomil,7LPD,3666,-0.481
pantoprazole,7LPD,3667,-0.466
ZCL-278,7LPD,3668,-0.458
UNC0646,7LPD,3669,-0.457
phenacaine,7LPD,3670,-0.447
C-021,7LPD,3671,-0.43
ZCL-278,7LPD,3672,-0.42
isradipine,7LPD,3673,-0.417
nefazodone,7LPD,3674,-0.416
RP-001,7LPD,3675,-0.405
RS-102221,7LPD,3676,-0.405
cevipabulin,7LPD,3677,-0.403
APD668,7LPD,3678,-0.402
JW-74,7LPD,3679,-0.4
prulifloxacin,7LPD,3680,-0.388
C-021,7LPD,3681,-0.343
GW-803430,7LPD,3682,-0.343
barasertib,7LPD,3683,-0.335
phenacaine,7LPD,3684,-0.331
nefazodone,7LPD,3685,-0.322
rifapentine,7LPD,3686,-0.321
ceftaroline-fosamil,7LPD,3687,-0.314
proglumetacin,7LPD,3688,-0.277
nefazodone,7LPD,3689,-0.272
AMG-487-(+_-),7LPD,3690,-0.267
AZM-475271,7LPD,3691,-0.266
AC-710,7LPD,3692,-0.264
candesartan-cilextil,7LPD,3693,-0.242
candesartan-cilextil,7LPD,3694,-0.22
cevipabulin,7LPD,3695,-0.217
proxodolol,7LPD,3696,-0.211
rifaximin,7LPD,3697,-0.209
vardenafil,7LPD,3698,-0.206
candesartan-cilextil,7LPD,3699,-0.205
grazoprevir,7LPD,3700,-0.188
UNC0631,7LPD,3701,-0.179
rifaximin,7LPD,3702,-0.17
CP-724714,7LPD,3703,-0.124
rifaximin,7LPD,3704,-0.123
UNC0646,7LPD,3705,-0.122
UNC0642,7LPD,3706,-0.122
oxiperomide,7LPD,3707,-0.12
vardenafil,7LPD,3708,-0.102
WH-4-023,7LPD,3709,-0.089
lapatinib,7LPD,3710,-0.083
rifaximin,7LPD,3711,-0.082
vincristine,7LPD,3712,-0.067
vinblastine,7LPD,3713,-0.064
alisertib,7LPD,3714,-0.06
WH-4-023,7LPD,3715,-0.055
UNC0642,7LPD,3716,-0.039
UNC0646,7LPD,3717,-0.016
vinblastine,7LPD,3718,-0.015
avatrombopag,7LPD,3719,-0.007
clioquinol,7LPD,3720,-0.007
FCE-22250,7LPD,3721,0.002
rebastinib,7LPD,3722,0.026
tariquidar,7LPD,3723,0.043
cevipabulin,7LPD,3724,0.055
cevipabulin,7LPD,3725,0.079
rifaximin,7LPD,3726,0.081
UNC0642,7LPD,3727,0.081
CPCCOEt,7LPD,3728,0.082
danirixin,7LPD,3729,0.102
rifaximin,7LPD,3730,0.121
RS-102221,7LPD,3731,0.128
rifaximin,7LPD,3732,0.129
iloperidone,7LPD,3733,0.13
phenacaine,7LPD,3734,0.133
rifabutin,7LPD,3735,0.142
CTEP,7LPD,3736,0.147
nor-Binaltorphimine-dihydrochloride,7LPD,3737,0.155
cabozantinib,7LPD,3738,0.164
rifaximin,7LPD,3739,0.185
WH-4-023,7LPD,3740,0.199
WH-4-023,7LPD,3741,0.2
doramapimod,7LPD,3742,0.206
PTC-209,7LPD,3743,0.207
UNC0737,7LPD,3744,0.208
vinblastine,7LPD,3745,0.209
vinblastine,7LPD,3746,0.226
WH-4-023,7LPD,3747,0.231
ZM-447439,7LPD,3748,0.24
GDC-0623,7LPD,3749,0.242
UNC0642,7LPD,3750,0.256
ZCL-278,7LPD,3751,0.256
rifabutin,7LPD,3752,0.267
pantoprazole,7LPD,3753,0.279
rifabutin,7LPD,3754,0.321
avatrombopag,7LPD,3755,0.344
vincristine,7LPD,3756,0.371
pantoprazole,7LPD,3757,0.38
PTC-209,7LPD,3758,0.407
elinogrel,7LPD,3759,0.416
canertinib,7LPD,3760,0.426
SCH-51344,7LPD,3761,0.431
amtolmetin-guacil,7LPD,3762,0.435
CEP-32496,7LPD,3763,0.449
pantoprazole,7LPD,3764,0.464
vinblastine,7LPD,3765,0.499
TMC-353121,7LPD,3766,0.504
prulifloxacin,7LPD,3767,0.532
AMG458,7LPD,3768,0.544
GSK-2837808A,7LPD,3769,0.548
pantoprazole,7LPD,3770,0.573
C-021,7LPD,3771,0.598
elafibranor,7LPD,3772,0.6
GW-583340,7LPD,3773,0.618
phenacaine,7LPD,3774,0.621
AMG-487,7LPD,3775,0.625
imiloxan,7LPD,3776,0.63
sonidegib,7LPD,3777,0.646
tariquidar,7LPD,3778,0.646
AZM-475271,7LPD,3779,0.66
GW-1929,7LPD,3780,0.668
GW-1929,7LPD,3781,0.67
ketoconazole,7LPD,3782,0.685
prulifloxacin,7LPD,3783,0.701
verubulin,7LPD,3784,0.729
tandutinib,7LPD,3785,0.773
RS-102221,7LPD,3786,0.777
telotristat-ethyl,7LPD,3787,0.826
elbasvir,7LPD,3788,0.844
elbasvir,7LPD,3789,0.894
LX1031,7LPD,3790,0.898
grazoprevir,7LPD,3791,0.915
poziotinib,7LPD,3792,1.032
ZK811752,7LPD,3793,1.065
MK-6096,7LPD,3794,1.069
vindesine,7LPD,3795,1.078
avatrombopag,7LPD,3796,1.093
erastin,7LPD,3797,1.136
TG-100801,7LPD,3798,1.136
ZK-93426,7LPD,3799,1.144
RP-001,7LPD,3800,1.187
vinorelbine,7LPD,3801,1.187
candesartan,7LPD,3802,1.259
doramapimod,7LPD,3803,1.269
amtolmetin-guacil,7LPD,3804,1.341
vindesine,7LPD,3805,1.389
ZK811752,7LPD,3806,1.424
ZK-93426,7LPD,3807,1.425
NBI-74330-(+_-),7LPD,3808,1.433
ketoconazole,7LPD,3809,1.441
ZK-93426,7LPD,3810,1.475
sulfasalazine,7LPD,3811,1.48
erastin,7LPD,3812,1.48
proglumetacin,7LPD,3813,1.523
ML347,7LPD,3814,1.547
MK-6096,7LPD,3815,1.576
AZ3146,7LPD,3816,1.578
CEP-32496,7LPD,3817,1.609
CPCCOEt,7LPD,3818,1.62
NBI-74330-(+_-),7LPD,3819,1.622
nicergoline,7LPD,3820,1.649
vinorelbine,7LPD,3821,1.665
vinorelbine,7LPD,3822,1.671
erastin,7LPD,3823,1.688
BAY-61-3606,7LPD,3824,1.711
candesartan-cilextil,7LPD,3825,1.742
vinflunine,7LPD,3826,1.767
BAY-61-3606,7LPD,3827,1.771
vinblastine,7LPD,3828,1.796
vinblastine,7LPD,3829,1.813
LX7101,7LPD,3830,1.825
rifapentine,7LPD,3831,1.83
UNC0631,7LPD,3832,1.836
betrixaban,7LPD,3833,1.85
ZK-93426,7LPD,3834,1.874
erlotinib,7LPD,3835,1.874
proglumetacin,7LPD,3836,1.893
proglumetacin,7LPD,3837,1.897
vinblastine,7LPD,3838,1.965
AMG-487-(+_-),7LPD,3839,1.997
ZCL-278,7LPD,3840,2.005
proglumetacin,7LPD,3841,2.021
elinogrel,7LPD,3842,2.031
rifampin,7LPD,3843,2.037
LX1031,7LPD,3844,2.041
rifapentine,7LPD,3845,2.065
vincristine,7LPD,3846,2.092
candesartan-cilextil,7LPD,3847,2.102
AZM-475271,7LPD,3848,2.16
vincristine,7LPD,3849,2.176
doramapimod,7LPD,3850,2.217
liranaftate,7LPD,3851,2.257
erastin,7LPD,3852,2.36
ZCL-278,7LPD,3853,2.371
proglumetacin,7LPD,3854,2.442
vincristine,7LPD,3855,2.443
vincristine,7LPD,3856,2.45
vincristine,7LPD,3857,2.458
vinblastine,7LPD,3858,2.528
dorsomorphin,7LPD,3859,2.602
EMD-1214063,7LPD,3860,2.612
ZCL-278,7LPD,3861,2.635
amtolmetin-guacil,7LPD,3862,2.658
vindesine,7LPD,3863,2.667
ZK811752,7LPD,3864,2.711
LX7101,7LPD,3865,2.717
phenacaine,7LPD,3866,2.808
phenacaine,7LPD,3867,2.827
LX7101,7LPD,3868,2.844
rifabutin,7LPD,3869,2.909
ABT-751,7LPD,3870,2.925
nicergoline,7LPD,3871,2.944
vindesine,7LPD,3872,3.005
phenprocoumon,7LPD,3873,3.038
venetoclax,7LPD,3874,3.14
rifapentine,7LPD,3875,3.145
GW-1100,7LPD,3876,3.346
suvorexant,7LPD,3877,3.399
vindesine,7LPD,3878,3.416
isradipine,7LPD,3879,3.423
elinogrel,7LPD,3880,3.453
rifabutin,7LPD,3881,3.503
suvorexant,7LPD,3882,3.529
avatrombopag,7LPD,3883,3.622
elinogrel,7LPD,3884,3.626
amtolmetin-guacil,7LPD,3885,3.717
vincristine,7LPD,3886,3.753
candesartan-cilextil,7LPD,3887,3.962
vinblastine,7LPD,3888,4.008
LX7101,7LPD,3889,4.144
rhodamine-123,7LPD,3890,4.306
mepacrine,7LPD,3891,4.318
GW-1100,7LPD,3892,4.411
nicergoline,7LPD,3893,4.603
GW-1929,7LPD,3894,4.752
rifabutin,7LPD,3895,4.779
candesartan-cilextil,7LPD,3896,4.872
vinorelbine,7LPD,3897,4.876
vinblastine,7LPD,3898,4.885
RS-102221,7LPD,3899,4.935
ZK811752,7LPD,3900,4.943
LX7101,7LPD,3901,5.15
decoquinate,7LPD,3902,5.175
ZK811752,7LPD,3903,5.35
cevipabulin,7LPD,3904,5.589
suvorexant,7LPD,3905,5.885
RS-102221,7LPD,3906,5.915
mepacrine,7LPD,3907,6.264
vinorelbine,7LPD,3908,6.567
candesartan-cilextil,7LPD,3909,6.646
mepacrine,7LPD,3910,6.757
NMS-873,7LPD,3911,6.787
mepacrine,7LPD,3912,6.795
NMS-873,7LPD,3913,6.806
NBI-74330-(+_-),7LPD,3914,6.924
vinblastine,7LPD,3915,7.162
MK-6096,7LPD,3916,7.592
candesartan-cilextil,7LPD,3917,7.796
candesartan-cilextil,7LPD,3918,7.824
candesartan-cilextil,7LPD,3919,7.837
nicergoline,7LPD,3920,8.147
vinflunine,7LPD,3921,9.274
